store_code,sku,variant_sku,quantity
DPS-001,SEED-SHOP-001,,0
DPS-001,SEED-SHOP-004,,11
DPS-001,SEED-SHOP-005,,6
DPS-001,SEED-SHOP-006,SEED-SHOP-006-1,10
DPS-001,SEED-SHOP-006,SEED-SHOP-006-2,0
DPS-001,SEED-SHOP-009,SEED-SHOP-009-1,5
DPS-001,SEED-SHOP-010,SEED-SHOP-010-1,5
DPS-001,SEED-SHOP-010,SEED-SHOP-010-2,4
DPS-001,SEED-SHOP-013,,11
DPS-001,SEED-SHOP-015,SEED-SHOP-015-1,4
DPS-001,SEED-SHOP-015,SEED-SHOP-015-2,7
DPS-001,SEED-SHOP-016,,10
DPS-001,SEED-SHOP-017,,7
DPS-001,SEED-SHOP-021,,3
DPS-001,SEED-SHOP-022,,0
DPS-001,SEED-SHOP-023,,4
DPS-001,SEED-SHOP-025,,2
DPS-001,SEED-SHOP-026,SEED-SHOP-026-1,5
DPS-001,SEED-SHOP-026,SEED-SHOP-026-2,10
DPS-001,SEED-SHOP-027,SEED-SHOP-027-1,1
DPS-001,SEED-SHOP-027,SEED-SHOP-027-2,8
DPS-001,SEED-SHOP-028,,5
DPS-001,SEED-SHOP-029,,5
DPS-001,SEED-SHOP-030,,3
DPS-001,SEED-SHOP-031,,11
DPS-001,SEED-SHOP-032,,12
DPS-001,SEED-SHOP-034,SEED-SHOP-034-1,0
DPS-001,SEED-SHOP-034,SEED-SHOP-034-2,3
DPS-001,SEED-SHOP-035,SEED-SHOP-035-1,4
DPS-001,SEED-SHOP-035,SEED-SHOP-035-2,10
DPS-001,SEED-SHOP-038,SEED-SHOP-038-1,4
DPS-001,SEED-SHOP-038,SEED-SHOP-038-2,5
DPS-001,SEED-SHOP-041,SEED-SHOP-041-1,11
DPS-001,SEED-SHOP-041,SEED-SHOP-041-2,0
DPS-001,SEED-SHOP-044,,0
DPS-001,SEED-SHOP-049,SEED-SHOP-049-1,0
DPS-001,SEED-SHOP-049,SEED-SHOP-049-2,0
DPS-001,SEED-SHOP-052,SEED-SHOP-052-1,6
DPS-001,SEED-SHOP-052,SEED-SHOP-052-2,0
DPS-001,SEED-SHOP-053,,4
DPS-001,SEED-SHOP-054,SEED-SHOP-054-1,6
DPS-001,SEED-SHOP-054,SEED-SHOP-054-2,10
DPS-001,SEED-SHOP-055,,5
DPS-001,SEED-SHOP-056,SEED-SHOP-056-1,9
DPS-001,SEED-SHOP-056,SEED-SHOP-056-2,0
DPS-001,SEED-SHOP-057,SEED-SHOP-057-1,0
DPS-001,SEED-SHOP-057,SEED-SHOP-057-2,2
DPS-001,SEED-SHOP-059,,5
DPS-001,SEED-SHOP-060,,0
DPS-001,SEED-SHOP-061,,12
DPS-001,SEED-SHOP-062,,6
DPS-001,SEED-SHOP-063,SEED-SHOP-063-1,0
DPS-001,SEED-SHOP-063,SEED-SHOP-063-2,4
DPS-001,SEED-SHOP-065,,3
DPS-001,SEED-SHOP-066,,0
DPS-001,SEED-SHOP-070,SEED-SHOP-070-1,0
DPS-001,SEED-SHOP-070,SEED-SHOP-070-2,11
DPS-001,SEED-SHOP-071,,10
DPS-001,SEED-SHOP-073,SEED-SHOP-073-1,0
DPS-001,SEED-SHOP-073,SEED-SHOP-073-2,3
DPS-001,SEED-SHOP-076,SEED-SHOP-076-1,8
DPS-001,SEED-SHOP-078,,0
DPS-001,SEED-SHOP-079,SEED-SHOP-079-1,9
DPS-001,SEED-SHOP-079,SEED-SHOP-079-2,7
DPS-001,SEED-SHOP-080,SEED-SHOP-080-1,4
DPS-002,SEED-SHOP-003,,11
DPS-002,SEED-SHOP-004,,0
DPS-002,SEED-SHOP-005,,12
DPS-002,SEED-SHOP-008,SEED-SHOP-008-1,0
DPS-002,SEED-SHOP-009,SEED-SHOP-009-1,3
DPS-002,SEED-SHOP-013,,9
DPS-002,SEED-SHOP-015,SEED-SHOP-015-1,0
DPS-002,SEED-SHOP-015,SEED-SHOP-015-2,8
DPS-002,SEED-SHOP-016,,12
DPS-002,SEED-SHOP-017,,6
DPS-002,SEED-SHOP-018,,5
DPS-002,SEED-SHOP-022,,7
DPS-002,SEED-SHOP-023,,2
DPS-002,SEED-SHOP-025,,9
DPS-002,SEED-SHOP-032,,0
DPS-002,SEED-SHOP-033,SEED-SHOP-033-1,5
DPS-002,SEED-SHOP-033,SEED-SHOP-033-2,0
DPS-002,SEED-SHOP-035,SEED-SHOP-035-1,3
DPS-002,SEED-SHOP-035,SEED-SHOP-035-2,0
DPS-002,SEED-SHOP-039,SEED-SHOP-039-1,9
DPS-002,SEED-SHOP-039,SEED-SHOP-039-2,11
DPS-002,SEED-SHOP-040,,0
DPS-002,SEED-SHOP-042,,0
DPS-002,SEED-SHOP-043,,0
DPS-002,SEED-SHOP-044,,9
DPS-002,SEED-SHOP-045,SEED-SHOP-045-1,0
DPS-002,SEED-SHOP-045,SEED-SHOP-045-2,1
DPS-002,SEED-SHOP-046,,7
DPS-002,SEED-SHOP-047,,0
DPS-002,SEED-SHOP-050,SEED-SHOP-050-1,3
DPS-002,SEED-SHOP-050,SEED-SHOP-050-2,0
DPS-002,SEED-SHOP-052,SEED-SHOP-052-1,6
DPS-002,SEED-SHOP-052,SEED-SHOP-052-2,11
DPS-002,SEED-SHOP-053,,11
DPS-002,SEED-SHOP-055,,12
DPS-002,SEED-SHOP-059,,10
DPS-002,SEED-SHOP-060,,0
DPS-002,SEED-SHOP-062,,10
DPS-002,SEED-SHOP-063,SEED-SHOP-063-1,11
DPS-002,SEED-SHOP-063,SEED-SHOP-063-2,5
DPS-002,SEED-SHOP-064,,12
DPS-002,SEED-SHOP-066,,10
DPS-002,SEED-SHOP-067,,4
DPS-002,SEED-SHOP-069,SEED-SHOP-069-1,0
DPS-002,SEED-SHOP-069,SEED-SHOP-069-2,9
DPS-002,SEED-SHOP-070,SEED-SHOP-070-1,5
DPS-002,SEED-SHOP-070,SEED-SHOP-070-2,0
DPS-002,SEED-SHOP-072,SEED-SHOP-072-1,11
DPS-002,SEED-SHOP-072,SEED-SHOP-072-2,9
DPS-002,SEED-SHOP-074,SEED-SHOP-074-1,0
DPS-002,SEED-SHOP-074,SEED-SHOP-074-2,0
DPS-002,SEED-SHOP-076,SEED-SHOP-076-1,4
DPS-002,SEED-SHOP-077,,1
DPS-002,SEED-SHOP-080,SEED-SHOP-080-1,11
DPS-003,SEED-SHOP-001,,0
DPS-003,SEED-SHOP-003,,3
DPS-003,SEED-SHOP-004,,5
DPS-003,SEED-SHOP-005,,0
DPS-003,SEED-SHOP-009,SEED-SHOP-009-1,8
DPS-003,SEED-SHOP-010,SEED-SHOP-010-1,7
DPS-003,SEED-SHOP-010,SEED-SHOP-010-2,7
DPS-003,SEED-SHOP-012,SEED-SHOP-012-1,2
DPS-003,SEED-SHOP-012,SEED-SHOP-012-2,3
DPS-003,SEED-SHOP-014,,1
DPS-003,SEED-SHOP-017,,0
DPS-003,SEED-SHOP-018,,9
DPS-003,SEED-SHOP-021,,0
DPS-003,SEED-SHOP-022,,4
DPS-003,SEED-SHOP-025,,5
DPS-003,SEED-SHOP-026,SEED-SHOP-026-1,4
DPS-003,SEED-SHOP-026,SEED-SHOP-026-2,10
DPS-003,SEED-SHOP-027,SEED-SHOP-027-1,8
DPS-003,SEED-SHOP-027,SEED-SHOP-027-2,11
DPS-003,SEED-SHOP-029,,0
DPS-003,SEED-SHOP-030,,9
DPS-003,SEED-SHOP-031,,3
DPS-003,SEED-SHOP-032,,3
DPS-003,SEED-SHOP-035,SEED-SHOP-035-1,0
DPS-003,SEED-SHOP-035,SEED-SHOP-035-2,10
DPS-003,SEED-SHOP-036,,11
DPS-003,SEED-SHOP-039,SEED-SHOP-039-1,0
DPS-003,SEED-SHOP-039,SEED-SHOP-039-2,8
DPS-003,SEED-SHOP-040,,0
DPS-003,SEED-SHOP-043,,10
DPS-003,SEED-SHOP-044,,3
DPS-003,SEED-SHOP-045,SEED-SHOP-045-1,6
DPS-003,SEED-SHOP-045,SEED-SHOP-045-2,0
DPS-003,SEED-SHOP-048,,0
DPS-003,SEED-SHOP-050,SEED-SHOP-050-1,7
DPS-003,SEED-SHOP-050,SEED-SHOP-050-2,0
DPS-003,SEED-SHOP-053,,4
DPS-003,SEED-SHOP-054,SEED-SHOP-054-1,0
DPS-003,SEED-SHOP-054,SEED-SHOP-054-2,8
DPS-003,SEED-SHOP-055,,10
DPS-003,SEED-SHOP-057,SEED-SHOP-057-1,0
DPS-003,SEED-SHOP-057,SEED-SHOP-057-2,5
DPS-003,SEED-SHOP-059,,12
DPS-003,SEED-SHOP-060,,0
DPS-003,SEED-SHOP-064,,4
DPS-003,SEED-SHOP-065,,9
DPS-003,SEED-SHOP-066,,0
DPS-003,SEED-SHOP-070,SEED-SHOP-070-1,8
DPS-003,SEED-SHOP-070,SEED-SHOP-070-2,5
DPS-003,SEED-SHOP-071,,0
DPS-003,SEED-SHOP-072,SEED-SHOP-072-1,6
DPS-003,SEED-SHOP-072,SEED-SHOP-072-2,0
DPS-003,SEED-SHOP-073,SEED-SHOP-073-1,1
DPS-003,SEED-SHOP-073,SEED-SHOP-073-2,5
DPS-003,SEED-SHOP-074,SEED-SHOP-074-1,8
DPS-003,SEED-SHOP-074,SEED-SHOP-074-2,10
DPS-003,SEED-SHOP-075,,10
DPS-003,SEED-SHOP-076,SEED-SHOP-076-1,4
DPS-003,SEED-SHOP-080,SEED-SHOP-080-1,4
DPS-004,SEED-SHOP-001,,1
DPS-004,SEED-SHOP-002,SEED-SHOP-002-1,0
DPS-004,SEED-SHOP-002,SEED-SHOP-002-2,0
DPS-004,SEED-SHOP-003,,12
DPS-004,SEED-SHOP-006,SEED-SHOP-006-1,0
DPS-004,SEED-SHOP-006,SEED-SHOP-006-2,0
DPS-004,SEED-SHOP-009,SEED-SHOP-009-1,0
DPS-004,SEED-SHOP-010,SEED-SHOP-010-1,11
DPS-004,SEED-SHOP-010,SEED-SHOP-010-2,7
DPS-004,SEED-SHOP-012,SEED-SHOP-012-1,5
DPS-004,SEED-SHOP-012,SEED-SHOP-012-2,12
DPS-004,SEED-SHOP-013,,0
DPS-004,SEED-SHOP-016,,4
DPS-004,SEED-SHOP-017,,8
DPS-004,SEED-SHOP-018,,4
DPS-004,SEED-SHOP-019,SEED-SHOP-019-1,5
DPS-004,SEED-SHOP-019,SEED-SHOP-019-2,8
DPS-004,SEED-SHOP-020,,0
DPS-004,SEED-SHOP-021,,12
DPS-004,SEED-SHOP-022,,5
DPS-004,SEED-SHOP-023,,1
DPS-004,SEED-SHOP-028,,3
DPS-004,SEED-SHOP-029,,0
DPS-004,SEED-SHOP-030,,8
DPS-004,SEED-SHOP-032,,0
DPS-004,SEED-SHOP-035,SEED-SHOP-035-1,6
DPS-004,SEED-SHOP-035,SEED-SHOP-035-2,10
DPS-004,SEED-SHOP-037,,0
DPS-004,SEED-SHOP-040,,8
DPS-004,SEED-SHOP-042,,0
DPS-004,SEED-SHOP-044,,0
DPS-004,SEED-SHOP-045,SEED-SHOP-045-1,6
DPS-004,SEED-SHOP-045,SEED-SHOP-045-2,12
DPS-004,SEED-SHOP-046,,0
DPS-004,SEED-SHOP-048,,0
DPS-004,SEED-SHOP-049,SEED-SHOP-049-1,1
DPS-004,SEED-SHOP-049,SEED-SHOP-049-2,7
DPS-004,SEED-SHOP-050,SEED-SHOP-050-1,6
DPS-004,SEED-SHOP-050,SEED-SHOP-050-2,8
DPS-004,SEED-SHOP-051,,2
DPS-004,SEED-SHOP-053,,0
DPS-004,SEED-SHOP-056,SEED-SHOP-056-1,7
DPS-004,SEED-SHOP-056,SEED-SHOP-056-2,4
DPS-004,SEED-SHOP-057,SEED-SHOP-057-1,6
DPS-004,SEED-SHOP-057,SEED-SHOP-057-2,0
DPS-004,SEED-SHOP-059,,0
DPS-004,SEED-SHOP-060,,7
DPS-004,SEED-SHOP-062,,2
DPS-004,SEED-SHOP-064,,0
DPS-004,SEED-SHOP-065,,0
DPS-004,SEED-SHOP-067,,2
DPS-004,SEED-SHOP-068,SEED-SHOP-068-1,0
DPS-004,SEED-SHOP-068,SEED-SHOP-068-2,8
DPS-004,SEED-SHOP-069,SEED-SHOP-069-1,1
DPS-004,SEED-SHOP-069,SEED-SHOP-069-2,1
DPS-004,SEED-SHOP-070,SEED-SHOP-070-1,5
DPS-004,SEED-SHOP-070,SEED-SHOP-070-2,0
DPS-004,SEED-SHOP-072,SEED-SHOP-072-1,2
DPS-004,SEED-SHOP-072,SEED-SHOP-072-2,7
DPS-004,SEED-SHOP-073,SEED-SHOP-073-1,0
DPS-004,SEED-SHOP-073,SEED-SHOP-073-2,0
DPS-004,SEED-SHOP-077,,2
DPS-004,SEED-SHOP-078,,9
DPS-004,SEED-SHOP-080,SEED-SHOP-080-1,5
DPS-005,SEED-SHOP-003,,0
DPS-005,SEED-SHOP-004,,6
DPS-005,SEED-SHOP-008,SEED-SHOP-008-1,0
DPS-005,SEED-SHOP-010,SEED-SHOP-010-1,3
DPS-005,SEED-SHOP-010,SEED-SHOP-010-2,10
DPS-005,SEED-SHOP-012,SEED-SHOP-012-1,7
DPS-005,SEED-SHOP-012,SEED-SHOP-012-2,12
DPS-005,SEED-SHOP-014,,11
DPS-005,SEED-SHOP-016,,1
DPS-005,SEED-SHOP-017,,7
DPS-005,SEED-SHOP-019,SEED-SHOP-019-1,1
DPS-005,SEED-SHOP-019,SEED-SHOP-019-2,4
DPS-005,SEED-SHOP-021,,9
DPS-005,SEED-SHOP-022,,12
DPS-005,SEED-SHOP-023,,0
DPS-005,SEED-SHOP-026,SEED-SHOP-026-1,1
DPS-005,SEED-SHOP-026,SEED-SHOP-026-2,2
DPS-005,SEED-SHOP-028,,3
DPS-005,SEED-SHOP-029,,7
DPS-005,SEED-SHOP-030,,12
DPS-005,SEED-SHOP-037,,6
DPS-005,SEED-SHOP-038,SEED-SHOP-038-1,5
DPS-005,SEED-SHOP-038,SEED-SHOP-038-2,3
DPS-005,SEED-SHOP-039,SEED-SHOP-039-1,9
DPS-005,SEED-SHOP-039,SEED-SHOP-039-2,0
DPS-005,SEED-SHOP-041,SEED-SHOP-041-1,7
DPS-005,SEED-SHOP-041,SEED-SHOP-041-2,7
DPS-005,SEED-SHOP-045,SEED-SHOP-045-1,11
DPS-005,SEED-SHOP-045,SEED-SHOP-045-2,10
DPS-005,SEED-SHOP-046,,0
DPS-005,SEED-SHOP-048,,0
DPS-005,SEED-SHOP-049,SEED-SHOP-049-1,0
DPS-005,SEED-SHOP-049,SEED-SHOP-049-2,0
DPS-005,SEED-SHOP-050,SEED-SHOP-050-1,1
DPS-005,SEED-SHOP-050,SEED-SHOP-050-2,6
DPS-005,SEED-SHOP-051,,1
DPS-005,SEED-SHOP-054,SEED-SHOP-054-1,11
DPS-005,SEED-SHOP-054,SEED-SHOP-054-2,9
DPS-005,SEED-SHOP-056,SEED-SHOP-056-1,10
DPS-005,SEED-SHOP-056,SEED-SHOP-056-2,8
DPS-005,SEED-SHOP-057,SEED-SHOP-057-1,11
DPS-005,SEED-SHOP-057,SEED-SHOP-057-2,0
DPS-005,SEED-SHOP-061,,11
DPS-005,SEED-SHOP-062,,0
DPS-005,SEED-SHOP-063,SEED-SHOP-063-1,6
DPS-005,SEED-SHOP-063,SEED-SHOP-063-2,1
DPS-005,SEED-SHOP-065,,10
DPS-005,SEED-SHOP-067,,2
DPS-005,SEED-SHOP-068,SEED-SHOP-068-1,0
DPS-005,SEED-SHOP-068,SEED-SHOP-068-2,2
DPS-005,SEED-SHOP-070,SEED-SHOP-070-1,0
DPS-005,SEED-SHOP-070,SEED-SHOP-070-2,9
DPS-005,SEED-SHOP-074,SEED-SHOP-074-1,9
DPS-005,SEED-SHOP-074,SEED-SHOP-074-2,5
DPS-005,SEED-SHOP-076,SEED-SHOP-076-1,0
DPS-005,SEED-SHOP-077,,0
DPS-006,SEED-SHOP-003,,10
DPS-006,SEED-SHOP-004,,8
DPS-006,SEED-SHOP-006,SEED-SHOP-006-1,0
DPS-006,SEED-SHOP-006,SEED-SHOP-006-2,4
DPS-006,SEED-SHOP-007,,3
DPS-006,SEED-SHOP-009,SEED-SHOP-009-1,0
DPS-006,SEED-SHOP-011,SEED-SHOP-011-1,0
DPS-006,SEED-SHOP-011,SEED-SHOP-011-2,9
DPS-006,SEED-SHOP-012,SEED-SHOP-012-1,12
DPS-006,SEED-SHOP-012,SEED-SHOP-012-2,0
DPS-006,SEED-SHOP-013,,10
DPS-006,SEED-SHOP-014,,8
DPS-006,SEED-SHOP-015,SEED-SHOP-015-1,11
DPS-006,SEED-SHOP-015,SEED-SHOP-015-2,6
DPS-006,SEED-SHOP-017,,0
DPS-006,SEED-SHOP-023,,0
DPS-006,SEED-SHOP-024,,0
DPS-006,SEED-SHOP-025,,7
DPS-006,SEED-SHOP-026,SEED-SHOP-026-1,6
DPS-006,SEED-SHOP-026,SEED-SHOP-026-2,4
DPS-006,SEED-SHOP-029,,6
DPS-006,SEED-SHOP-030,,4
DPS-006,SEED-SHOP-032,,5
DPS-006,SEED-SHOP-033,SEED-SHOP-033-1,1
DPS-006,SEED-SHOP-033,SEED-SHOP-033-2,10
DPS-006,SEED-SHOP-034,SEED-SHOP-034-1,7
DPS-006,SEED-SHOP-034,SEED-SHOP-034-2,3
DPS-006,SEED-SHOP-035,SEED-SHOP-035-1,0
DPS-006,SEED-SHOP-035,SEED-SHOP-035-2,0
DPS-006,SEED-SHOP-042,,0
DPS-006,SEED-SHOP-046,,0
DPS-006,SEED-SHOP-047,,0
DPS-006,SEED-SHOP-048,,6
DPS-006,SEED-SHOP-049,SEED-SHOP-049-1,8
DPS-006,SEED-SHOP-049,SEED-SHOP-049-2,0
DPS-006,SEED-SHOP-053,,7
DPS-006,SEED-SHOP-055,,0
DPS-006,SEED-SHOP-056,SEED-SHOP-056-1,6
DPS-006,SEED-SHOP-056,SEED-SHOP-056-2,0
DPS-006,SEED-SHOP-057,SEED-SHOP-057-1,0
DPS-006,SEED-SHOP-057,SEED-SHOP-057-2,10
DPS-006,SEED-SHOP-059,,0
DPS-006,SEED-SHOP-061,,0
DPS-006,SEED-SHOP-062,,3
DPS-006,SEED-SHOP-063,SEED-SHOP-063-1,4
DPS-006,SEED-SHOP-063,SEED-SHOP-063-2,0
DPS-006,SEED-SHOP-064,,0
DPS-006,SEED-SHOP-065,,5
DPS-006,SEED-SHOP-066,,2
DPS-006,SEED-SHOP-067,,8
DPS-006,SEED-SHOP-072,SEED-SHOP-072-1,9
DPS-006,SEED-SHOP-072,SEED-SHOP-072-2,0
DPS-006,SEED-SHOP-074,SEED-SHOP-074-1,11
DPS-006,SEED-SHOP-074,SEED-SHOP-074-2,9
DPS-006,SEED-SHOP-075,,9
DPS-006,SEED-SHOP-077,,0
DPS-006,SEED-SHOP-078,,9
DPS-006,SEED-SHOP-080,SEED-SHOP-080-1,5
DPS-007,SEED-SHOP-002,SEED-SHOP-002-1,12
DPS-007,SEED-SHOP-002,SEED-SHOP-002-2,0
DPS-007,SEED-SHOP-005,,8
DPS-007,SEED-SHOP-006,SEED-SHOP-006-1,8
DPS-007,SEED-SHOP-006,SEED-SHOP-006-2,9
DPS-007,SEED-SHOP-007,,0
DPS-007,SEED-SHOP-008,SEED-SHOP-008-1,0
DPS-007,SEED-SHOP-009,SEED-SHOP-009-1,0
DPS-007,SEED-SHOP-010,SEED-SHOP-010-1,6
DPS-007,SEED-SHOP-010,SEED-SHOP-010-2,0
DPS-007,SEED-SHOP-013,,7
DPS-007,SEED-SHOP-014,,0
DPS-007,SEED-SHOP-017,,0
DPS-007,SEED-SHOP-020,,11
DPS-007,SEED-SHOP-022,,12
DPS-007,SEED-SHOP-023,,0
DPS-007,SEED-SHOP-025,,12
DPS-007,SEED-SHOP-027,SEED-SHOP-027-1,7
DPS-007,SEED-SHOP-027,SEED-SHOP-027-2,12
DPS-007,SEED-SHOP-028,,12
DPS-007,SEED-SHOP-032,,10
DPS-007,SEED-SHOP-034,SEED-SHOP-034-1,1
DPS-007,SEED-SHOP-034,SEED-SHOP-034-2,12
DPS-007,SEED-SHOP-038,SEED-SHOP-038-1,9
DPS-007,SEED-SHOP-038,SEED-SHOP-038-2,11
DPS-007,SEED-SHOP-040,,0
DPS-007,SEED-SHOP-042,,0
DPS-007,SEED-SHOP-043,,0
DPS-007,SEED-SHOP-047,,0
DPS-007,SEED-SHOP-049,SEED-SHOP-049-1,2
DPS-007,SEED-SHOP-049,SEED-SHOP-049-2,2
DPS-007,SEED-SHOP-052,SEED-SHOP-052-1,0
DPS-007,SEED-SHOP-052,SEED-SHOP-052-2,0
DPS-007,SEED-SHOP-054,SEED-SHOP-054-1,9
DPS-007,SEED-SHOP-054,SEED-SHOP-054-2,10
DPS-007,SEED-SHOP-057,SEED-SHOP-057-1,9
DPS-007,SEED-SHOP-057,SEED-SHOP-057-2,0
DPS-007,SEED-SHOP-059,,3
DPS-007,SEED-SHOP-062,,11
DPS-007,SEED-SHOP-063,SEED-SHOP-063-1,0
DPS-007,SEED-SHOP-063,SEED-SHOP-063-2,1
DPS-007,SEED-SHOP-066,,12
DPS-007,SEED-SHOP-067,,0
DPS-007,SEED-SHOP-068,SEED-SHOP-068-1,0
DPS-007,SEED-SHOP-068,SEED-SHOP-068-2,0
DPS-007,SEED-SHOP-069,SEED-SHOP-069-1,8
DPS-007,SEED-SHOP-069,SEED-SHOP-069-2,4
DPS-007,SEED-SHOP-070,SEED-SHOP-070-1,6
DPS-007,SEED-SHOP-070,SEED-SHOP-070-2,6
DPS-007,SEED-SHOP-072,SEED-SHOP-072-1,0
DPS-007,SEED-SHOP-072,SEED-SHOP-072-2,0
DPS-007,SEED-SHOP-076,SEED-SHOP-076-1,9
DPS-007,SEED-SHOP-079,SEED-SHOP-079-1,11
DPS-007,SEED-SHOP-079,SEED-SHOP-079-2,3
DPS-008,SEED-SHOP-001,,12
DPS-008,SEED-SHOP-005,,12
DPS-008,SEED-SHOP-006,SEED-SHOP-006-1,0
DPS-008,SEED-SHOP-006,SEED-SHOP-006-2,0
DPS-008,SEED-SHOP-011,SEED-SHOP-011-1,7
DPS-008,SEED-SHOP-011,SEED-SHOP-011-2,9
DPS-008,SEED-SHOP-012,SEED-SHOP-012-1,4
DPS-008,SEED-SHOP-012,SEED-SHOP-012-2,4
DPS-008,SEED-SHOP-013,,4
DPS-008,SEED-SHOP-015,SEED-SHOP-015-1,12
DPS-008,SEED-SHOP-015,SEED-SHOP-015-2,4
DPS-008,SEED-SHOP-016,,6
DPS-008,SEED-SHOP-017,,10
DPS-008,SEED-SHOP-018,,0
DPS-008,SEED-SHOP-019,SEED-SHOP-019-1,5
DPS-008,SEED-SHOP-019,SEED-SHOP-019-2,0
DPS-008,SEED-SHOP-023,,11
DPS-008,SEED-SHOP-024,,12
DPS-008,SEED-SHOP-025,,12
DPS-008,SEED-SHOP-030,,0
DPS-008,SEED-SHOP-031,,5
DPS-008,SEED-SHOP-032,,0
DPS-008,SEED-SHOP-033,SEED-SHOP-033-1,2
DPS-008,SEED-SHOP-033,SEED-SHOP-033-2,11
DPS-008,SEED-SHOP-035,SEED-SHOP-035-1,5
DPS-008,SEED-SHOP-035,SEED-SHOP-035-2,0
DPS-008,SEED-SHOP-036,,10
DPS-008,SEED-SHOP-037,,0
DPS-008,SEED-SHOP-038,SEED-SHOP-038-1,6
DPS-008,SEED-SHOP-038,SEED-SHOP-038-2,1
DPS-008,SEED-SHOP-040,,0
DPS-008,SEED-SHOP-041,SEED-SHOP-041-1,10
DPS-008,SEED-SHOP-041,SEED-SHOP-041-2,6
DPS-008,SEED-SHOP-042,,0
DPS-008,SEED-SHOP-043,,7
DPS-008,SEED-SHOP-044,,9
DPS-008,SEED-SHOP-047,,0
DPS-008,SEED-SHOP-048,,11
DPS-008,SEED-SHOP-049,SEED-SHOP-049-1,6
DPS-008,SEED-SHOP-049,SEED-SHOP-049-2,0
DPS-008,SEED-SHOP-055,,12
DPS-008,SEED-SHOP-056,SEED-SHOP-056-1,0
DPS-008,SEED-SHOP-056,SEED-SHOP-056-2,3
DPS-008,SEED-SHOP-058,,0
DPS-008,SEED-SHOP-059,,7
DPS-008,SEED-SHOP-060,,11
DPS-008,SEED-SHOP-066,,8
DPS-008,SEED-SHOP-067,,11
DPS-008,SEED-SHOP-068,SEED-SHOP-068-1,11
DPS-008,SEED-SHOP-068,SEED-SHOP-068-2,3
DPS-008,SEED-SHOP-072,SEED-SHOP-072-1,5
DPS-008,SEED-SHOP-072,SEED-SHOP-072-2,2
DPS-008,SEED-SHOP-074,SEED-SHOP-074-1,12
DPS-008,SEED-SHOP-074,SEED-SHOP-074-2,11
UBD-001,SEED-SHOP-002,SEED-SHOP-002-1,6
UBD-001,SEED-SHOP-002,SEED-SHOP-002-2,9
UBD-001,SEED-SHOP-007,,8
UBD-001,SEED-SHOP-010,SEED-SHOP-010-1,11
UBD-001,SEED-SHOP-010,SEED-SHOP-010-2,10
UBD-001,SEED-SHOP-012,SEED-SHOP-012-1,6
UBD-001,SEED-SHOP-012,SEED-SHOP-012-2,11
UBD-001,SEED-SHOP-013,,0
UBD-001,SEED-SHOP-014,,0
UBD-001,SEED-SHOP-017,,8
UBD-001,SEED-SHOP-019,SEED-SHOP-019-1,5
UBD-001,SEED-SHOP-019,SEED-SHOP-019-2,4
UBD-001,SEED-SHOP-020,,11
UBD-001,SEED-SHOP-021,,2
UBD-001,SEED-SHOP-025,,7
UBD-001,SEED-SHOP-028,,10
UBD-001,SEED-SHOP-031,,6
UBD-001,SEED-SHOP-032,,0
UBD-001,SEED-SHOP-034,SEED-SHOP-034-1,6
UBD-001,SEED-SHOP-034,SEED-SHOP-034-2,1
UBD-001,SEED-SHOP-035,SEED-SHOP-035-1,12
UBD-001,SEED-SHOP-035,SEED-SHOP-035-2,0
UBD-001,SEED-SHOP-036,,0
UBD-001,SEED-SHOP-037,,10
UBD-001,SEED-SHOP-039,SEED-SHOP-039-1,12
UBD-001,SEED-SHOP-039,SEED-SHOP-039-2,5
UBD-001,SEED-SHOP-040,,7
UBD-001,SEED-SHOP-043,,1
UBD-001,SEED-SHOP-044,,5
UBD-001,SEED-SHOP-045,SEED-SHOP-045-1,0
UBD-001,SEED-SHOP-045,SEED-SHOP-045-2,8
UBD-001,SEED-SHOP-046,,6
UBD-001,SEED-SHOP-047,,0
UBD-001,SEED-SHOP-048,,0
UBD-001,SEED-SHOP-049,SEED-SHOP-049-1,9
UBD-001,SEED-SHOP-049,SEED-SHOP-049-2,3
UBD-001,SEED-SHOP-051,,6
UBD-001,SEED-SHOP-052,SEED-SHOP-052-1,5
UBD-001,SEED-SHOP-052,SEED-SHOP-052-2,2
UBD-001,SEED-SHOP-054,SEED-SHOP-054-1,7
UBD-001,SEED-SHOP-054,SEED-SHOP-054-2,6
UBD-001,SEED-SHOP-062,,1
UBD-001,SEED-SHOP-064,,4
UBD-001,SEED-SHOP-067,,5
UBD-001,SEED-SHOP-068,SEED-SHOP-068-1,9
UBD-001,SEED-SHOP-068,SEED-SHOP-068-2,1
UBD-001,SEED-SHOP-070,SEED-SHOP-070-1,12
UBD-001,SEED-SHOP-070,SEED-SHOP-070-2,0
UBD-001,SEED-SHOP-071,,6
UBD-001,SEED-SHOP-072,SEED-SHOP-072-1,11
UBD-001,SEED-SHOP-072,SEED-SHOP-072-2,0
UBD-001,SEED-SHOP-073,SEED-SHOP-073-1,9
UBD-001,SEED-SHOP-073,SEED-SHOP-073-2,11
UBD-001,SEED-SHOP-074,SEED-SHOP-074-1,1
UBD-001,SEED-SHOP-074,SEED-SHOP-074-2,0
UBD-001,SEED-SHOP-076,SEED-SHOP-076-1,9
UBD-001,SEED-SHOP-077,,6
UBD-001,SEED-SHOP-078,,5
UBD-001,SEED-SHOP-079,SEED-SHOP-079-1,2
UBD-001,SEED-SHOP-079,SEED-SHOP-079-2,6
UBD-001,SEED-SHOP-080,SEED-SHOP-080-1,7
UBD-002,SEED-SHOP-001,,0
UBD-002,SEED-SHOP-002,SEED-SHOP-002-1,0
UBD-002,SEED-SHOP-002,SEED-SHOP-002-2,7
UBD-002,SEED-SHOP-004,,2
UBD-002,SEED-SHOP-005,,6
UBD-002,SEED-SHOP-006,SEED-SHOP-006-1,8
UBD-002,SEED-SHOP-006,SEED-SHOP-006-2,0
UBD-002,SEED-SHOP-010,SEED-SHOP-010-1,10
UBD-002,SEED-SHOP-010,SEED-SHOP-010-2,2
UBD-002,SEED-SHOP-011,SEED-SHOP-011-1,0
UBD-002,SEED-SHOP-011,SEED-SHOP-011-2,0
UBD-002,SEED-SHOP-013,,4
UBD-002,SEED-SHOP-014,,0
UBD-002,SEED-SHOP-015,SEED-SHOP-015-1,2
UBD-002,SEED-SHOP-015,SEED-SHOP-015-2,8
UBD-002,SEED-SHOP-016,,0
UBD-002,SEED-SHOP-018,,10
UBD-002,SEED-SHOP-019,SEED-SHOP-019-1,8
UBD-002,SEED-SHOP-019,SEED-SHOP-019-2,6
UBD-002,SEED-SHOP-020,,5
UBD-002,SEED-SHOP-022,,12
UBD-002,SEED-SHOP-023,,0
UBD-002,SEED-SHOP-024,,7
UBD-002,SEED-SHOP-025,,0
UBD-002,SEED-SHOP-026,SEED-SHOP-026-1,2
UBD-002,SEED-SHOP-026,SEED-SHOP-026-2,12
UBD-002,SEED-SHOP-027,SEED-SHOP-027-1,7
UBD-002,SEED-SHOP-027,SEED-SHOP-027-2,9
UBD-002,SEED-SHOP-028,,0
UBD-002,SEED-SHOP-034,SEED-SHOP-034-1,11
UBD-002,SEED-SHOP-034,SEED-SHOP-034-2,4
UBD-002,SEED-SHOP-040,,0
UBD-002,SEED-SHOP-042,,0
UBD-002,SEED-SHOP-045,SEED-SHOP-045-1,8
UBD-002,SEED-SHOP-045,SEED-SHOP-045-2,2
UBD-002,SEED-SHOP-046,,0
UBD-002,SEED-SHOP-049,SEED-SHOP-049-1,0
UBD-002,SEED-SHOP-049,SEED-SHOP-049-2,1
UBD-002,SEED-SHOP-050,SEED-SHOP-050-1,1
UBD-002,SEED-SHOP-050,SEED-SHOP-050-2,11
UBD-002,SEED-SHOP-051,,2
UBD-002,SEED-SHOP-061,,7
UBD-002,SEED-SHOP-062,,4
UBD-002,SEED-SHOP-063,SEED-SHOP-063-1,10
UBD-002,SEED-SHOP-063,SEED-SHOP-063-2,0
UBD-002,SEED-SHOP-064,,5
UBD-002,SEED-SHOP-065,,4
UBD-002,SEED-SHOP-068,SEED-SHOP-068-1,0
UBD-002,SEED-SHOP-068,SEED-SHOP-068-2,10
UBD-002,SEED-SHOP-070,SEED-SHOP-070-1,0
UBD-002,SEED-SHOP-070,SEED-SHOP-070-2,0
UBD-002,SEED-SHOP-072,SEED-SHOP-072-1,0
UBD-002,SEED-SHOP-072,SEED-SHOP-072-2,5
UBD-002,SEED-SHOP-074,SEED-SHOP-074-1,11
UBD-002,SEED-SHOP-074,SEED-SHOP-074-2,0
UBD-002,SEED-SHOP-075,,6
UBD-002,SEED-SHOP-080,SEED-SHOP-080-1,6
UBD-003,SEED-SHOP-001,,5
UBD-003,SEED-SHOP-002,SEED-SHOP-002-1,8
UBD-003,SEED-SHOP-002,SEED-SHOP-002-2,2
UBD-003,SEED-SHOP-003,,8
UBD-003,SEED-SHOP-004,,2
UBD-003,SEED-SHOP-007,,1
UBD-003,SEED-SHOP-009,SEED-SHOP-009-1,6
UBD-003,SEED-SHOP-010,SEED-SHOP-010-1,10
UBD-003,SEED-SHOP-010,SEED-SHOP-010-2,0
UBD-003,SEED-SHOP-011,SEED-SHOP-011-1,3
UBD-003,SEED-SHOP-011,SEED-SHOP-011-2,8
UBD-003,SEED-SHOP-013,,0
UBD-003,SEED-SHOP-014,,0
UBD-003,SEED-SHOP-016,,10
UBD-003,SEED-SHOP-017,,11
UBD-003,SEED-SHOP-018,,7
UBD-003,SEED-SHOP-019,SEED-SHOP-019-1,8
UBD-003,SEED-SHOP-019,SEED-SHOP-019-2,3
UBD-003,SEED-SHOP-020,,11
UBD-003,SEED-SHOP-022,,0
UBD-003,SEED-SHOP-025,,2
UBD-003,SEED-SHOP-026,SEED-SHOP-026-1,4
UBD-003,SEED-SHOP-026,SEED-SHOP-026-2,0
UBD-003,SEED-SHOP-029,,7
UBD-003,SEED-SHOP-030,,7
UBD-003,SEED-SHOP-031,,3
UBD-003,SEED-SHOP-036,,0
UBD-003,SEED-SHOP-037,,7
UBD-003,SEED-SHOP-039,SEED-SHOP-039-1,7
UBD-003,SEED-SHOP-039,SEED-SHOP-039-2,6
UBD-003,SEED-SHOP-040,,11
UBD-003,SEED-SHOP-041,SEED-SHOP-041-1,3
UBD-003,SEED-SHOP-041,SEED-SHOP-041-2,5
UBD-003,SEED-SHOP-042,,0
UBD-003,SEED-SHOP-044,,0
UBD-003,SEED-SHOP-045,SEED-SHOP-045-1,10
UBD-003,SEED-SHOP-045,SEED-SHOP-045-2,6
UBD-003,SEED-SHOP-046,,11
UBD-003,SEED-SHOP-047,,0
UBD-003,SEED-SHOP-048,,0
UBD-003,SEED-SHOP-050,SEED-SHOP-050-1,10
UBD-003,SEED-SHOP-050,SEED-SHOP-050-2,10
UBD-003,SEED-SHOP-051,,2
UBD-003,SEED-SHOP-052,SEED-SHOP-052-1,0
UBD-003,SEED-SHOP-052,SEED-SHOP-052-2,0
UBD-003,SEED-SHOP-054,SEED-SHOP-054-1,1
UBD-003,SEED-SHOP-054,SEED-SHOP-054-2,11
UBD-003,SEED-SHOP-055,,5
UBD-003,SEED-SHOP-059,,4
UBD-003,SEED-SHOP-063,SEED-SHOP-063-1,5
UBD-003,SEED-SHOP-063,SEED-SHOP-063-2,5
UBD-003,SEED-SHOP-066,,11
UBD-003,SEED-SHOP-069,SEED-SHOP-069-1,12
UBD-003,SEED-SHOP-069,SEED-SHOP-069-2,8
UBD-003,SEED-SHOP-072,SEED-SHOP-072-1,6
UBD-003,SEED-SHOP-072,SEED-SHOP-072-2,3
UBD-003,SEED-SHOP-073,SEED-SHOP-073-1,8
UBD-003,SEED-SHOP-073,SEED-SHOP-073-2,0
UBD-003,SEED-SHOP-075,,0
UBD-003,SEED-SHOP-077,,0
UBD-003,SEED-SHOP-078,,0
UBD-003,SEED-SHOP-079,SEED-SHOP-079-1,0
UBD-003,SEED-SHOP-079,SEED-SHOP-079-2,5
UBD-003,SEED-SHOP-080,SEED-SHOP-080-1,6
UBD-004,SEED-SHOP-002,SEED-SHOP-002-1,0
UBD-004,SEED-SHOP-002,SEED-SHOP-002-2,9
UBD-004,SEED-SHOP-005,,1
UBD-004,SEED-SHOP-007,,5
UBD-004,SEED-SHOP-009,SEED-SHOP-009-1,8
UBD-004,SEED-SHOP-010,SEED-SHOP-010-1,1
UBD-004,SEED-SHOP-010,SEED-SHOP-010-2,1
UBD-004,SEED-SHOP-013,,4
UBD-004,SEED-SHOP-014,,6
UBD-004,SEED-SHOP-016,,11
UBD-004,SEED-SHOP-017,,0
UBD-004,SEED-SHOP-018,,7
UBD-004,SEED-SHOP-019,SEED-SHOP-019-1,0
UBD-004,SEED-SHOP-019,SEED-SHOP-019-2,10
UBD-004,SEED-SHOP-020,,1
UBD-004,SEED-SHOP-024,,0
UBD-004,SEED-SHOP-025,,12
UBD-004,SEED-SHOP-028,,7
UBD-004,SEED-SHOP-030,,4
UBD-004,SEED-SHOP-031,,8
UBD-004,SEED-SHOP-032,,1
UBD-004,SEED-SHOP-033,SEED-SHOP-033-1,6
UBD-004,SEED-SHOP-033,SEED-SHOP-033-2,5
UBD-004,SEED-SHOP-036,,9
UBD-004,SEED-SHOP-038,SEED-SHOP-038-1,11
UBD-004,SEED-SHOP-038,SEED-SHOP-038-2,6
UBD-004,SEED-SHOP-039,SEED-SHOP-039-1,6
UBD-004,SEED-SHOP-039,SEED-SHOP-039-2,0
UBD-004,SEED-SHOP-042,,0
UBD-004,SEED-SHOP-043,,0
UBD-004,SEED-SHOP-044,,8
UBD-004,SEED-SHOP-046,,12
UBD-004,SEED-SHOP-049,SEED-SHOP-049-1,11
UBD-004,SEED-SHOP-049,SEED-SHOP-049-2,0
UBD-004,SEED-SHOP-050,SEED-SHOP-050-1,6
UBD-004,SEED-SHOP-050,SEED-SHOP-050-2,12
UBD-004,SEED-SHOP-054,SEED-SHOP-054-1,5
UBD-004,SEED-SHOP-054,SEED-SHOP-054-2,0
UBD-004,SEED-SHOP-057,SEED-SHOP-057-1,2
UBD-004,SEED-SHOP-057,SEED-SHOP-057-2,1
UBD-004,SEED-SHOP-059,,0
UBD-004,SEED-SHOP-061,,8
UBD-004,SEED-SHOP-069,SEED-SHOP-069-1,8
UBD-004,SEED-SHOP-069,SEED-SHOP-069-2,9
UBD-004,SEED-SHOP-071,,10
UBD-004,SEED-SHOP-072,SEED-SHOP-072-1,8
UBD-004,SEED-SHOP-072,SEED-SHOP-072-2,6
UBD-004,SEED-SHOP-073,SEED-SHOP-073-1,10
UBD-004,SEED-SHOP-073,SEED-SHOP-073-2,0
UBD-004,SEED-SHOP-074,SEED-SHOP-074-1,5
UBD-004,SEED-SHOP-074,SEED-SHOP-074-2,12
UBD-004,SEED-SHOP-076,SEED-SHOP-076-1,12
UBD-004,SEED-SHOP-077,,2
UBD-004,SEED-SHOP-078,,12
UBD-004,SEED-SHOP-079,SEED-SHOP-079-1,0
UBD-004,SEED-SHOP-079,SEED-SHOP-079-2,3
UBD-004,SEED-SHOP-080,SEED-SHOP-080-1,2
UBD-005,SEED-SHOP-003,,7
UBD-005,SEED-SHOP-004,,0
UBD-005,SEED-SHOP-005,,0
UBD-005,SEED-SHOP-008,SEED-SHOP-008-1,0
UBD-005,SEED-SHOP-009,SEED-SHOP-009-1,3
UBD-005,SEED-SHOP-010,SEED-SHOP-010-1,11
UBD-005,SEED-SHOP-010,SEED-SHOP-010-2,6
UBD-005,SEED-SHOP-013,,0
UBD-005,SEED-SHOP-014,,5
UBD-005,SEED-SHOP-015,SEED-SHOP-015-1,8
UBD-005,SEED-SHOP-015,SEED-SHOP-015-2,5
UBD-005,SEED-SHOP-018,,1
UBD-005,SEED-SHOP-019,SEED-SHOP-019-1,0
UBD-005,SEED-SHOP-019,SEED-SHOP-019-2,4
UBD-005,SEED-SHOP-021,,0
UBD-005,SEED-SHOP-022,,0
UBD-005,SEED-SHOP-023,,7
UBD-005,SEED-SHOP-024,,2
UBD-005,SEED-SHOP-025,,4
UBD-005,SEED-SHOP-027,SEED-SHOP-027-1,0
UBD-005,SEED-SHOP-027,SEED-SHOP-027-2,0
UBD-005,SEED-SHOP-028,,0
UBD-005,SEED-SHOP-029,,0
UBD-005,SEED-SHOP-031,,0
UBD-005,SEED-SHOP-032,,0
UBD-005,SEED-SHOP-034,SEED-SHOP-034-1,9
UBD-005,SEED-SHOP-034,SEED-SHOP-034-2,1
UBD-005,SEED-SHOP-036,,4
UBD-005,SEED-SHOP-039,SEED-SHOP-039-1,7
UBD-005,SEED-SHOP-039,SEED-SHOP-039-2,9
UBD-005,SEED-SHOP-042,,0
UBD-005,SEED-SHOP-043,,10
UBD-005,SEED-SHOP-046,,11
UBD-005,SEED-SHOP-047,,0
UBD-005,SEED-SHOP-049,SEED-SHOP-049-1,11
UBD-005,SEED-SHOP-049,SEED-SHOP-049-2,6
UBD-005,SEED-SHOP-050,SEED-SHOP-050-1,7
UBD-005,SEED-SHOP-050,SEED-SHOP-050-2,0
UBD-005,SEED-SHOP-051,,12
UBD-005,SEED-SHOP-052,SEED-SHOP-052-1,0
UBD-005,SEED-SHOP-052,SEED-SHOP-052-2,0
UBD-005,SEED-SHOP-053,,5
UBD-005,SEED-SHOP-054,SEED-SHOP-054-1,0
UBD-005,SEED-SHOP-054,SEED-SHOP-054-2,11
UBD-005,SEED-SHOP-055,,6
UBD-005,SEED-SHOP-056,SEED-SHOP-056-1,4
UBD-005,SEED-SHOP-056,SEED-SHOP-056-2,1
UBD-005,SEED-SHOP-058,,0
UBD-005,SEED-SHOP-059,,4
UBD-005,SEED-SHOP-060,,10
UBD-005,SEED-SHOP-062,,12
UBD-005,SEED-SHOP-064,,8
UBD-005,SEED-SHOP-067,,10
UBD-005,SEED-SHOP-068,SEED-SHOP-068-1,3
UBD-005,SEED-SHOP-068,SEED-SHOP-068-2,7
UBD-005,SEED-SHOP-069,SEED-SHOP-069-1,12
UBD-005,SEED-SHOP-069,SEED-SHOP-069-2,8
UBD-005,SEED-SHOP-070,SEED-SHOP-070-1,5
UBD-005,SEED-SHOP-070,SEED-SHOP-070-2,0
UBD-005,SEED-SHOP-071,,9
UBD-005,SEED-SHOP-072,SEED-SHOP-072-1,0
UBD-005,SEED-SHOP-072,SEED-SHOP-072-2,0
UBD-005,SEED-SHOP-077,,8
UBD-005,SEED-SHOP-079,SEED-SHOP-079-1,11
UBD-005,SEED-SHOP-079,SEED-SHOP-079-2,12
UBD-005,SEED-SHOP-080,SEED-SHOP-080-1,9
UBD-006,SEED-SHOP-001,,9
UBD-006,SEED-SHOP-002,SEED-SHOP-002-1,4
UBD-006,SEED-SHOP-002,SEED-SHOP-002-2,7
UBD-006,SEED-SHOP-004,,0
UBD-006,SEED-SHOP-008,SEED-SHOP-008-1,0
UBD-006,SEED-SHOP-011,SEED-SHOP-011-1,7
UBD-006,SEED-SHOP-011,SEED-SHOP-011-2,1
UBD-006,SEED-SHOP-012,SEED-SHOP-012-1,6
UBD-006,SEED-SHOP-012,SEED-SHOP-012-2,8
UBD-006,SEED-SHOP-014,,7
UBD-006,SEED-SHOP-015,SEED-SHOP-015-1,0
UBD-006,SEED-SHOP-015,SEED-SHOP-015-2,5
UBD-006,SEED-SHOP-016,,0
UBD-006,SEED-SHOP-020,,6
UBD-006,SEED-SHOP-022,,3
UBD-006,SEED-SHOP-023,,6
UBD-006,SEED-SHOP-024,,0
UBD-006,SEED-SHOP-027,SEED-SHOP-027-1,10
UBD-006,SEED-SHOP-027,SEED-SHOP-027-2,0
UBD-006,SEED-SHOP-029,,11
UBD-006,SEED-SHOP-030,,7
UBD-006,SEED-SHOP-031,,7
UBD-006,SEED-SHOP-032,,0
UBD-006,SEED-SHOP-033,SEED-SHOP-033-1,11
UBD-006,SEED-SHOP-033,SEED-SHOP-033-2,5
UBD-006,SEED-SHOP-034,SEED-SHOP-034-1,5
UBD-006,SEED-SHOP-034,SEED-SHOP-034-2,10
UBD-006,SEED-SHOP-035,SEED-SHOP-035-1,0
UBD-006,SEED-SHOP-035,SEED-SHOP-035-2,0
UBD-006,SEED-SHOP-036,,7
UBD-006,SEED-SHOP-039,SEED-SHOP-039-1,1
UBD-006,SEED-SHOP-039,SEED-SHOP-039-2,0
UBD-006,SEED-SHOP-041,SEED-SHOP-041-1,12
UBD-006,SEED-SHOP-041,SEED-SHOP-041-2,6
UBD-006,SEED-SHOP-042,,0
UBD-006,SEED-SHOP-043,,12
UBD-006,SEED-SHOP-046,,8
UBD-006,SEED-SHOP-048,,2
UBD-006,SEED-SHOP-049,SEED-SHOP-049-1,0
UBD-006,SEED-SHOP-049,SEED-SHOP-049-2,0
UBD-006,SEED-SHOP-052,SEED-SHOP-052-1,6
UBD-006,SEED-SHOP-052,SEED-SHOP-052-2,6
UBD-006,SEED-SHOP-054,SEED-SHOP-054-1,11
UBD-006,SEED-SHOP-054,SEED-SHOP-054-2,7
UBD-006,SEED-SHOP-058,,0
UBD-006,SEED-SHOP-059,,6
UBD-006,SEED-SHOP-060,,10
UBD-006,SEED-SHOP-065,,0
UBD-006,SEED-SHOP-066,,0
UBD-006,SEED-SHOP-067,,3
UBD-006,SEED-SHOP-070,SEED-SHOP-070-1,10
UBD-006,SEED-SHOP-070,SEED-SHOP-070-2,0
UBD-006,SEED-SHOP-073,SEED-SHOP-073-1,2
UBD-006,SEED-SHOP-073,SEED-SHOP-073-2,0
UBD-006,SEED-SHOP-074,SEED-SHOP-074-1,5
UBD-006,SEED-SHOP-074,SEED-SHOP-074-2,0
UBD-006,SEED-SHOP-076,SEED-SHOP-076-1,0
UBD-006,SEED-SHOP-077,,0
UBD-006,SEED-SHOP-080,SEED-SHOP-080-1,0
UBD-007,SEED-SHOP-003,,12
UBD-007,SEED-SHOP-004,,9
UBD-007,SEED-SHOP-005,,4
UBD-007,SEED-SHOP-008,SEED-SHOP-008-1,0
UBD-007,SEED-SHOP-009,SEED-SHOP-009-1,0
UBD-007,SEED-SHOP-010,SEED-SHOP-010-1,11
UBD-007,SEED-SHOP-010,SEED-SHOP-010-2,0
UBD-007,SEED-SHOP-011,SEED-SHOP-011-1,8
UBD-007,SEED-SHOP-011,SEED-SHOP-011-2,0
UBD-007,SEED-SHOP-012,SEED-SHOP-012-1,11
UBD-007,SEED-SHOP-012,SEED-SHOP-012-2,0
UBD-007,SEED-SHOP-014,,6
UBD-007,SEED-SHOP-016,,10
UBD-007,SEED-SHOP-017,,0
UBD-007,SEED-SHOP-021,,6
UBD-007,SEED-SHOP-024,,0
UBD-007,SEED-SHOP-025,,0
UBD-007,SEED-SHOP-026,SEED-SHOP-026-1,9
UBD-007,SEED-SHOP-026,SEED-SHOP-026-2,0
UBD-007,SEED-SHOP-028,,10
UBD-007,SEED-SHOP-029,,5
UBD-007,SEED-SHOP-030,,1
UBD-007,SEED-SHOP-031,,3
UBD-007,SEED-SHOP-035,SEED-SHOP-035-1,0
UBD-007,SEED-SHOP-035,SEED-SHOP-035-2,8
UBD-007,SEED-SHOP-036,,9
UBD-007,SEED-SHOP-038,SEED-SHOP-038-1,1
UBD-007,SEED-SHOP-038,SEED-SHOP-038-2,0
UBD-007,SEED-SHOP-044,,5
UBD-007,SEED-SHOP-047,,0
UBD-007,SEED-SHOP-048,,0
UBD-007,SEED-SHOP-049,SEED-SHOP-049-1,0
UBD-007,SEED-SHOP-049,SEED-SHOP-049-2,5
UBD-007,SEED-SHOP-050,SEED-SHOP-050-1,0
UBD-007,SEED-SHOP-050,SEED-SHOP-050-2,0
UBD-007,SEED-SHOP-051,,0
UBD-007,SEED-SHOP-052,SEED-SHOP-052-1,5
UBD-007,SEED-SHOP-052,SEED-SHOP-052-2,9
UBD-007,SEED-SHOP-054,SEED-SHOP-054-1,2
UBD-007,SEED-SHOP-054,SEED-SHOP-054-2,10
UBD-007,SEED-SHOP-055,,0
UBD-007,SEED-SHOP-056,SEED-SHOP-056-1,9
UBD-007,SEED-SHOP-056,SEED-SHOP-056-2,9
UBD-007,SEED-SHOP-059,,0
UBD-007,SEED-SHOP-061,,6
UBD-007,SEED-SHOP-062,,0
UBD-007,SEED-SHOP-068,SEED-SHOP-068-1,0
UBD-007,SEED-SHOP-068,SEED-SHOP-068-2,12
UBD-007,SEED-SHOP-069,SEED-SHOP-069-1,0
UBD-007,SEED-SHOP-069,SEED-SHOP-069-2,10
UBD-007,SEED-SHOP-072,SEED-SHOP-072-1,0
UBD-007,SEED-SHOP-072,SEED-SHOP-072-2,9
UBD-007,SEED-SHOP-073,SEED-SHOP-073-1,10
UBD-007,SEED-SHOP-073,SEED-SHOP-073-2,2
UBD-007,SEED-SHOP-077,,12
UBD-007,SEED-SHOP-078,,0
UBD-007,SEED-SHOP-079,SEED-SHOP-079-1,0
UBD-007,SEED-SHOP-079,SEED-SHOP-079-2,0
UBD-008,SEED-SHOP-006,SEED-SHOP-006-1,0
UBD-008,SEED-SHOP-006,SEED-SHOP-006-2,0
UBD-008,SEED-SHOP-007,,0
UBD-008,SEED-SHOP-008,SEED-SHOP-008-1,0
UBD-008,SEED-SHOP-009,SEED-SHOP-009-1,0
UBD-008,SEED-SHOP-014,,5
UBD-008,SEED-SHOP-015,SEED-SHOP-015-1,3
UBD-008,SEED-SHOP-015,SEED-SHOP-015-2,5
UBD-008,SEED-SHOP-016,,4
UBD-008,SEED-SHOP-019,SEED-SHOP-019-1,0
UBD-008,SEED-SHOP-019,SEED-SHOP-019-2,0
UBD-008,SEED-SHOP-020,,10
UBD-008,SEED-SHOP-021,,0
UBD-008,SEED-SHOP-022,,0
UBD-008,SEED-SHOP-023,,1
UBD-008,SEED-SHOP-024,,0
UBD-008,SEED-SHOP-025,,7
UBD-008,SEED-SHOP-026,SEED-SHOP-026-1,12
UBD-008,SEED-SHOP-026,SEED-SHOP-026-2,0
UBD-008,SEED-SHOP-029,,8
UBD-008,SEED-SHOP-032,,0
UBD-008,SEED-SHOP-033,SEED-SHOP-033-1,5
UBD-008,SEED-SHOP-033,SEED-SHOP-033-2,12
UBD-008,SEED-SHOP-034,SEED-SHOP-034-1,0
UBD-008,SEED-SHOP-034,SEED-SHOP-034-2,1
UBD-008,SEED-SHOP-037,,10
UBD-008,SEED-SHOP-038,SEED-SHOP-038-1,8
UBD-008,SEED-SHOP-038,SEED-SHOP-038-2,2
UBD-008,SEED-SHOP-040,,9
UBD-008,SEED-SHOP-043,,0
UBD-008,SEED-SHOP-045,SEED-SHOP-045-1,0
UBD-008,SEED-SHOP-045,SEED-SHOP-045-2,7
UBD-008,SEED-SHOP-046,,0
UBD-008,SEED-SHOP-047,,0
UBD-008,SEED-SHOP-048,,1
UBD-008,SEED-SHOP-050,SEED-SHOP-050-1,9
UBD-008,SEED-SHOP-050,SEED-SHOP-050-2,11
UBD-008,SEED-SHOP-051,,7
UBD-008,SEED-SHOP-054,SEED-SHOP-054-1,0
UBD-008,SEED-SHOP-054,SEED-SHOP-054-2,0
UBD-008,SEED-SHOP-057,SEED-SHOP-057-1,6
UBD-008,SEED-SHOP-057,SEED-SHOP-057-2,2
UBD-008,SEED-SHOP-061,,11
UBD-008,SEED-SHOP-063,SEED-SHOP-063-1,5
UBD-008,SEED-SHOP-063,SEED-SHOP-063-2,4
UBD-008,SEED-SHOP-064,,2
UBD-008,SEED-SHOP-065,,4
UBD-008,SEED-SHOP-066,,8
UBD-008,SEED-SHOP-067,,10
UBD-008,SEED-SHOP-070,SEED-SHOP-070-1,0
UBD-008,SEED-SHOP-070,SEED-SHOP-070-2,3
UBD-008,SEED-SHOP-071,,0
UBD-008,SEED-SHOP-073,SEED-SHOP-073-1,1
UBD-008,SEED-SHOP-073,SEED-SHOP-073-2,5
UBD-008,SEED-SHOP-074,SEED-SHOP-074-1,7
UBD-008,SEED-SHOP-074,SEED-SHOP-074-2,0
UBD-008,SEED-SHOP-076,SEED-SHOP-076-1,0
UBD-008,SEED-SHOP-077,,8
UBD-008,SEED-SHOP-078,,12
UBD-008,SEED-SHOP-079,SEED-SHOP-079-1,0
UBD-008,SEED-SHOP-079,SEED-SHOP-079-2,12
CGU-001,SEED-SHOP-001,,1
CGU-001,SEED-SHOP-003,,8
CGU-001,SEED-SHOP-007,,1
CGU-001,SEED-SHOP-008,SEED-SHOP-008-1,0
CGU-001,SEED-SHOP-010,SEED-SHOP-010-1,12
CGU-001,SEED-SHOP-010,SEED-SHOP-010-2,6
CGU-001,SEED-SHOP-012,SEED-SHOP-012-1,11
CGU-001,SEED-SHOP-012,SEED-SHOP-012-2,10
CGU-001,SEED-SHOP-014,,0
CGU-001,SEED-SHOP-015,SEED-SHOP-015-1,0
CGU-001,SEED-SHOP-015,SEED-SHOP-015-2,8
CGU-001,SEED-SHOP-016,,11
CGU-001,SEED-SHOP-018,,0
CGU-001,SEED-SHOP-022,,2
CGU-001,SEED-SHOP-023,,0
CGU-001,SEED-SHOP-024,,2
CGU-001,SEED-SHOP-030,,0
CGU-001,SEED-SHOP-032,,4
CGU-001,SEED-SHOP-033,SEED-SHOP-033-1,5
CGU-001,SEED-SHOP-033,SEED-SHOP-033-2,4
CGU-001,SEED-SHOP-036,,0
CGU-001,SEED-SHOP-038,SEED-SHOP-038-1,1
CGU-001,SEED-SHOP-038,SEED-SHOP-038-2,5
CGU-001,SEED-SHOP-041,SEED-SHOP-041-1,9
CGU-001,SEED-SHOP-041,SEED-SHOP-041-2,9
CGU-001,SEED-SHOP-043,,0
CGU-001,SEED-SHOP-046,,7
CGU-001,SEED-SHOP-048,,11
CGU-001,SEED-SHOP-049,SEED-SHOP-049-1,5
CGU-001,SEED-SHOP-049,SEED-SHOP-049-2,9
CGU-001,SEED-SHOP-052,SEED-SHOP-052-1,12
CGU-001,SEED-SHOP-052,SEED-SHOP-052-2,10
CGU-001,SEED-SHOP-055,,4
CGU-001,SEED-SHOP-056,SEED-SHOP-056-1,0
CGU-001,SEED-SHOP-056,SEED-SHOP-056-2,0
CGU-001,SEED-SHOP-057,SEED-SHOP-057-1,3
CGU-001,SEED-SHOP-057,SEED-SHOP-057-2,7
CGU-001,SEED-SHOP-058,,0
CGU-001,SEED-SHOP-059,,0
CGU-001,SEED-SHOP-060,,0
CGU-001,SEED-SHOP-061,,4
CGU-001,SEED-SHOP-062,,11
CGU-001,SEED-SHOP-064,,3
CGU-001,SEED-SHOP-065,,8
CGU-001,SEED-SHOP-067,,2
CGU-001,SEED-SHOP-070,SEED-SHOP-070-1,6
CGU-001,SEED-SHOP-070,SEED-SHOP-070-2,0
CGU-001,SEED-SHOP-071,,0
CGU-001,SEED-SHOP-072,SEED-SHOP-072-1,9
CGU-001,SEED-SHOP-072,SEED-SHOP-072-2,11
CGU-001,SEED-SHOP-073,SEED-SHOP-073-1,3
CGU-001,SEED-SHOP-073,SEED-SHOP-073-2,8
CGU-001,SEED-SHOP-074,SEED-SHOP-074-1,3
CGU-001,SEED-SHOP-074,SEED-SHOP-074-2,9
CGU-001,SEED-SHOP-075,,9
CGU-001,SEED-SHOP-078,,1
CGU-001,SEED-SHOP-079,SEED-SHOP-079-1,9
CGU-001,SEED-SHOP-079,SEED-SHOP-079-2,1
CGU-001,SEED-SHOP-080,SEED-SHOP-080-1,0
CGU-002,SEED-SHOP-002,SEED-SHOP-002-1,8
CGU-002,SEED-SHOP-002,SEED-SHOP-002-2,2
CGU-002,SEED-SHOP-003,,7
CGU-002,SEED-SHOP-004,,0
CGU-002,SEED-SHOP-005,,0
CGU-002,SEED-SHOP-006,SEED-SHOP-006-1,7
CGU-002,SEED-SHOP-006,SEED-SHOP-006-2,8
CGU-002,SEED-SHOP-007,,4
CGU-002,SEED-SHOP-008,SEED-SHOP-008-1,0
CGU-002,SEED-SHOP-009,SEED-SHOP-009-1,0
CGU-002,SEED-SHOP-010,SEED-SHOP-010-1,0
CGU-002,SEED-SHOP-010,SEED-SHOP-010-2,11
CGU-002,SEED-SHOP-012,SEED-SHOP-012-1,3
CGU-002,SEED-SHOP-012,SEED-SHOP-012-2,8
CGU-002,SEED-SHOP-016,,2
CGU-002,SEED-SHOP-018,,0
CGU-002,SEED-SHOP-019,SEED-SHOP-019-1,10
CGU-002,SEED-SHOP-019,SEED-SHOP-019-2,6
CGU-002,SEED-SHOP-020,,12
CGU-002,SEED-SHOP-021,,7
CGU-002,SEED-SHOP-023,,0
CGU-002,SEED-SHOP-024,,1
CGU-002,SEED-SHOP-026,SEED-SHOP-026-1,8
CGU-002,SEED-SHOP-026,SEED-SHOP-026-2,4
CGU-002,SEED-SHOP-029,,0
CGU-002,SEED-SHOP-030,,9
CGU-002,SEED-SHOP-032,,6
CGU-002,SEED-SHOP-036,,2
CGU-002,SEED-SHOP-037,,6
CGU-002,SEED-SHOP-038,SEED-SHOP-038-1,0
CGU-002,SEED-SHOP-038,SEED-SHOP-038-2,7
CGU-002,SEED-SHOP-042,,0
CGU-002,SEED-SHOP-044,,3
CGU-002,SEED-SHOP-045,SEED-SHOP-045-1,2
CGU-002,SEED-SHOP-045,SEED-SHOP-045-2,12
CGU-002,SEED-SHOP-049,SEED-SHOP-049-1,5
CGU-002,SEED-SHOP-049,SEED-SHOP-049-2,0
CGU-002,SEED-SHOP-050,SEED-SHOP-050-1,3
CGU-002,SEED-SHOP-050,SEED-SHOP-050-2,2
CGU-002,SEED-SHOP-051,,0
CGU-002,SEED-SHOP-052,SEED-SHOP-052-1,10
CGU-002,SEED-SHOP-052,SEED-SHOP-052-2,2
CGU-002,SEED-SHOP-055,,10
CGU-002,SEED-SHOP-056,SEED-SHOP-056-1,1
CGU-002,SEED-SHOP-056,SEED-SHOP-056-2,6
CGU-002,SEED-SHOP-058,,0
CGU-002,SEED-SHOP-059,,0
CGU-002,SEED-SHOP-062,,0
CGU-002,SEED-SHOP-063,SEED-SHOP-063-1,12
CGU-002,SEED-SHOP-063,SEED-SHOP-063-2,2
CGU-002,SEED-SHOP-064,,0
CGU-002,SEED-SHOP-066,,0
CGU-002,SEED-SHOP-068,SEED-SHOP-068-1,3
CGU-002,SEED-SHOP-068,SEED-SHOP-068-2,2
CGU-002,SEED-SHOP-069,SEED-SHOP-069-1,10
CGU-002,SEED-SHOP-069,SEED-SHOP-069-2,6
CGU-002,SEED-SHOP-071,,9
CGU-002,SEED-SHOP-074,SEED-SHOP-074-1,1
CGU-002,SEED-SHOP-074,SEED-SHOP-074-2,5
CGU-002,SEED-SHOP-075,,0
CGU-002,SEED-SHOP-076,SEED-SHOP-076-1,0
CGU-002,SEED-SHOP-077,,4
CGU-002,SEED-SHOP-078,,1
CGU-002,SEED-SHOP-080,SEED-SHOP-080-1,4
CGU-003,SEED-SHOP-005,,0
CGU-003,SEED-SHOP-008,SEED-SHOP-008-1,0
CGU-003,SEED-SHOP-010,SEED-SHOP-010-1,4
CGU-003,SEED-SHOP-010,SEED-SHOP-010-2,0
CGU-003,SEED-SHOP-011,SEED-SHOP-011-1,4
CGU-003,SEED-SHOP-011,SEED-SHOP-011-2,0
CGU-003,SEED-SHOP-013,,8
CGU-003,SEED-SHOP-014,,10
CGU-003,SEED-SHOP-016,,0
CGU-003,SEED-SHOP-017,,0
CGU-003,SEED-SHOP-019,SEED-SHOP-019-1,12
CGU-003,SEED-SHOP-019,SEED-SHOP-019-2,10
CGU-003,SEED-SHOP-020,,12
CGU-003,SEED-SHOP-022,,0
CGU-003,SEED-SHOP-023,,0
CGU-003,SEED-SHOP-025,,7
CGU-003,SEED-SHOP-026,SEED-SHOP-026-1,10
CGU-003,SEED-SHOP-026,SEED-SHOP-026-2,0
CGU-003,SEED-SHOP-028,,0
CGU-003,SEED-SHOP-029,,0
CGU-003,SEED-SHOP-030,,0
CGU-003,SEED-SHOP-032,,4
CGU-003,SEED-SHOP-033,SEED-SHOP-033-1,4
CGU-003,SEED-SHOP-033,SEED-SHOP-033-2,12
CGU-003,SEED-SHOP-036,,0
CGU-003,SEED-SHOP-039,SEED-SHOP-039-1,0
CGU-003,SEED-SHOP-039,SEED-SHOP-039-2,11
CGU-003,SEED-SHOP-041,SEED-SHOP-041-1,0
CGU-003,SEED-SHOP-041,SEED-SHOP-041-2,0
CGU-003,SEED-SHOP-042,,0
CGU-003,SEED-SHOP-043,,6
CGU-003,SEED-SHOP-044,,0
CGU-003,SEED-SHOP-046,,11
CGU-003,SEED-SHOP-049,SEED-SHOP-049-1,0
CGU-003,SEED-SHOP-049,SEED-SHOP-049-2,4
CGU-003,SEED-SHOP-050,SEED-SHOP-050-1,0
CGU-003,SEED-SHOP-050,SEED-SHOP-050-2,10
CGU-003,SEED-SHOP-051,,2
CGU-003,SEED-SHOP-052,SEED-SHOP-052-1,0
CGU-003,SEED-SHOP-052,SEED-SHOP-052-2,0
CGU-003,SEED-SHOP-053,,7
CGU-003,SEED-SHOP-054,SEED-SHOP-054-1,0
CGU-003,SEED-SHOP-054,SEED-SHOP-054-2,8
CGU-003,SEED-SHOP-056,SEED-SHOP-056-1,5
CGU-003,SEED-SHOP-056,SEED-SHOP-056-2,5
CGU-003,SEED-SHOP-058,,0
CGU-003,SEED-SHOP-060,,10
CGU-003,SEED-SHOP-061,,8
CGU-003,SEED-SHOP-063,SEED-SHOP-063-1,1
CGU-003,SEED-SHOP-063,SEED-SHOP-063-2,7
CGU-003,SEED-SHOP-064,,5
CGU-003,SEED-SHOP-065,,11
CGU-003,SEED-SHOP-066,,0
CGU-003,SEED-SHOP-067,,4
CGU-003,SEED-SHOP-068,SEED-SHOP-068-1,3
CGU-003,SEED-SHOP-068,SEED-SHOP-068-2,6
CGU-003,SEED-SHOP-072,SEED-SHOP-072-1,8
CGU-003,SEED-SHOP-072,SEED-SHOP-072-2,11
CGU-003,SEED-SHOP-076,SEED-SHOP-076-1,12
CGU-003,SEED-SHOP-077,,1
CGU-003,SEED-SHOP-079,SEED-SHOP-079-1,10
CGU-003,SEED-SHOP-079,SEED-SHOP-079-2,4
CGU-003,SEED-SHOP-080,SEED-SHOP-080-1,10
CGU-004,SEED-SHOP-002,SEED-SHOP-002-1,2
CGU-004,SEED-SHOP-002,SEED-SHOP-002-2,0
CGU-004,SEED-SHOP-004,,4
CGU-004,SEED-SHOP-005,,0
CGU-004,SEED-SHOP-006,SEED-SHOP-006-1,0
CGU-004,SEED-SHOP-006,SEED-SHOP-006-2,0
CGU-004,SEED-SHOP-012,SEED-SHOP-012-1,11
CGU-004,SEED-SHOP-012,SEED-SHOP-012-2,9
CGU-004,SEED-SHOP-013,,0
CGU-004,SEED-SHOP-016,,1
CGU-004,SEED-SHOP-021,,4
CGU-004,SEED-SHOP-027,SEED-SHOP-027-1,8
CGU-004,SEED-SHOP-027,SEED-SHOP-027-2,5
CGU-004,SEED-SHOP-030,,6
CGU-004,SEED-SHOP-033,SEED-SHOP-033-1,4
CGU-004,SEED-SHOP-033,SEED-SHOP-033-2,8
CGU-004,SEED-SHOP-034,SEED-SHOP-034-1,0
CGU-004,SEED-SHOP-034,SEED-SHOP-034-2,2
CGU-004,SEED-SHOP-035,SEED-SHOP-035-1,2
CGU-004,SEED-SHOP-035,SEED-SHOP-035-2,0
CGU-004,SEED-SHOP-036,,3
CGU-004,SEED-SHOP-037,,10
CGU-004,SEED-SHOP-038,SEED-SHOP-038-1,0
CGU-004,SEED-SHOP-038,SEED-SHOP-038-2,12
CGU-004,SEED-SHOP-040,,4
CGU-004,SEED-SHOP-041,SEED-SHOP-041-1,6
CGU-004,SEED-SHOP-041,SEED-SHOP-041-2,7
CGU-004,SEED-SHOP-043,,12
CGU-004,SEED-SHOP-044,,2
CGU-004,SEED-SHOP-046,,0
CGU-004,SEED-SHOP-047,,0
CGU-004,SEED-SHOP-048,,0
CGU-004,SEED-SHOP-050,SEED-SHOP-050-1,0
CGU-004,SEED-SHOP-050,SEED-SHOP-050-2,6
CGU-004,SEED-SHOP-051,,5
CGU-004,SEED-SHOP-052,SEED-SHOP-052-1,1
CGU-004,SEED-SHOP-052,SEED-SHOP-052-2,0
CGU-004,SEED-SHOP-057,SEED-SHOP-057-1,0
CGU-004,SEED-SHOP-057,SEED-SHOP-057-2,11
CGU-004,SEED-SHOP-059,,10
CGU-004,SEED-SHOP-064,,8
CGU-004,SEED-SHOP-065,,0
CGU-004,SEED-SHOP-067,,9
CGU-004,SEED-SHOP-068,SEED-SHOP-068-1,1
CGU-004,SEED-SHOP-068,SEED-SHOP-068-2,10
CGU-004,SEED-SHOP-071,,8
CGU-004,SEED-SHOP-072,SEED-SHOP-072-1,2
CGU-004,SEED-SHOP-072,SEED-SHOP-072-2,10
CGU-004,SEED-SHOP-074,SEED-SHOP-074-1,7
CGU-004,SEED-SHOP-074,SEED-SHOP-074-2,3
CGU-004,SEED-SHOP-075,,9
CGU-004,SEED-SHOP-076,SEED-SHOP-076-1,9
CGU-004,SEED-SHOP-077,,8
CGU-004,SEED-SHOP-078,,7
CGU-005,SEED-SHOP-001,,7
CGU-005,SEED-SHOP-002,SEED-SHOP-002-1,0
CGU-005,SEED-SHOP-002,SEED-SHOP-002-2,7
CGU-005,SEED-SHOP-003,,0
CGU-005,SEED-SHOP-004,,0
CGU-005,SEED-SHOP-005,,1
CGU-005,SEED-SHOP-007,,0
CGU-005,SEED-SHOP-009,SEED-SHOP-009-1,7
CGU-005,SEED-SHOP-011,SEED-SHOP-011-1,1
CGU-005,SEED-SHOP-011,SEED-SHOP-011-2,11
CGU-005,SEED-SHOP-012,SEED-SHOP-012-1,9
CGU-005,SEED-SHOP-012,SEED-SHOP-012-2,4
CGU-005,SEED-SHOP-015,SEED-SHOP-015-1,0
CGU-005,SEED-SHOP-015,SEED-SHOP-015-2,4
CGU-005,SEED-SHOP-016,,5
CGU-005,SEED-SHOP-017,,12
CGU-005,SEED-SHOP-018,,0
CGU-005,SEED-SHOP-021,,0
CGU-005,SEED-SHOP-022,,0
CGU-005,SEED-SHOP-024,,12
CGU-005,SEED-SHOP-025,,0
CGU-005,SEED-SHOP-026,SEED-SHOP-026-1,3
CGU-005,SEED-SHOP-026,SEED-SHOP-026-2,8
CGU-005,SEED-SHOP-027,SEED-SHOP-027-1,8
CGU-005,SEED-SHOP-027,SEED-SHOP-027-2,8
CGU-005,SEED-SHOP-029,,1
CGU-005,SEED-SHOP-034,SEED-SHOP-034-1,0
CGU-005,SEED-SHOP-034,SEED-SHOP-034-2,6
CGU-005,SEED-SHOP-036,,11
CGU-005,SEED-SHOP-038,SEED-SHOP-038-1,6
CGU-005,SEED-SHOP-038,SEED-SHOP-038-2,0
CGU-005,SEED-SHOP-041,SEED-SHOP-041-1,0
CGU-005,SEED-SHOP-041,SEED-SHOP-041-2,0
CGU-005,SEED-SHOP-042,,0
CGU-005,SEED-SHOP-043,,4
CGU-005,SEED-SHOP-044,,10
CGU-005,SEED-SHOP-045,SEED-SHOP-045-1,0
CGU-005,SEED-SHOP-045,SEED-SHOP-045-2,7
CGU-005,SEED-SHOP-046,,3
CGU-005,SEED-SHOP-048,,0
CGU-005,SEED-SHOP-050,SEED-SHOP-050-1,0
CGU-005,SEED-SHOP-050,SEED-SHOP-050-2,10
CGU-005,SEED-SHOP-051,,10
CGU-005,SEED-SHOP-052,SEED-SHOP-052-1,12
CGU-005,SEED-SHOP-052,SEED-SHOP-052-2,3
CGU-005,SEED-SHOP-054,SEED-SHOP-054-1,0
CGU-005,SEED-SHOP-054,SEED-SHOP-054-2,4
CGU-005,SEED-SHOP-055,,11
CGU-005,SEED-SHOP-058,,0
CGU-005,SEED-SHOP-061,,3
CGU-005,SEED-SHOP-062,,4
CGU-005,SEED-SHOP-066,,0
CGU-005,SEED-SHOP-067,,12
CGU-005,SEED-SHOP-070,SEED-SHOP-070-1,11
CGU-005,SEED-SHOP-070,SEED-SHOP-070-2,1
CGU-005,SEED-SHOP-075,,3
CGU-005,SEED-SHOP-076,SEED-SHOP-076-1,10
CGU-006,SEED-SHOP-001,,5
CGU-006,SEED-SHOP-004,,4
CGU-006,SEED-SHOP-005,,1
CGU-006,SEED-SHOP-009,SEED-SHOP-009-1,0
CGU-006,SEED-SHOP-010,SEED-SHOP-010-1,2
CGU-006,SEED-SHOP-010,SEED-SHOP-010-2,2
CGU-006,SEED-SHOP-012,SEED-SHOP-012-1,0
CGU-006,SEED-SHOP-012,SEED-SHOP-012-2,1
CGU-006,SEED-SHOP-014,,0
CGU-006,SEED-SHOP-017,,5
CGU-006,SEED-SHOP-020,,0
CGU-006,SEED-SHOP-024,,12
CGU-006,SEED-SHOP-027,SEED-SHOP-027-1,11
CGU-006,SEED-SHOP-027,SEED-SHOP-027-2,0
CGU-006,SEED-SHOP-028,,0
CGU-006,SEED-SHOP-030,,0
CGU-006,SEED-SHOP-031,,0
CGU-006,SEED-SHOP-038,SEED-SHOP-038-1,7
CGU-006,SEED-SHOP-038,SEED-SHOP-038-2,1
CGU-006,SEED-SHOP-040,,8
CGU-006,SEED-SHOP-041,SEED-SHOP-041-1,3
CGU-006,SEED-SHOP-041,SEED-SHOP-041-2,5
CGU-006,SEED-SHOP-044,,3
CGU-006,SEED-SHOP-045,SEED-SHOP-045-1,1
CGU-006,SEED-SHOP-045,SEED-SHOP-045-2,11
CGU-006,SEED-SHOP-046,,0
CGU-006,SEED-SHOP-050,SEED-SHOP-050-1,0
CGU-006,SEED-SHOP-050,SEED-SHOP-050-2,12
CGU-006,SEED-SHOP-051,,1
CGU-006,SEED-SHOP-052,SEED-SHOP-052-1,0
CGU-006,SEED-SHOP-052,SEED-SHOP-052-2,0
CGU-006,SEED-SHOP-056,SEED-SHOP-056-1,12
CGU-006,SEED-SHOP-056,SEED-SHOP-056-2,10
CGU-006,SEED-SHOP-058,,0
CGU-006,SEED-SHOP-059,,10
CGU-006,SEED-SHOP-060,,4
CGU-006,SEED-SHOP-061,,6
CGU-006,SEED-SHOP-063,SEED-SHOP-063-1,6
CGU-006,SEED-SHOP-063,SEED-SHOP-063-2,0
CGU-006,SEED-SHOP-064,,5
CGU-006,SEED-SHOP-065,,5
CGU-006,SEED-SHOP-066,,4
CGU-006,SEED-SHOP-067,,0
CGU-006,SEED-SHOP-070,SEED-SHOP-070-1,4
CGU-006,SEED-SHOP-070,SEED-SHOP-070-2,8
CGU-006,SEED-SHOP-071,,0
CGU-006,SEED-SHOP-074,SEED-SHOP-074-1,0
CGU-006,SEED-SHOP-074,SEED-SHOP-074-2,0
CGU-006,SEED-SHOP-078,,8
CGU-006,SEED-SHOP-079,SEED-SHOP-079-1,4
CGU-006,SEED-SHOP-079,SEED-SHOP-079-2,11
CGU-006,SEED-SHOP-080,SEED-SHOP-080-1,0
CGU-007,SEED-SHOP-001,,11
CGU-007,SEED-SHOP-010,SEED-SHOP-010-1,0
CGU-007,SEED-SHOP-010,SEED-SHOP-010-2,5
CGU-007,SEED-SHOP-012,SEED-SHOP-012-1,7
CGU-007,SEED-SHOP-012,SEED-SHOP-012-2,5
CGU-007,SEED-SHOP-013,,4
CGU-007,SEED-SHOP-014,,1
CGU-007,SEED-SHOP-015,SEED-SHOP-015-1,8
CGU-007,SEED-SHOP-015,SEED-SHOP-015-2,3
CGU-007,SEED-SHOP-017,,12
CGU-007,SEED-SHOP-019,SEED-SHOP-019-1,0
CGU-007,SEED-SHOP-019,SEED-SHOP-019-2,4
CGU-007,SEED-SHOP-020,,7
CGU-007,SEED-SHOP-023,,4
CGU-007,SEED-SHOP-024,,12
CGU-007,SEED-SHOP-033,SEED-SHOP-033-1,9
CGU-007,SEED-SHOP-033,SEED-SHOP-033-2,1
CGU-007,SEED-SHOP-034,SEED-SHOP-034-1,4
CGU-007,SEED-SHOP-034,SEED-SHOP-034-2,2
CGU-007,SEED-SHOP-036,,5
CGU-007,SEED-SHOP-037,,7
CGU-007,SEED-SHOP-039,SEED-SHOP-039-1,10
CGU-007,SEED-SHOP-039,SEED-SHOP-039-2,11
CGU-007,SEED-SHOP-040,,1
CGU-007,SEED-SHOP-042,,0
CGU-007,SEED-SHOP-043,,2
CGU-007,SEED-SHOP-044,,1
CGU-007,SEED-SHOP-045,SEED-SHOP-045-1,8
CGU-007,SEED-SHOP-045,SEED-SHOP-045-2,4
CGU-007,SEED-SHOP-046,,6
CGU-007,SEED-SHOP-050,SEED-SHOP-050-1,11
CGU-007,SEED-SHOP-050,SEED-SHOP-050-2,6
CGU-007,SEED-SHOP-051,,0
CGU-007,SEED-SHOP-053,,7
CGU-007,SEED-SHOP-056,SEED-SHOP-056-1,3
CGU-007,SEED-SHOP-056,SEED-SHOP-056-2,9
CGU-007,SEED-SHOP-057,SEED-SHOP-057-1,7
CGU-007,SEED-SHOP-057,SEED-SHOP-057-2,6
CGU-007,SEED-SHOP-059,,2
CGU-007,SEED-SHOP-061,,4
CGU-007,SEED-SHOP-063,SEED-SHOP-063-1,11
CGU-007,SEED-SHOP-063,SEED-SHOP-063-2,11
CGU-007,SEED-SHOP-064,,7
CGU-007,SEED-SHOP-066,,2
CGU-007,SEED-SHOP-067,,2
CGU-007,SEED-SHOP-068,SEED-SHOP-068-1,12
CGU-007,SEED-SHOP-068,SEED-SHOP-068-2,7
CGU-007,SEED-SHOP-073,SEED-SHOP-073-1,11
CGU-007,SEED-SHOP-073,SEED-SHOP-073-2,11
CGU-007,SEED-SHOP-074,SEED-SHOP-074-1,11
CGU-007,SEED-SHOP-074,SEED-SHOP-074-2,12
CGU-007,SEED-SHOP-076,SEED-SHOP-076-1,0
CGU-007,SEED-SHOP-080,SEED-SHOP-080-1,0
CGU-008,SEED-SHOP-002,SEED-SHOP-002-1,8
CGU-008,SEED-SHOP-002,SEED-SHOP-002-2,0
CGU-008,SEED-SHOP-007,,5
CGU-008,SEED-SHOP-008,SEED-SHOP-008-1,0
CGU-008,SEED-SHOP-010,SEED-SHOP-010-1,9
CGU-008,SEED-SHOP-010,SEED-SHOP-010-2,9
CGU-008,SEED-SHOP-012,SEED-SHOP-012-1,3
CGU-008,SEED-SHOP-012,SEED-SHOP-012-2,0
CGU-008,SEED-SHOP-014,,5
CGU-008,SEED-SHOP-015,SEED-SHOP-015-1,0
CGU-008,SEED-SHOP-015,SEED-SHOP-015-2,4
CGU-008,SEED-SHOP-016,,7
CGU-008,SEED-SHOP-017,,8
CGU-008,SEED-SHOP-021,,3
CGU-008,SEED-SHOP-023,,0
CGU-008,SEED-SHOP-025,,11
CGU-008,SEED-SHOP-026,SEED-SHOP-026-1,0
CGU-008,SEED-SHOP-026,SEED-SHOP-026-2,12
CGU-008,SEED-SHOP-028,,1
CGU-008,SEED-SHOP-029,,0
CGU-008,SEED-SHOP-030,,0
CGU-008,SEED-SHOP-031,,0
CGU-008,SEED-SHOP-032,,0
CGU-008,SEED-SHOP-035,SEED-SHOP-035-1,12
CGU-008,SEED-SHOP-035,SEED-SHOP-035-2,11
CGU-008,SEED-SHOP-038,SEED-SHOP-038-1,7
CGU-008,SEED-SHOP-038,SEED-SHOP-038-2,10
CGU-008,SEED-SHOP-039,SEED-SHOP-039-1,0
CGU-008,SEED-SHOP-039,SEED-SHOP-039-2,10
CGU-008,SEED-SHOP-041,SEED-SHOP-041-1,8
CGU-008,SEED-SHOP-041,SEED-SHOP-041-2,6
CGU-008,SEED-SHOP-042,,0
CGU-008,SEED-SHOP-043,,3
CGU-008,SEED-SHOP-044,,0
CGU-008,SEED-SHOP-047,,0
CGU-008,SEED-SHOP-050,SEED-SHOP-050-1,9
CGU-008,SEED-SHOP-050,SEED-SHOP-050-2,11
CGU-008,SEED-SHOP-051,,5
CGU-008,SEED-SHOP-052,SEED-SHOP-052-1,0
CGU-008,SEED-SHOP-052,SEED-SHOP-052-2,8
CGU-008,SEED-SHOP-055,,11
CGU-008,SEED-SHOP-057,SEED-SHOP-057-1,0
CGU-008,SEED-SHOP-057,SEED-SHOP-057-2,12
CGU-008,SEED-SHOP-058,,0
CGU-008,SEED-SHOP-059,,2
CGU-008,SEED-SHOP-060,,5
CGU-008,SEED-SHOP-061,,2
CGU-008,SEED-SHOP-064,,4
CGU-008,SEED-SHOP-068,SEED-SHOP-068-1,1
CGU-008,SEED-SHOP-068,SEED-SHOP-068-2,0
CGU-008,SEED-SHOP-069,SEED-SHOP-069-1,0
CGU-008,SEED-SHOP-069,SEED-SHOP-069-2,0
CGU-008,SEED-SHOP-073,SEED-SHOP-073-1,9
CGU-008,SEED-SHOP-073,SEED-SHOP-073-2,5
CGU-008,SEED-SHOP-074,SEED-SHOP-074-1,12
CGU-008,SEED-SHOP-074,SEED-SHOP-074-2,12
CGU-008,SEED-SHOP-075,,0
CGU-008,SEED-SHOP-076,SEED-SHOP-076-1,0
CGU-008,SEED-SHOP-078,,6
CGU-008,SEED-SHOP-079,SEED-SHOP-079-1,5
CGU-008,SEED-SHOP-079,SEED-SHOP-079-2,0
CGU-008,SEED-SHOP-080,SEED-SHOP-080-1,4
SMY-001,SEED-SHOP-004,,0
SMY-001,SEED-SHOP-006,SEED-SHOP-006-1,7
SMY-001,SEED-SHOP-006,SEED-SHOP-006-2,9
SMY-001,SEED-SHOP-009,SEED-SHOP-009-1,6
SMY-001,SEED-SHOP-010,SEED-SHOP-010-1,0
SMY-001,SEED-SHOP-010,SEED-SHOP-010-2,9
SMY-001,SEED-SHOP-011,SEED-SHOP-011-1,12
SMY-001,SEED-SHOP-011,SEED-SHOP-011-2,6
SMY-001,SEED-SHOP-012,SEED-SHOP-012-1,0
SMY-001,SEED-SHOP-012,SEED-SHOP-012-2,0
SMY-001,SEED-SHOP-013,,0
SMY-001,SEED-SHOP-014,,10
SMY-001,SEED-SHOP-016,,0
SMY-001,SEED-SHOP-017,,5
SMY-001,SEED-SHOP-018,,8
SMY-001,SEED-SHOP-019,SEED-SHOP-019-1,6
SMY-001,SEED-SHOP-019,SEED-SHOP-019-2,7
SMY-001,SEED-SHOP-021,,10
SMY-001,SEED-SHOP-023,,2
SMY-001,SEED-SHOP-024,,7
SMY-001,SEED-SHOP-025,,8
SMY-001,SEED-SHOP-029,,11
SMY-001,SEED-SHOP-032,,9
SMY-001,SEED-SHOP-033,SEED-SHOP-033-1,2
SMY-001,SEED-SHOP-033,SEED-SHOP-033-2,5
SMY-001,SEED-SHOP-035,SEED-SHOP-035-1,3
SMY-001,SEED-SHOP-035,SEED-SHOP-035-2,2
SMY-001,SEED-SHOP-036,,10
SMY-001,SEED-SHOP-037,,0
SMY-001,SEED-SHOP-038,SEED-SHOP-038-1,8
SMY-001,SEED-SHOP-038,SEED-SHOP-038-2,11
SMY-001,SEED-SHOP-039,SEED-SHOP-039-1,9
SMY-001,SEED-SHOP-039,SEED-SHOP-039-2,7
SMY-001,SEED-SHOP-040,,0
SMY-001,SEED-SHOP-041,SEED-SHOP-041-1,0
SMY-001,SEED-SHOP-041,SEED-SHOP-041-2,10
SMY-001,SEED-SHOP-042,,0
SMY-001,SEED-SHOP-044,,0
SMY-001,SEED-SHOP-046,,2
SMY-001,SEED-SHOP-052,SEED-SHOP-052-1,0
SMY-001,SEED-SHOP-052,SEED-SHOP-052-2,8
SMY-001,SEED-SHOP-053,,3
SMY-001,SEED-SHOP-054,SEED-SHOP-054-1,0
SMY-001,SEED-SHOP-054,SEED-SHOP-054-2,0
SMY-001,SEED-SHOP-055,,8
SMY-001,SEED-SHOP-057,SEED-SHOP-057-1,8
SMY-001,SEED-SHOP-057,SEED-SHOP-057-2,11
SMY-001,SEED-SHOP-058,,0
SMY-001,SEED-SHOP-061,,4
SMY-001,SEED-SHOP-064,,10
SMY-001,SEED-SHOP-065,,5
SMY-001,SEED-SHOP-066,,0
SMY-001,SEED-SHOP-067,,4
SMY-001,SEED-SHOP-068,SEED-SHOP-068-1,1
SMY-001,SEED-SHOP-068,SEED-SHOP-068-2,5
SMY-001,SEED-SHOP-069,SEED-SHOP-069-1,11
SMY-001,SEED-SHOP-069,SEED-SHOP-069-2,10
SMY-001,SEED-SHOP-071,,0
SMY-001,SEED-SHOP-072,SEED-SHOP-072-1,3
SMY-001,SEED-SHOP-072,SEED-SHOP-072-2,0
SMY-001,SEED-SHOP-073,SEED-SHOP-073-1,3
SMY-001,SEED-SHOP-073,SEED-SHOP-073-2,2
SMY-001,SEED-SHOP-074,SEED-SHOP-074-1,0
SMY-001,SEED-SHOP-074,SEED-SHOP-074-2,7
SMY-001,SEED-SHOP-075,,12
SMY-001,SEED-SHOP-076,SEED-SHOP-076-1,4
SMY-001,SEED-SHOP-078,,0
SMY-001,SEED-SHOP-079,SEED-SHOP-079-1,2
SMY-001,SEED-SHOP-079,SEED-SHOP-079-2,0
SMY-002,SEED-SHOP-002,SEED-SHOP-002-1,1
SMY-002,SEED-SHOP-002,SEED-SHOP-002-2,11
SMY-002,SEED-SHOP-003,,11
SMY-002,SEED-SHOP-004,,10
SMY-002,SEED-SHOP-006,SEED-SHOP-006-1,10
SMY-002,SEED-SHOP-006,SEED-SHOP-006-2,11
SMY-002,SEED-SHOP-007,,9
SMY-002,SEED-SHOP-008,SEED-SHOP-008-1,0
SMY-002,SEED-SHOP-009,SEED-SHOP-009-1,0
SMY-002,SEED-SHOP-010,SEED-SHOP-010-1,0
SMY-002,SEED-SHOP-010,SEED-SHOP-010-2,12
SMY-002,SEED-SHOP-014,,0
SMY-002,SEED-SHOP-017,,7
SMY-002,SEED-SHOP-018,,11
SMY-002,SEED-SHOP-019,SEED-SHOP-019-1,0
SMY-002,SEED-SHOP-019,SEED-SHOP-019-2,9
SMY-002,SEED-SHOP-020,,8
SMY-002,SEED-SHOP-022,,5
SMY-002,SEED-SHOP-023,,8
SMY-002,SEED-SHOP-027,SEED-SHOP-027-1,4
SMY-002,SEED-SHOP-027,SEED-SHOP-027-2,4
SMY-002,SEED-SHOP-029,,5
SMY-002,SEED-SHOP-031,,8
SMY-002,SEED-SHOP-032,,6
SMY-002,SEED-SHOP-036,,8
SMY-002,SEED-SHOP-038,SEED-SHOP-038-1,1
SMY-002,SEED-SHOP-038,SEED-SHOP-038-2,1
SMY-002,SEED-SHOP-039,SEED-SHOP-039-1,12
SMY-002,SEED-SHOP-039,SEED-SHOP-039-2,0
SMY-002,SEED-SHOP-042,,0
SMY-002,SEED-SHOP-044,,12
SMY-002,SEED-SHOP-045,SEED-SHOP-045-1,12
SMY-002,SEED-SHOP-045,SEED-SHOP-045-2,9
SMY-002,SEED-SHOP-046,,9
SMY-002,SEED-SHOP-047,,0
SMY-002,SEED-SHOP-049,SEED-SHOP-049-1,2
SMY-002,SEED-SHOP-049,SEED-SHOP-049-2,0
SMY-002,SEED-SHOP-050,SEED-SHOP-050-1,0
SMY-002,SEED-SHOP-050,SEED-SHOP-050-2,3
SMY-002,SEED-SHOP-052,SEED-SHOP-052-1,0
SMY-002,SEED-SHOP-052,SEED-SHOP-052-2,12
SMY-002,SEED-SHOP-053,,12
SMY-002,SEED-SHOP-055,,11
SMY-002,SEED-SHOP-056,SEED-SHOP-056-1,4
SMY-002,SEED-SHOP-056,SEED-SHOP-056-2,7
SMY-002,SEED-SHOP-057,SEED-SHOP-057-1,12
SMY-002,SEED-SHOP-057,SEED-SHOP-057-2,0
SMY-002,SEED-SHOP-058,,0
SMY-002,SEED-SHOP-059,,3
SMY-002,SEED-SHOP-061,,4
SMY-002,SEED-SHOP-063,SEED-SHOP-063-1,10
SMY-002,SEED-SHOP-063,SEED-SHOP-063-2,0
SMY-002,SEED-SHOP-064,,11
SMY-002,SEED-SHOP-065,,4
SMY-002,SEED-SHOP-066,,7
SMY-002,SEED-SHOP-070,SEED-SHOP-070-1,6
SMY-002,SEED-SHOP-070,SEED-SHOP-070-2,11
SMY-002,SEED-SHOP-072,SEED-SHOP-072-1,1
SMY-002,SEED-SHOP-072,SEED-SHOP-072-2,0
SMY-002,SEED-SHOP-074,SEED-SHOP-074-1,0
SMY-002,SEED-SHOP-074,SEED-SHOP-074-2,2
SMY-002,SEED-SHOP-075,,0
SMY-002,SEED-SHOP-078,,11
SMY-002,SEED-SHOP-079,SEED-SHOP-079-1,1
SMY-002,SEED-SHOP-079,SEED-SHOP-079-2,0
SMY-003,SEED-SHOP-002,SEED-SHOP-002-1,4
SMY-003,SEED-SHOP-002,SEED-SHOP-002-2,2
SMY-003,SEED-SHOP-005,,0
SMY-003,SEED-SHOP-007,,4
SMY-003,SEED-SHOP-008,SEED-SHOP-008-1,0
SMY-003,SEED-SHOP-009,SEED-SHOP-009-1,0
SMY-003,SEED-SHOP-010,SEED-SHOP-010-1,6
SMY-003,SEED-SHOP-010,SEED-SHOP-010-2,12
SMY-003,SEED-SHOP-011,SEED-SHOP-011-1,0
SMY-003,SEED-SHOP-011,SEED-SHOP-011-2,7
SMY-003,SEED-SHOP-012,SEED-SHOP-012-1,3
SMY-003,SEED-SHOP-012,SEED-SHOP-012-2,6
SMY-003,SEED-SHOP-013,,5
SMY-003,SEED-SHOP-014,,1
SMY-003,SEED-SHOP-015,SEED-SHOP-015-1,10
SMY-003,SEED-SHOP-015,SEED-SHOP-015-2,6
SMY-003,SEED-SHOP-017,,11
SMY-003,SEED-SHOP-019,SEED-SHOP-019-1,10
SMY-003,SEED-SHOP-019,SEED-SHOP-019-2,2
SMY-003,SEED-SHOP-020,,0
SMY-003,SEED-SHOP-022,,0
SMY-003,SEED-SHOP-024,,4
SMY-003,SEED-SHOP-025,,0
SMY-003,SEED-SHOP-026,SEED-SHOP-026-1,9
SMY-003,SEED-SHOP-026,SEED-SHOP-026-2,0
SMY-003,SEED-SHOP-031,,4
SMY-003,SEED-SHOP-033,SEED-SHOP-033-1,0
SMY-003,SEED-SHOP-033,SEED-SHOP-033-2,0
SMY-003,SEED-SHOP-035,SEED-SHOP-035-1,5
SMY-003,SEED-SHOP-035,SEED-SHOP-035-2,4
SMY-003,SEED-SHOP-038,SEED-SHOP-038-1,5
SMY-003,SEED-SHOP-038,SEED-SHOP-038-2,0
SMY-003,SEED-SHOP-040,,8
SMY-003,SEED-SHOP-041,SEED-SHOP-041-1,0
SMY-003,SEED-SHOP-041,SEED-SHOP-041-2,7
SMY-003,SEED-SHOP-042,,0
SMY-003,SEED-SHOP-044,,11
SMY-003,SEED-SHOP-047,,0
SMY-003,SEED-SHOP-050,SEED-SHOP-050-1,0
SMY-003,SEED-SHOP-050,SEED-SHOP-050-2,5
SMY-003,SEED-SHOP-051,,4
SMY-003,SEED-SHOP-052,SEED-SHOP-052-1,2
SMY-003,SEED-SHOP-052,SEED-SHOP-052-2,4
SMY-003,SEED-SHOP-053,,7
SMY-003,SEED-SHOP-054,SEED-SHOP-054-1,0
SMY-003,SEED-SHOP-054,SEED-SHOP-054-2,7
SMY-003,SEED-SHOP-055,,0
SMY-003,SEED-SHOP-056,SEED-SHOP-056-1,0
SMY-003,SEED-SHOP-056,SEED-SHOP-056-2,2
SMY-003,SEED-SHOP-057,SEED-SHOP-057-1,1
SMY-003,SEED-SHOP-057,SEED-SHOP-057-2,6
SMY-003,SEED-SHOP-058,,0
SMY-003,SEED-SHOP-059,,7
SMY-003,SEED-SHOP-060,,9
SMY-003,SEED-SHOP-062,,5
SMY-003,SEED-SHOP-063,SEED-SHOP-063-1,0
SMY-003,SEED-SHOP-063,SEED-SHOP-063-2,7
SMY-003,SEED-SHOP-064,,0
SMY-003,SEED-SHOP-067,,0
SMY-003,SEED-SHOP-069,SEED-SHOP-069-1,4
SMY-003,SEED-SHOP-069,SEED-SHOP-069-2,8
SMY-003,SEED-SHOP-072,SEED-SHOP-072-1,1
SMY-003,SEED-SHOP-072,SEED-SHOP-072-2,1
SMY-003,SEED-SHOP-073,SEED-SHOP-073-1,0
SMY-003,SEED-SHOP-073,SEED-SHOP-073-2,0
SMY-003,SEED-SHOP-076,SEED-SHOP-076-1,3
SMY-003,SEED-SHOP-079,SEED-SHOP-079-1,0
SMY-003,SEED-SHOP-079,SEED-SHOP-079-2,6
SMY-004,SEED-SHOP-002,SEED-SHOP-002-1,9
SMY-004,SEED-SHOP-002,SEED-SHOP-002-2,10
SMY-004,SEED-SHOP-003,,2
SMY-004,SEED-SHOP-007,,0
SMY-004,SEED-SHOP-008,SEED-SHOP-008-1,0
SMY-004,SEED-SHOP-009,SEED-SHOP-009-1,4
SMY-004,SEED-SHOP-010,SEED-SHOP-010-1,5
SMY-004,SEED-SHOP-010,SEED-SHOP-010-2,2
SMY-004,SEED-SHOP-011,SEED-SHOP-011-1,2
SMY-004,SEED-SHOP-011,SEED-SHOP-011-2,11
SMY-004,SEED-SHOP-012,SEED-SHOP-012-1,0
SMY-004,SEED-SHOP-012,SEED-SHOP-012-2,0
SMY-004,SEED-SHOP-013,,10
SMY-004,SEED-SHOP-015,SEED-SHOP-015-1,11
SMY-004,SEED-SHOP-015,SEED-SHOP-015-2,0
SMY-004,SEED-SHOP-016,,5
SMY-004,SEED-SHOP-017,,7
SMY-004,SEED-SHOP-019,SEED-SHOP-019-1,4
SMY-004,SEED-SHOP-019,SEED-SHOP-019-2,0
SMY-004,SEED-SHOP-021,,10
SMY-004,SEED-SHOP-023,,0
SMY-004,SEED-SHOP-024,,0
SMY-004,SEED-SHOP-025,,10
SMY-004,SEED-SHOP-026,SEED-SHOP-026-1,0
SMY-004,SEED-SHOP-026,SEED-SHOP-026-2,10
SMY-004,SEED-SHOP-027,SEED-SHOP-027-1,12
SMY-004,SEED-SHOP-027,SEED-SHOP-027-2,8
SMY-004,SEED-SHOP-029,,10
SMY-004,SEED-SHOP-031,,2
SMY-004,SEED-SHOP-032,,0
SMY-004,SEED-SHOP-033,SEED-SHOP-033-1,0
SMY-004,SEED-SHOP-033,SEED-SHOP-033-2,4
SMY-004,SEED-SHOP-034,SEED-SHOP-034-1,10
SMY-004,SEED-SHOP-034,SEED-SHOP-034-2,0
SMY-004,SEED-SHOP-035,SEED-SHOP-035-1,7
SMY-004,SEED-SHOP-035,SEED-SHOP-035-2,6
SMY-004,SEED-SHOP-036,,10
SMY-004,SEED-SHOP-037,,0
SMY-004,SEED-SHOP-038,SEED-SHOP-038-1,5
SMY-004,SEED-SHOP-038,SEED-SHOP-038-2,5
SMY-004,SEED-SHOP-046,,12
SMY-004,SEED-SHOP-047,,0
SMY-004,SEED-SHOP-052,SEED-SHOP-052-1,10
SMY-004,SEED-SHOP-052,SEED-SHOP-052-2,6
SMY-004,SEED-SHOP-053,,4
SMY-004,SEED-SHOP-056,SEED-SHOP-056-1,0
SMY-004,SEED-SHOP-056,SEED-SHOP-056-2,6
SMY-004,SEED-SHOP-059,,3
SMY-004,SEED-SHOP-062,,0
SMY-004,SEED-SHOP-064,,2
SMY-004,SEED-SHOP-065,,0
SMY-004,SEED-SHOP-066,,0
SMY-004,SEED-SHOP-068,SEED-SHOP-068-1,12
SMY-004,SEED-SHOP-068,SEED-SHOP-068-2,7
SMY-004,SEED-SHOP-072,SEED-SHOP-072-1,12
SMY-004,SEED-SHOP-072,SEED-SHOP-072-2,0
SMY-004,SEED-SHOP-074,SEED-SHOP-074-1,11
SMY-004,SEED-SHOP-074,SEED-SHOP-074-2,8
SMY-004,SEED-SHOP-076,SEED-SHOP-076-1,7
SMY-004,SEED-SHOP-080,SEED-SHOP-080-1,3
SMY-005,SEED-SHOP-001,,0
SMY-005,SEED-SHOP-002,SEED-SHOP-002-1,5
SMY-005,SEED-SHOP-002,SEED-SHOP-002-2,0
SMY-005,SEED-SHOP-003,,2
SMY-005,SEED-SHOP-004,,12
SMY-005,SEED-SHOP-005,,3
SMY-005,SEED-SHOP-006,SEED-SHOP-006-1,2
SMY-005,SEED-SHOP-006,SEED-SHOP-006-2,3
SMY-005,SEED-SHOP-009,SEED-SHOP-009-1,6
SMY-005,SEED-SHOP-011,SEED-SHOP-011-1,0
SMY-005,SEED-SHOP-011,SEED-SHOP-011-2,7
SMY-005,SEED-SHOP-014,,3
SMY-005,SEED-SHOP-015,SEED-SHOP-015-1,4
SMY-005,SEED-SHOP-015,SEED-SHOP-015-2,4
SMY-005,SEED-SHOP-020,,12
SMY-005,SEED-SHOP-022,,5
SMY-005,SEED-SHOP-023,,10
SMY-005,SEED-SHOP-024,,2
SMY-005,SEED-SHOP-025,,11
SMY-005,SEED-SHOP-026,SEED-SHOP-026-1,2
SMY-005,SEED-SHOP-026,SEED-SHOP-026-2,0
SMY-005,SEED-SHOP-027,SEED-SHOP-027-1,2
SMY-005,SEED-SHOP-027,SEED-SHOP-027-2,0
SMY-005,SEED-SHOP-029,,8
SMY-005,SEED-SHOP-030,,7
SMY-005,SEED-SHOP-031,,5
SMY-005,SEED-SHOP-032,,0
SMY-005,SEED-SHOP-033,SEED-SHOP-033-1,8
SMY-005,SEED-SHOP-033,SEED-SHOP-033-2,10
SMY-005,SEED-SHOP-035,SEED-SHOP-035-1,4
SMY-005,SEED-SHOP-035,SEED-SHOP-035-2,12
SMY-005,SEED-SHOP-037,,0
SMY-005,SEED-SHOP-039,SEED-SHOP-039-1,10
SMY-005,SEED-SHOP-039,SEED-SHOP-039-2,12
SMY-005,SEED-SHOP-042,,0
SMY-005,SEED-SHOP-044,,3
SMY-005,SEED-SHOP-045,SEED-SHOP-045-1,0
SMY-005,SEED-SHOP-045,SEED-SHOP-045-2,9
SMY-005,SEED-SHOP-046,,3
SMY-005,SEED-SHOP-047,,0
SMY-005,SEED-SHOP-048,,9
SMY-005,SEED-SHOP-050,SEED-SHOP-050-1,0
SMY-005,SEED-SHOP-050,SEED-SHOP-050-2,2
SMY-005,SEED-SHOP-051,,10
SMY-005,SEED-SHOP-052,SEED-SHOP-052-1,12
SMY-005,SEED-SHOP-052,SEED-SHOP-052-2,0
SMY-005,SEED-SHOP-053,,3
SMY-005,SEED-SHOP-055,,11
SMY-005,SEED-SHOP-056,SEED-SHOP-056-1,11
SMY-005,SEED-SHOP-056,SEED-SHOP-056-2,1
SMY-005,SEED-SHOP-057,SEED-SHOP-057-1,9
SMY-005,SEED-SHOP-057,SEED-SHOP-057-2,2
SMY-005,SEED-SHOP-058,,0
SMY-005,SEED-SHOP-061,,11
SMY-005,SEED-SHOP-062,,3
SMY-005,SEED-SHOP-063,SEED-SHOP-063-1,0
SMY-005,SEED-SHOP-063,SEED-SHOP-063-2,1
SMY-005,SEED-SHOP-064,,5
SMY-005,SEED-SHOP-066,,1
SMY-005,SEED-SHOP-070,SEED-SHOP-070-1,1
SMY-005,SEED-SHOP-070,SEED-SHOP-070-2,0
SMY-005,SEED-SHOP-072,SEED-SHOP-072-1,10
SMY-005,SEED-SHOP-072,SEED-SHOP-072-2,0
SMY-005,SEED-SHOP-080,SEED-SHOP-080-1,6
SMY-006,SEED-SHOP-001,,4
SMY-006,SEED-SHOP-003,,9
SMY-006,SEED-SHOP-004,,0
SMY-006,SEED-SHOP-006,SEED-SHOP-006-1,9
SMY-006,SEED-SHOP-006,SEED-SHOP-006-2,0
SMY-006,SEED-SHOP-007,,10
SMY-006,SEED-SHOP-008,SEED-SHOP-008-1,0
SMY-006,SEED-SHOP-012,SEED-SHOP-012-1,3
SMY-006,SEED-SHOP-012,SEED-SHOP-012-2,12
SMY-006,SEED-SHOP-013,,6
SMY-006,SEED-SHOP-014,,2
SMY-006,SEED-SHOP-016,,12
SMY-006,SEED-SHOP-021,,3
SMY-006,SEED-SHOP-026,SEED-SHOP-026-1,9
SMY-006,SEED-SHOP-026,SEED-SHOP-026-2,3
SMY-006,SEED-SHOP-032,,9
SMY-006,SEED-SHOP-033,SEED-SHOP-033-1,0
SMY-006,SEED-SHOP-033,SEED-SHOP-033-2,4
SMY-006,SEED-SHOP-036,,0
SMY-006,SEED-SHOP-039,SEED-SHOP-039-1,0
SMY-006,SEED-SHOP-039,SEED-SHOP-039-2,6
SMY-006,SEED-SHOP-040,,3
SMY-006,SEED-SHOP-041,SEED-SHOP-041-1,0
SMY-006,SEED-SHOP-041,SEED-SHOP-041-2,0
SMY-006,SEED-SHOP-042,,0
SMY-006,SEED-SHOP-044,,9
SMY-006,SEED-SHOP-045,SEED-SHOP-045-1,6
SMY-006,SEED-SHOP-045,SEED-SHOP-045-2,5
SMY-006,SEED-SHOP-046,,1
SMY-006,SEED-SHOP-047,,0
SMY-006,SEED-SHOP-049,SEED-SHOP-049-1,0
SMY-006,SEED-SHOP-049,SEED-SHOP-049-2,6
SMY-006,SEED-SHOP-050,SEED-SHOP-050-1,5
SMY-006,SEED-SHOP-050,SEED-SHOP-050-2,9
SMY-006,SEED-SHOP-053,,10
SMY-006,SEED-SHOP-054,SEED-SHOP-054-1,8
SMY-006,SEED-SHOP-054,SEED-SHOP-054-2,8
SMY-006,SEED-SHOP-055,,0
SMY-006,SEED-SHOP-057,SEED-SHOP-057-1,7
SMY-006,SEED-SHOP-057,SEED-SHOP-057-2,7
SMY-006,SEED-SHOP-058,,0
SMY-006,SEED-SHOP-060,,3
SMY-006,SEED-SHOP-061,,4
SMY-006,SEED-SHOP-062,,2
SMY-006,SEED-SHOP-063,SEED-SHOP-063-1,8
SMY-006,SEED-SHOP-063,SEED-SHOP-063-2,7
SMY-006,SEED-SHOP-064,,8
SMY-006,SEED-SHOP-065,,4
SMY-006,SEED-SHOP-067,,7
SMY-006,SEED-SHOP-069,SEED-SHOP-069-1,12
SMY-006,SEED-SHOP-069,SEED-SHOP-069-2,4
SMY-006,SEED-SHOP-073,SEED-SHOP-073-1,3
SMY-006,SEED-SHOP-073,SEED-SHOP-073-2,0
SMY-006,SEED-SHOP-075,,0
SMY-006,SEED-SHOP-076,SEED-SHOP-076-1,4
SMY-006,SEED-SHOP-077,,0
SMY-006,SEED-SHOP-078,,9
SMY-006,SEED-SHOP-079,SEED-SHOP-079-1,11
SMY-006,SEED-SHOP-079,SEED-SHOP-079-2,10
SMY-006,SEED-SHOP-080,SEED-SHOP-080-1,4
SMY-007,SEED-SHOP-001,,12
SMY-007,SEED-SHOP-002,SEED-SHOP-002-1,11
SMY-007,SEED-SHOP-002,SEED-SHOP-002-2,12
SMY-007,SEED-SHOP-005,,5
SMY-007,SEED-SHOP-006,SEED-SHOP-006-1,4
SMY-007,SEED-SHOP-006,SEED-SHOP-006-2,0
SMY-007,SEED-SHOP-007,,0
SMY-007,SEED-SHOP-008,SEED-SHOP-008-1,0
SMY-007,SEED-SHOP-010,SEED-SHOP-010-1,10
SMY-007,SEED-SHOP-010,SEED-SHOP-010-2,4
SMY-007,SEED-SHOP-012,SEED-SHOP-012-1,0
SMY-007,SEED-SHOP-012,SEED-SHOP-012-2,10
SMY-007,SEED-SHOP-013,,8
SMY-007,SEED-SHOP-014,,4
SMY-007,SEED-SHOP-016,,8
SMY-007,SEED-SHOP-017,,0
SMY-007,SEED-SHOP-018,,3
SMY-007,SEED-SHOP-019,SEED-SHOP-019-1,7
SMY-007,SEED-SHOP-019,SEED-SHOP-019-2,5
SMY-007,SEED-SHOP-023,,7
SMY-007,SEED-SHOP-024,,3
SMY-007,SEED-SHOP-026,SEED-SHOP-026-1,0
SMY-007,SEED-SHOP-026,SEED-SHOP-026-2,0
SMY-007,SEED-SHOP-027,SEED-SHOP-027-1,10
SMY-007,SEED-SHOP-027,SEED-SHOP-027-2,5
SMY-007,SEED-SHOP-029,,9
SMY-007,SEED-SHOP-031,,0
SMY-007,SEED-SHOP-032,,0
SMY-007,SEED-SHOP-035,SEED-SHOP-035-1,7
SMY-007,SEED-SHOP-035,SEED-SHOP-035-2,6
SMY-007,SEED-SHOP-036,,6
SMY-007,SEED-SHOP-042,,0
SMY-007,SEED-SHOP-043,,1
SMY-007,SEED-SHOP-044,,5
SMY-007,SEED-SHOP-045,SEED-SHOP-045-1,0
SMY-007,SEED-SHOP-045,SEED-SHOP-045-2,6
SMY-007,SEED-SHOP-047,,0
SMY-007,SEED-SHOP-048,,7
SMY-007,SEED-SHOP-049,SEED-SHOP-049-1,2
SMY-007,SEED-SHOP-049,SEED-SHOP-049-2,0
SMY-007,SEED-SHOP-051,,8
SMY-007,SEED-SHOP-052,SEED-SHOP-052-1,2
SMY-007,SEED-SHOP-052,SEED-SHOP-052-2,1
SMY-007,SEED-SHOP-054,SEED-SHOP-054-1,0
SMY-007,SEED-SHOP-054,SEED-SHOP-054-2,8
SMY-007,SEED-SHOP-056,SEED-SHOP-056-1,5
SMY-007,SEED-SHOP-056,SEED-SHOP-056-2,7
SMY-007,SEED-SHOP-057,SEED-SHOP-057-1,9
SMY-007,SEED-SHOP-057,SEED-SHOP-057-2,0
SMY-007,SEED-SHOP-058,,0
SMY-007,SEED-SHOP-059,,12
SMY-007,SEED-SHOP-060,,10
SMY-007,SEED-SHOP-063,SEED-SHOP-063-1,4
SMY-007,SEED-SHOP-063,SEED-SHOP-063-2,9
SMY-007,SEED-SHOP-064,,1
SMY-007,SEED-SHOP-066,,3
SMY-007,SEED-SHOP-067,,0
SMY-007,SEED-SHOP-068,SEED-SHOP-068-1,0
SMY-007,SEED-SHOP-068,SEED-SHOP-068-2,7
SMY-007,SEED-SHOP-071,,2
SMY-007,SEED-SHOP-074,SEED-SHOP-074-1,5
SMY-007,SEED-SHOP-074,SEED-SHOP-074-2,0
SMY-007,SEED-SHOP-075,,2
SMY-007,SEED-SHOP-076,SEED-SHOP-076-1,0
SMY-007,SEED-SHOP-078,,11
SMY-007,SEED-SHOP-079,SEED-SHOP-079-1,3
SMY-007,SEED-SHOP-079,SEED-SHOP-079-2,0
SMY-007,SEED-SHOP-080,SEED-SHOP-080-1,11
SMY-008,SEED-SHOP-001,,0
SMY-008,SEED-SHOP-002,SEED-SHOP-002-1,0
SMY-008,SEED-SHOP-002,SEED-SHOP-002-2,2
SMY-008,SEED-SHOP-003,,6
SMY-008,SEED-SHOP-005,,0
SMY-008,SEED-SHOP-007,,0
SMY-008,SEED-SHOP-008,SEED-SHOP-008-1,0
SMY-008,SEED-SHOP-009,SEED-SHOP-009-1,3
SMY-008,SEED-SHOP-010,SEED-SHOP-010-1,4
SMY-008,SEED-SHOP-010,SEED-SHOP-010-2,3
SMY-008,SEED-SHOP-012,SEED-SHOP-012-1,8
SMY-008,SEED-SHOP-012,SEED-SHOP-012-2,0
SMY-008,SEED-SHOP-014,,3
SMY-008,SEED-SHOP-015,SEED-SHOP-015-1,0
SMY-008,SEED-SHOP-015,SEED-SHOP-015-2,0
SMY-008,SEED-SHOP-017,,11
SMY-008,SEED-SHOP-018,,12
SMY-008,SEED-SHOP-019,SEED-SHOP-019-1,12
SMY-008,SEED-SHOP-019,SEED-SHOP-019-2,2
SMY-008,SEED-SHOP-022,,0
SMY-008,SEED-SHOP-023,,11
SMY-008,SEED-SHOP-024,,1
SMY-008,SEED-SHOP-025,,7
SMY-008,SEED-SHOP-026,SEED-SHOP-026-1,0
SMY-008,SEED-SHOP-026,SEED-SHOP-026-2,7
SMY-008,SEED-SHOP-027,SEED-SHOP-027-1,3
SMY-008,SEED-SHOP-027,SEED-SHOP-027-2,3
SMY-008,SEED-SHOP-028,,10
SMY-008,SEED-SHOP-030,,5
SMY-008,SEED-SHOP-035,SEED-SHOP-035-1,12
SMY-008,SEED-SHOP-035,SEED-SHOP-035-2,1
SMY-008,SEED-SHOP-037,,1
SMY-008,SEED-SHOP-040,,3
SMY-008,SEED-SHOP-043,,5
SMY-008,SEED-SHOP-046,,3
SMY-008,SEED-SHOP-049,SEED-SHOP-049-1,0
SMY-008,SEED-SHOP-049,SEED-SHOP-049-2,2
SMY-008,SEED-SHOP-050,SEED-SHOP-050-1,3
SMY-008,SEED-SHOP-050,SEED-SHOP-050-2,2
SMY-008,SEED-SHOP-051,,12
SMY-008,SEED-SHOP-053,,2
SMY-008,SEED-SHOP-054,SEED-SHOP-054-1,5
SMY-008,SEED-SHOP-054,SEED-SHOP-054-2,12
SMY-008,SEED-SHOP-055,,3
SMY-008,SEED-SHOP-057,SEED-SHOP-057-1,6
SMY-008,SEED-SHOP-057,SEED-SHOP-057-2,5
SMY-008,SEED-SHOP-058,,0
SMY-008,SEED-SHOP-060,,9
SMY-008,SEED-SHOP-063,SEED-SHOP-063-1,4
SMY-008,SEED-SHOP-063,SEED-SHOP-063-2,12
SMY-008,SEED-SHOP-064,,0
SMY-008,SEED-SHOP-065,,3
SMY-008,SEED-SHOP-066,,10
SMY-008,SEED-SHOP-068,SEED-SHOP-068-1,0
SMY-008,SEED-SHOP-068,SEED-SHOP-068-2,5
SMY-008,SEED-SHOP-069,SEED-SHOP-069-1,5
SMY-008,SEED-SHOP-069,SEED-SHOP-069-2,6
SMY-008,SEED-SHOP-072,SEED-SHOP-072-1,3
SMY-008,SEED-SHOP-072,SEED-SHOP-072-2,0
SMY-008,SEED-SHOP-073,SEED-SHOP-073-1,3
SMY-008,SEED-SHOP-073,SEED-SHOP-073-2,11
SMY-008,SEED-SHOP-074,SEED-SHOP-074-1,0
SMY-008,SEED-SHOP-074,SEED-SHOP-074-2,11
SMY-008,SEED-SHOP-075,,0
SMY-008,SEED-SHOP-077,,0
SMY-008,SEED-SHOP-078,,8
SMY-008,SEED-SHOP-080,SEED-SHOP-080-1,10
SNR-001,SEED-SHOP-002,SEED-SHOP-002-1,2
SNR-001,SEED-SHOP-002,SEED-SHOP-002-2,10
SNR-001,SEED-SHOP-004,,0
SNR-001,SEED-SHOP-009,SEED-SHOP-009-1,0
SNR-001,SEED-SHOP-010,SEED-SHOP-010-1,0
SNR-001,SEED-SHOP-010,SEED-SHOP-010-2,3
SNR-001,SEED-SHOP-011,SEED-SHOP-011-1,0
SNR-001,SEED-SHOP-011,SEED-SHOP-011-2,8
SNR-001,SEED-SHOP-012,SEED-SHOP-012-1,9
SNR-001,SEED-SHOP-012,SEED-SHOP-012-2,9
SNR-001,SEED-SHOP-014,,9
SNR-001,SEED-SHOP-015,SEED-SHOP-015-1,6
SNR-001,SEED-SHOP-015,SEED-SHOP-015-2,10
SNR-001,SEED-SHOP-017,,3
SNR-001,SEED-SHOP-021,,0
SNR-001,SEED-SHOP-022,,0
SNR-001,SEED-SHOP-023,,2
SNR-001,SEED-SHOP-025,,5
SNR-001,SEED-SHOP-027,SEED-SHOP-027-1,11
SNR-001,SEED-SHOP-027,SEED-SHOP-027-2,12
SNR-001,SEED-SHOP-028,,7
SNR-001,SEED-SHOP-029,,10
SNR-001,SEED-SHOP-031,,0
SNR-001,SEED-SHOP-034,SEED-SHOP-034-1,6
SNR-001,SEED-SHOP-034,SEED-SHOP-034-2,0
SNR-001,SEED-SHOP-035,SEED-SHOP-035-1,0
SNR-001,SEED-SHOP-035,SEED-SHOP-035-2,2
SNR-001,SEED-SHOP-036,,12
SNR-001,SEED-SHOP-037,,10
SNR-001,SEED-SHOP-038,SEED-SHOP-038-1,0
SNR-001,SEED-SHOP-038,SEED-SHOP-038-2,0
SNR-001,SEED-SHOP-039,SEED-SHOP-039-1,10
SNR-001,SEED-SHOP-039,SEED-SHOP-039-2,4
SNR-001,SEED-SHOP-044,,0
SNR-001,SEED-SHOP-045,SEED-SHOP-045-1,7
SNR-001,SEED-SHOP-045,SEED-SHOP-045-2,1
SNR-001,SEED-SHOP-046,,6
SNR-001,SEED-SHOP-048,,6
SNR-001,SEED-SHOP-049,SEED-SHOP-049-1,7
SNR-001,SEED-SHOP-049,SEED-SHOP-049-2,11
SNR-001,SEED-SHOP-050,SEED-SHOP-050-1,0
SNR-001,SEED-SHOP-050,SEED-SHOP-050-2,0
SNR-001,SEED-SHOP-054,SEED-SHOP-054-1,0
SNR-001,SEED-SHOP-054,SEED-SHOP-054-2,0
SNR-001,SEED-SHOP-056,SEED-SHOP-056-1,0
SNR-001,SEED-SHOP-056,SEED-SHOP-056-2,11
SNR-001,SEED-SHOP-061,,12
SNR-001,SEED-SHOP-063,SEED-SHOP-063-1,0
SNR-001,SEED-SHOP-063,SEED-SHOP-063-2,7
SNR-001,SEED-SHOP-065,,12
SNR-001,SEED-SHOP-066,,9
SNR-001,SEED-SHOP-067,,4
SNR-001,SEED-SHOP-069,SEED-SHOP-069-1,0
SNR-001,SEED-SHOP-069,SEED-SHOP-069-2,0
SNR-001,SEED-SHOP-070,SEED-SHOP-070-1,0
SNR-001,SEED-SHOP-070,SEED-SHOP-070-2,8
SNR-001,SEED-SHOP-072,SEED-SHOP-072-1,4
SNR-001,SEED-SHOP-072,SEED-SHOP-072-2,2
SNR-001,SEED-SHOP-073,SEED-SHOP-073-1,6
SNR-001,SEED-SHOP-073,SEED-SHOP-073-2,0
SNR-001,SEED-SHOP-075,,2
SNR-001,SEED-SHOP-077,,11
SNR-001,SEED-SHOP-078,,0
SNR-001,SEED-SHOP-080,SEED-SHOP-080-1,7
SNR-002,SEED-SHOP-001,,1
SNR-002,SEED-SHOP-003,,6
SNR-002,SEED-SHOP-007,,12
SNR-002,SEED-SHOP-010,SEED-SHOP-010-1,0
SNR-002,SEED-SHOP-010,SEED-SHOP-010-2,0
SNR-002,SEED-SHOP-011,SEED-SHOP-011-1,10
SNR-002,SEED-SHOP-011,SEED-SHOP-011-2,0
SNR-002,SEED-SHOP-012,SEED-SHOP-012-1,12
SNR-002,SEED-SHOP-012,SEED-SHOP-012-2,10
SNR-002,SEED-SHOP-013,,12
SNR-002,SEED-SHOP-014,,9
SNR-002,SEED-SHOP-015,SEED-SHOP-015-1,0
SNR-002,SEED-SHOP-015,SEED-SHOP-015-2,2
SNR-002,SEED-SHOP-016,,2
SNR-002,SEED-SHOP-017,,0
SNR-002,SEED-SHOP-018,,0
SNR-002,SEED-SHOP-030,,9
SNR-002,SEED-SHOP-033,SEED-SHOP-033-1,0
SNR-002,SEED-SHOP-033,SEED-SHOP-033-2,5
SNR-002,SEED-SHOP-036,,11
SNR-002,SEED-SHOP-038,SEED-SHOP-038-1,4
SNR-002,SEED-SHOP-038,SEED-SHOP-038-2,2
SNR-002,SEED-SHOP-040,,11
SNR-002,SEED-SHOP-043,,11
SNR-002,SEED-SHOP-044,,0
SNR-002,SEED-SHOP-045,SEED-SHOP-045-1,9
SNR-002,SEED-SHOP-045,SEED-SHOP-045-2,0
SNR-002,SEED-SHOP-046,,0
SNR-002,SEED-SHOP-048,,7
SNR-002,SEED-SHOP-051,,0
SNR-002,SEED-SHOP-052,SEED-SHOP-052-1,5
SNR-002,SEED-SHOP-052,SEED-SHOP-052-2,0
SNR-002,SEED-SHOP-054,SEED-SHOP-054-1,0
SNR-002,SEED-SHOP-054,SEED-SHOP-054-2,0
SNR-002,SEED-SHOP-056,SEED-SHOP-056-1,7
SNR-002,SEED-SHOP-056,SEED-SHOP-056-2,8
SNR-002,SEED-SHOP-057,SEED-SHOP-057-1,5
SNR-002,SEED-SHOP-057,SEED-SHOP-057-2,0
SNR-002,SEED-SHOP-060,,1
SNR-002,SEED-SHOP-061,,0
SNR-002,SEED-SHOP-062,,0
SNR-002,SEED-SHOP-063,SEED-SHOP-063-1,10
SNR-002,SEED-SHOP-063,SEED-SHOP-063-2,2
SNR-002,SEED-SHOP-065,,0
SNR-002,SEED-SHOP-069,SEED-SHOP-069-1,7
SNR-002,SEED-SHOP-069,SEED-SHOP-069-2,2
SNR-002,SEED-SHOP-071,,0
SNR-002,SEED-SHOP-072,SEED-SHOP-072-1,6
SNR-002,SEED-SHOP-072,SEED-SHOP-072-2,12
SNR-002,SEED-SHOP-075,,6
SNR-002,SEED-SHOP-076,SEED-SHOP-076-1,12
SNR-002,SEED-SHOP-079,SEED-SHOP-079-1,3
SNR-002,SEED-SHOP-079,SEED-SHOP-079-2,0
SNR-003,SEED-SHOP-002,SEED-SHOP-002-1,9
SNR-003,SEED-SHOP-002,SEED-SHOP-002-2,0
SNR-003,SEED-SHOP-007,,0
SNR-003,SEED-SHOP-008,SEED-SHOP-008-1,0
SNR-003,SEED-SHOP-009,SEED-SHOP-009-1,3
SNR-003,SEED-SHOP-011,SEED-SHOP-011-1,0
SNR-003,SEED-SHOP-011,SEED-SHOP-011-2,4
SNR-003,SEED-SHOP-012,SEED-SHOP-012-1,10
SNR-003,SEED-SHOP-012,SEED-SHOP-012-2,6
SNR-003,SEED-SHOP-013,,0
SNR-003,SEED-SHOP-014,,0
SNR-003,SEED-SHOP-016,,10
SNR-003,SEED-SHOP-017,,12
SNR-003,SEED-SHOP-021,,0
SNR-003,SEED-SHOP-024,,9
SNR-003,SEED-SHOP-027,SEED-SHOP-027-1,0
SNR-003,SEED-SHOP-027,SEED-SHOP-027-2,5
SNR-003,SEED-SHOP-028,,0
SNR-003,SEED-SHOP-029,,12
SNR-003,SEED-SHOP-032,,0
SNR-003,SEED-SHOP-033,SEED-SHOP-033-1,8
SNR-003,SEED-SHOP-033,SEED-SHOP-033-2,0
SNR-003,SEED-SHOP-036,,4
SNR-003,SEED-SHOP-037,,6
SNR-003,SEED-SHOP-038,SEED-SHOP-038-1,6
SNR-003,SEED-SHOP-038,SEED-SHOP-038-2,3
SNR-003,SEED-SHOP-039,SEED-SHOP-039-1,10
SNR-003,SEED-SHOP-039,SEED-SHOP-039-2,0
SNR-003,SEED-SHOP-041,SEED-SHOP-041-1,4
SNR-003,SEED-SHOP-041,SEED-SHOP-041-2,0
SNR-003,SEED-SHOP-042,,0
SNR-003,SEED-SHOP-043,,0
SNR-003,SEED-SHOP-044,,4
SNR-003,SEED-SHOP-046,,0
SNR-003,SEED-SHOP-047,,0
SNR-003,SEED-SHOP-048,,6
SNR-003,SEED-SHOP-049,SEED-SHOP-049-1,1
SNR-003,SEED-SHOP-049,SEED-SHOP-049-2,0
SNR-003,SEED-SHOP-052,SEED-SHOP-052-1,0
SNR-003,SEED-SHOP-052,SEED-SHOP-052-2,0
SNR-003,SEED-SHOP-055,,7
SNR-003,SEED-SHOP-058,,0
SNR-003,SEED-SHOP-061,,10
SNR-003,SEED-SHOP-062,,4
SNR-003,SEED-SHOP-063,SEED-SHOP-063-1,2
SNR-003,SEED-SHOP-063,SEED-SHOP-063-2,7
SNR-003,SEED-SHOP-064,,0
SNR-003,SEED-SHOP-066,,0
SNR-003,SEED-SHOP-069,SEED-SHOP-069-1,10
SNR-003,SEED-SHOP-069,SEED-SHOP-069-2,0
SNR-003,SEED-SHOP-072,SEED-SHOP-072-1,8
SNR-003,SEED-SHOP-072,SEED-SHOP-072-2,11
SNR-003,SEED-SHOP-073,SEED-SHOP-073-1,4
SNR-003,SEED-SHOP-073,SEED-SHOP-073-2,0
SNR-003,SEED-SHOP-075,,9
SNR-003,SEED-SHOP-076,SEED-SHOP-076-1,0
SNR-003,SEED-SHOP-077,,0
SNR-003,SEED-SHOP-078,,10
SNR-004,SEED-SHOP-003,,12
SNR-004,SEED-SHOP-004,,2
SNR-004,SEED-SHOP-007,,2
SNR-004,SEED-SHOP-011,SEED-SHOP-011-1,0
SNR-004,SEED-SHOP-011,SEED-SHOP-011-2,7
SNR-004,SEED-SHOP-012,SEED-SHOP-012-1,0
SNR-004,SEED-SHOP-012,SEED-SHOP-012-2,0
SNR-004,SEED-SHOP-017,,0
SNR-004,SEED-SHOP-024,,12
SNR-004,SEED-SHOP-026,SEED-SHOP-026-1,8
SNR-004,SEED-SHOP-026,SEED-SHOP-026-2,9
SNR-004,SEED-SHOP-028,,2
SNR-004,SEED-SHOP-032,,7
SNR-004,SEED-SHOP-033,SEED-SHOP-033-1,8
SNR-004,SEED-SHOP-033,SEED-SHOP-033-2,0
SNR-004,SEED-SHOP-034,SEED-SHOP-034-1,8
SNR-004,SEED-SHOP-034,SEED-SHOP-034-2,4
SNR-004,SEED-SHOP-036,,0
SNR-004,SEED-SHOP-037,,2
SNR-004,SEED-SHOP-038,SEED-SHOP-038-1,11
SNR-004,SEED-SHOP-038,SEED-SHOP-038-2,9
SNR-004,SEED-SHOP-040,,6
SNR-004,SEED-SHOP-041,SEED-SHOP-041-1,3
SNR-004,SEED-SHOP-041,SEED-SHOP-041-2,4
SNR-004,SEED-SHOP-042,,0
SNR-004,SEED-SHOP-044,,3
SNR-004,SEED-SHOP-045,SEED-SHOP-045-1,0
SNR-004,SEED-SHOP-045,SEED-SHOP-045-2,5
SNR-004,SEED-SHOP-046,,10
SNR-004,SEED-SHOP-048,,7
SNR-004,SEED-SHOP-049,SEED-SHOP-049-1,12
SNR-004,SEED-SHOP-049,SEED-SHOP-049-2,8
SNR-004,SEED-SHOP-051,,10
SNR-004,SEED-SHOP-053,,1
SNR-004,SEED-SHOP-054,SEED-SHOP-054-1,1
SNR-004,SEED-SHOP-054,SEED-SHOP-054-2,7
SNR-004,SEED-SHOP-056,SEED-SHOP-056-1,0
SNR-004,SEED-SHOP-056,SEED-SHOP-056-2,0
SNR-004,SEED-SHOP-057,SEED-SHOP-057-1,6
SNR-004,SEED-SHOP-057,SEED-SHOP-057-2,3
SNR-004,SEED-SHOP-058,,0
SNR-004,SEED-SHOP-059,,0
SNR-004,SEED-SHOP-061,,2
SNR-004,SEED-SHOP-062,,0
SNR-004,SEED-SHOP-063,SEED-SHOP-063-1,7
SNR-004,SEED-SHOP-063,SEED-SHOP-063-2,7
SNR-004,SEED-SHOP-065,,10
SNR-004,SEED-SHOP-066,,3
SNR-004,SEED-SHOP-067,,1
SNR-004,SEED-SHOP-069,SEED-SHOP-069-1,4
SNR-004,SEED-SHOP-069,SEED-SHOP-069-2,2
SNR-004,SEED-SHOP-071,,6
SNR-004,SEED-SHOP-072,SEED-SHOP-072-1,2
SNR-004,SEED-SHOP-072,SEED-SHOP-072-2,1
SNR-004,SEED-SHOP-073,SEED-SHOP-073-1,9
SNR-004,SEED-SHOP-073,SEED-SHOP-073-2,0
SNR-004,SEED-SHOP-075,,12
SNR-004,SEED-SHOP-076,SEED-SHOP-076-1,8
SNR-004,SEED-SHOP-077,,10
SNR-004,SEED-SHOP-080,SEED-SHOP-080-1,4
SNR-005,SEED-SHOP-001,,11
SNR-005,SEED-SHOP-002,SEED-SHOP-002-1,12
SNR-005,SEED-SHOP-002,SEED-SHOP-002-2,9
SNR-005,SEED-SHOP-003,,0
SNR-005,SEED-SHOP-004,,3
SNR-005,SEED-SHOP-006,SEED-SHOP-006-1,11
SNR-005,SEED-SHOP-006,SEED-SHOP-006-2,2
SNR-005,SEED-SHOP-007,,7
SNR-005,SEED-SHOP-008,SEED-SHOP-008-1,0
SNR-005,SEED-SHOP-009,SEED-SHOP-009-1,3
SNR-005,SEED-SHOP-013,,0
SNR-005,SEED-SHOP-015,SEED-SHOP-015-1,0
SNR-005,SEED-SHOP-015,SEED-SHOP-015-2,7
SNR-005,SEED-SHOP-017,,0
SNR-005,SEED-SHOP-021,,0
SNR-005,SEED-SHOP-022,,1
SNR-005,SEED-SHOP-023,,0
SNR-005,SEED-SHOP-024,,10
SNR-005,SEED-SHOP-026,SEED-SHOP-026-1,0
SNR-005,SEED-SHOP-026,SEED-SHOP-026-2,12
SNR-005,SEED-SHOP-029,,0
SNR-005,SEED-SHOP-031,,4
SNR-005,SEED-SHOP-036,,8
SNR-005,SEED-SHOP-037,,11
SNR-005,SEED-SHOP-040,,5
SNR-005,SEED-SHOP-041,SEED-SHOP-041-1,7
SNR-005,SEED-SHOP-041,SEED-SHOP-041-2,11
SNR-005,SEED-SHOP-042,,0
SNR-005,SEED-SHOP-044,,1
SNR-005,SEED-SHOP-048,,1
SNR-005,SEED-SHOP-054,SEED-SHOP-054-1,5
SNR-005,SEED-SHOP-054,SEED-SHOP-054-2,5
SNR-005,SEED-SHOP-056,SEED-SHOP-056-1,0
SNR-005,SEED-SHOP-056,SEED-SHOP-056-2,4
SNR-005,SEED-SHOP-058,,0
SNR-005,SEED-SHOP-059,,7
SNR-005,SEED-SHOP-060,,6
SNR-005,SEED-SHOP-063,SEED-SHOP-063-1,1
SNR-005,SEED-SHOP-063,SEED-SHOP-063-2,0
SNR-005,SEED-SHOP-066,,9
SNR-005,SEED-SHOP-067,,9
SNR-005,SEED-SHOP-068,SEED-SHOP-068-1,9
SNR-005,SEED-SHOP-068,SEED-SHOP-068-2,0
SNR-005,SEED-SHOP-070,SEED-SHOP-070-1,0
SNR-005,SEED-SHOP-070,SEED-SHOP-070-2,12
SNR-005,SEED-SHOP-071,,5
SNR-005,SEED-SHOP-072,SEED-SHOP-072-1,10
SNR-005,SEED-SHOP-072,SEED-SHOP-072-2,10
SNR-005,SEED-SHOP-073,SEED-SHOP-073-1,12
SNR-005,SEED-SHOP-073,SEED-SHOP-073-2,2
SNR-005,SEED-SHOP-075,,0
SNR-005,SEED-SHOP-076,SEED-SHOP-076-1,12
SNR-005,SEED-SHOP-080,SEED-SHOP-080-1,9
SNR-006,SEED-SHOP-001,,2
SNR-006,SEED-SHOP-002,SEED-SHOP-002-1,12
SNR-006,SEED-SHOP-002,SEED-SHOP-002-2,8
SNR-006,SEED-SHOP-003,,3
SNR-006,SEED-SHOP-004,,0
SNR-006,SEED-SHOP-005,,11
SNR-006,SEED-SHOP-006,SEED-SHOP-006-1,10
SNR-006,SEED-SHOP-006,SEED-SHOP-006-2,8
SNR-006,SEED-SHOP-007,,6
SNR-006,SEED-SHOP-009,SEED-SHOP-009-1,0
SNR-006,SEED-SHOP-010,SEED-SHOP-010-1,1
SNR-006,SEED-SHOP-010,SEED-SHOP-010-2,0
SNR-006,SEED-SHOP-011,SEED-SHOP-011-1,3
SNR-006,SEED-SHOP-011,SEED-SHOP-011-2,2
SNR-006,SEED-SHOP-012,SEED-SHOP-012-1,0
SNR-006,SEED-SHOP-012,SEED-SHOP-012-2,0
SNR-006,SEED-SHOP-013,,1
SNR-006,SEED-SHOP-014,,9
SNR-006,SEED-SHOP-015,SEED-SHOP-015-1,0
SNR-006,SEED-SHOP-015,SEED-SHOP-015-2,0
SNR-006,SEED-SHOP-017,,0
SNR-006,SEED-SHOP-018,,2
SNR-006,SEED-SHOP-021,,9
SNR-006,SEED-SHOP-025,,7
SNR-006,SEED-SHOP-028,,0
SNR-006,SEED-SHOP-029,,11
SNR-006,SEED-SHOP-030,,5
SNR-006,SEED-SHOP-031,,11
SNR-006,SEED-SHOP-032,,0
SNR-006,SEED-SHOP-036,,12
SNR-006,SEED-SHOP-037,,12
SNR-006,SEED-SHOP-041,SEED-SHOP-041-1,8
SNR-006,SEED-SHOP-041,SEED-SHOP-041-2,0
SNR-006,SEED-SHOP-043,,6
SNR-006,SEED-SHOP-044,,6
SNR-006,SEED-SHOP-049,SEED-SHOP-049-1,0
SNR-006,SEED-SHOP-049,SEED-SHOP-049-2,7
SNR-006,SEED-SHOP-050,SEED-SHOP-050-1,0
SNR-006,SEED-SHOP-050,SEED-SHOP-050-2,6
SNR-006,SEED-SHOP-051,,0
SNR-006,SEED-SHOP-052,SEED-SHOP-052-1,0
SNR-006,SEED-SHOP-052,SEED-SHOP-052-2,0
SNR-006,SEED-SHOP-053,,6
SNR-006,SEED-SHOP-054,SEED-SHOP-054-1,0
SNR-006,SEED-SHOP-054,SEED-SHOP-054-2,4
SNR-006,SEED-SHOP-055,,7
SNR-006,SEED-SHOP-056,SEED-SHOP-056-1,2
SNR-006,SEED-SHOP-056,SEED-SHOP-056-2,0
SNR-006,SEED-SHOP-057,SEED-SHOP-057-1,0
SNR-006,SEED-SHOP-057,SEED-SHOP-057-2,12
SNR-006,SEED-SHOP-058,,0
SNR-006,SEED-SHOP-059,,0
SNR-006,SEED-SHOP-060,,0
SNR-006,SEED-SHOP-061,,0
SNR-006,SEED-SHOP-063,SEED-SHOP-063-1,0
SNR-006,SEED-SHOP-063,SEED-SHOP-063-2,0
SNR-006,SEED-SHOP-065,,3
SNR-006,SEED-SHOP-068,SEED-SHOP-068-1,7
SNR-006,SEED-SHOP-068,SEED-SHOP-068-2,0
SNR-006,SEED-SHOP-069,SEED-SHOP-069-1,6
SNR-006,SEED-SHOP-069,SEED-SHOP-069-2,11
SNR-006,SEED-SHOP-070,SEED-SHOP-070-1,1
SNR-006,SEED-SHOP-070,SEED-SHOP-070-2,6
SNR-006,SEED-SHOP-071,,9
SNR-006,SEED-SHOP-072,SEED-SHOP-072-1,7
SNR-006,SEED-SHOP-072,SEED-SHOP-072-2,0
SNR-006,SEED-SHOP-075,,12
SNR-006,SEED-SHOP-076,SEED-SHOP-076-1,6
SNR-006,SEED-SHOP-078,,0
SNR-006,SEED-SHOP-079,SEED-SHOP-079-1,11
SNR-006,SEED-SHOP-079,SEED-SHOP-079-2,1
SNR-007,SEED-SHOP-006,SEED-SHOP-006-1,8
SNR-007,SEED-SHOP-006,SEED-SHOP-006-2,8
SNR-007,SEED-SHOP-007,,4
SNR-007,SEED-SHOP-008,SEED-SHOP-008-1,0
SNR-007,SEED-SHOP-010,SEED-SHOP-010-1,10
SNR-007,SEED-SHOP-010,SEED-SHOP-010-2,5
SNR-007,SEED-SHOP-013,,11
SNR-007,SEED-SHOP-015,SEED-SHOP-015-1,9
SNR-007,SEED-SHOP-015,SEED-SHOP-015-2,0
SNR-007,SEED-SHOP-016,,1
SNR-007,SEED-SHOP-017,,0
SNR-007,SEED-SHOP-018,,7
SNR-007,SEED-SHOP-021,,0
SNR-007,SEED-SHOP-022,,4
SNR-007,SEED-SHOP-026,SEED-SHOP-026-1,0
SNR-007,SEED-SHOP-026,SEED-SHOP-026-2,0
SNR-007,SEED-SHOP-027,SEED-SHOP-027-1,0
SNR-007,SEED-SHOP-027,SEED-SHOP-027-2,9
SNR-007,SEED-SHOP-028,,8
SNR-007,SEED-SHOP-040,,11
SNR-007,SEED-SHOP-041,SEED-SHOP-041-1,10
SNR-007,SEED-SHOP-041,SEED-SHOP-041-2,12
SNR-007,SEED-SHOP-042,,0
SNR-007,SEED-SHOP-044,,12
SNR-007,SEED-SHOP-045,SEED-SHOP-045-1,0
SNR-007,SEED-SHOP-045,SEED-SHOP-045-2,11
SNR-007,SEED-SHOP-046,,2
SNR-007,SEED-SHOP-047,,0
SNR-007,SEED-SHOP-048,,0
SNR-007,SEED-SHOP-050,SEED-SHOP-050-1,0
SNR-007,SEED-SHOP-050,SEED-SHOP-050-2,1
SNR-007,SEED-SHOP-051,,10
SNR-007,SEED-SHOP-053,,9
SNR-007,SEED-SHOP-054,SEED-SHOP-054-1,11
SNR-007,SEED-SHOP-054,SEED-SHOP-054-2,10
SNR-007,SEED-SHOP-059,,5
SNR-007,SEED-SHOP-070,SEED-SHOP-070-1,9
SNR-007,SEED-SHOP-070,SEED-SHOP-070-2,9
SNR-007,SEED-SHOP-071,,9
SNR-007,SEED-SHOP-074,SEED-SHOP-074-1,12
SNR-007,SEED-SHOP-074,SEED-SHOP-074-2,0
SNR-007,SEED-SHOP-075,,7
SNR-007,SEED-SHOP-076,SEED-SHOP-076-1,10
SNR-007,SEED-SHOP-077,,3
SNR-007,SEED-SHOP-078,,0
SNR-007,SEED-SHOP-079,SEED-SHOP-079-1,2
SNR-007,SEED-SHOP-079,SEED-SHOP-079-2,0
SNR-007,SEED-SHOP-080,SEED-SHOP-080-1,11
SNR-008,SEED-SHOP-001,,5
SNR-008,SEED-SHOP-002,SEED-SHOP-002-1,10
SNR-008,SEED-SHOP-002,SEED-SHOP-002-2,1
SNR-008,SEED-SHOP-003,,0
SNR-008,SEED-SHOP-004,,9
SNR-008,SEED-SHOP-005,,0
SNR-008,SEED-SHOP-006,SEED-SHOP-006-1,0
SNR-008,SEED-SHOP-006,SEED-SHOP-006-2,0
SNR-008,SEED-SHOP-007,,0
SNR-008,SEED-SHOP-008,SEED-SHOP-008-1,0
SNR-008,SEED-SHOP-009,SEED-SHOP-009-1,10
SNR-008,SEED-SHOP-011,SEED-SHOP-011-1,6
SNR-008,SEED-SHOP-011,SEED-SHOP-011-2,0
SNR-008,SEED-SHOP-014,,0
SNR-008,SEED-SHOP-016,,0
SNR-008,SEED-SHOP-018,,11
SNR-008,SEED-SHOP-019,SEED-SHOP-019-1,9
SNR-008,SEED-SHOP-019,SEED-SHOP-019-2,7
SNR-008,SEED-SHOP-021,,5
SNR-008,SEED-SHOP-022,,10
SNR-008,SEED-SHOP-027,SEED-SHOP-027-1,5
SNR-008,SEED-SHOP-027,SEED-SHOP-027-2,4
SNR-008,SEED-SHOP-029,,0
SNR-008,SEED-SHOP-030,,0
SNR-008,SEED-SHOP-031,,0
SNR-008,SEED-SHOP-033,SEED-SHOP-033-1,0
SNR-008,SEED-SHOP-033,SEED-SHOP-033-2,9
SNR-008,SEED-SHOP-034,SEED-SHOP-034-1,2
SNR-008,SEED-SHOP-034,SEED-SHOP-034-2,8
SNR-008,SEED-SHOP-035,SEED-SHOP-035-1,9
SNR-008,SEED-SHOP-035,SEED-SHOP-035-2,1
SNR-008,SEED-SHOP-036,,11
SNR-008,SEED-SHOP-038,SEED-SHOP-038-1,0
SNR-008,SEED-SHOP-038,SEED-SHOP-038-2,4
SNR-008,SEED-SHOP-039,SEED-SHOP-039-1,6
SNR-008,SEED-SHOP-039,SEED-SHOP-039-2,11
SNR-008,SEED-SHOP-040,,11
SNR-008,SEED-SHOP-043,,5
SNR-008,SEED-SHOP-044,,0
SNR-008,SEED-SHOP-046,,0
SNR-008,SEED-SHOP-050,SEED-SHOP-050-1,4
SNR-008,SEED-SHOP-050,SEED-SHOP-050-2,1
SNR-008,SEED-SHOP-052,SEED-SHOP-052-1,0
SNR-008,SEED-SHOP-052,SEED-SHOP-052-2,11
SNR-008,SEED-SHOP-054,SEED-SHOP-054-1,0
SNR-008,SEED-SHOP-054,SEED-SHOP-054-2,2
SNR-008,SEED-SHOP-057,SEED-SHOP-057-1,3
SNR-008,SEED-SHOP-057,SEED-SHOP-057-2,6
SNR-008,SEED-SHOP-059,,1
SNR-008,SEED-SHOP-061,,9
SNR-008,SEED-SHOP-066,,9
SNR-008,SEED-SHOP-068,SEED-SHOP-068-1,5
SNR-008,SEED-SHOP-068,SEED-SHOP-068-2,2
SNR-008,SEED-SHOP-070,SEED-SHOP-070-1,8
SNR-008,SEED-SHOP-070,SEED-SHOP-070-2,12
SNR-008,SEED-SHOP-071,,10
SNR-008,SEED-SHOP-073,SEED-SHOP-073-1,7
SNR-008,SEED-SHOP-073,SEED-SHOP-073-2,4
SNR-008,SEED-SHOP-077,,12
SNR-008,SEED-SHOP-078,,1
SNR-008,SEED-SHOP-080,SEED-SHOP-080-1,0
ULW-001,SEED-SHOP-003,,6
ULW-001,SEED-SHOP-006,SEED-SHOP-006-1,1
ULW-001,SEED-SHOP-006,SEED-SHOP-006-2,0
ULW-001,SEED-SHOP-007,,6
ULW-001,SEED-SHOP-010,SEED-SHOP-010-1,0
ULW-001,SEED-SHOP-010,SEED-SHOP-010-2,0
ULW-001,SEED-SHOP-011,SEED-SHOP-011-1,5
ULW-001,SEED-SHOP-011,SEED-SHOP-011-2,1
ULW-001,SEED-SHOP-012,SEED-SHOP-012-1,11
ULW-001,SEED-SHOP-012,SEED-SHOP-012-2,5
ULW-001,SEED-SHOP-013,,0
ULW-001,SEED-SHOP-014,,10
ULW-001,SEED-SHOP-018,,9
ULW-001,SEED-SHOP-020,,0
ULW-001,SEED-SHOP-021,,1
ULW-001,SEED-SHOP-029,,0
ULW-001,SEED-SHOP-032,,5
ULW-001,SEED-SHOP-033,SEED-SHOP-033-1,0
ULW-001,SEED-SHOP-033,SEED-SHOP-033-2,1
ULW-001,SEED-SHOP-037,,11
ULW-001,SEED-SHOP-039,SEED-SHOP-039-1,0
ULW-001,SEED-SHOP-039,SEED-SHOP-039-2,11
ULW-001,SEED-SHOP-040,,0
ULW-001,SEED-SHOP-041,SEED-SHOP-041-1,0
ULW-001,SEED-SHOP-041,SEED-SHOP-041-2,5
ULW-001,SEED-SHOP-042,,0
ULW-001,SEED-SHOP-043,,5
ULW-001,SEED-SHOP-044,,10
ULW-001,SEED-SHOP-045,SEED-SHOP-045-1,10
ULW-001,SEED-SHOP-045,SEED-SHOP-045-2,7
ULW-001,SEED-SHOP-046,,3
ULW-001,SEED-SHOP-049,SEED-SHOP-049-1,3
ULW-001,SEED-SHOP-049,SEED-SHOP-049-2,9
ULW-001,SEED-SHOP-050,SEED-SHOP-050-1,7
ULW-001,SEED-SHOP-050,SEED-SHOP-050-2,4
ULW-001,SEED-SHOP-052,SEED-SHOP-052-1,12
ULW-001,SEED-SHOP-052,SEED-SHOP-052-2,4
ULW-001,SEED-SHOP-053,,2
ULW-001,SEED-SHOP-054,SEED-SHOP-054-1,0
ULW-001,SEED-SHOP-054,SEED-SHOP-054-2,9
ULW-001,SEED-SHOP-055,,9
ULW-001,SEED-SHOP-057,SEED-SHOP-057-1,1
ULW-001,SEED-SHOP-057,SEED-SHOP-057-2,12
ULW-001,SEED-SHOP-062,,0
ULW-001,SEED-SHOP-064,,0
ULW-001,SEED-SHOP-067,,1
ULW-001,SEED-SHOP-068,SEED-SHOP-068-1,7
ULW-001,SEED-SHOP-068,SEED-SHOP-068-2,7
ULW-001,SEED-SHOP-071,,0
ULW-001,SEED-SHOP-072,SEED-SHOP-072-1,0
ULW-001,SEED-SHOP-072,SEED-SHOP-072-2,4
ULW-001,SEED-SHOP-073,SEED-SHOP-073-1,2
ULW-001,SEED-SHOP-073,SEED-SHOP-073-2,5
ULW-001,SEED-SHOP-074,SEED-SHOP-074-1,0
ULW-001,SEED-SHOP-074,SEED-SHOP-074-2,0
ULW-001,SEED-SHOP-080,SEED-SHOP-080-1,6
ULW-002,SEED-SHOP-001,,9
ULW-002,SEED-SHOP-003,,10
ULW-002,SEED-SHOP-004,,11
ULW-002,SEED-SHOP-005,,9
ULW-002,SEED-SHOP-006,SEED-SHOP-006-1,0
ULW-002,SEED-SHOP-006,SEED-SHOP-006-2,5
ULW-002,SEED-SHOP-010,SEED-SHOP-010-1,12
ULW-002,SEED-SHOP-010,SEED-SHOP-010-2,8
ULW-002,SEED-SHOP-011,SEED-SHOP-011-1,7
ULW-002,SEED-SHOP-011,SEED-SHOP-011-2,8
ULW-002,SEED-SHOP-013,,9
ULW-002,SEED-SHOP-016,,0
ULW-002,SEED-SHOP-018,,6
ULW-002,SEED-SHOP-021,,8
ULW-002,SEED-SHOP-023,,10
ULW-002,SEED-SHOP-026,SEED-SHOP-026-1,11
ULW-002,SEED-SHOP-026,SEED-SHOP-026-2,0
ULW-002,SEED-SHOP-028,,0
ULW-002,SEED-SHOP-029,,3
ULW-002,SEED-SHOP-030,,4
ULW-002,SEED-SHOP-032,,0
ULW-002,SEED-SHOP-033,SEED-SHOP-033-1,1
ULW-002,SEED-SHOP-033,SEED-SHOP-033-2,0
ULW-002,SEED-SHOP-034,SEED-SHOP-034-1,6
ULW-002,SEED-SHOP-034,SEED-SHOP-034-2,0
ULW-002,SEED-SHOP-035,SEED-SHOP-035-1,11
ULW-002,SEED-SHOP-035,SEED-SHOP-035-2,12
ULW-002,SEED-SHOP-037,,1
ULW-002,SEED-SHOP-038,SEED-SHOP-038-1,3
ULW-002,SEED-SHOP-038,SEED-SHOP-038-2,7
ULW-002,SEED-SHOP-041,SEED-SHOP-041-1,0
ULW-002,SEED-SHOP-041,SEED-SHOP-041-2,7
ULW-002,SEED-SHOP-042,,0
ULW-002,SEED-SHOP-044,,6
ULW-002,SEED-SHOP-046,,6
ULW-002,SEED-SHOP-047,,0
ULW-002,SEED-SHOP-048,,3
ULW-002,SEED-SHOP-054,SEED-SHOP-054-1,0
ULW-002,SEED-SHOP-054,SEED-SHOP-054-2,0
ULW-002,SEED-SHOP-055,,11
ULW-002,SEED-SHOP-058,,0
ULW-002,SEED-SHOP-060,,0
ULW-002,SEED-SHOP-061,,3
ULW-002,SEED-SHOP-062,,9
ULW-002,SEED-SHOP-066,,2
ULW-002,SEED-SHOP-068,SEED-SHOP-068-1,0
ULW-002,SEED-SHOP-068,SEED-SHOP-068-2,0
ULW-002,SEED-SHOP-069,SEED-SHOP-069-1,9
ULW-002,SEED-SHOP-069,SEED-SHOP-069-2,6
ULW-002,SEED-SHOP-071,,11
ULW-002,SEED-SHOP-072,SEED-SHOP-072-1,0
ULW-002,SEED-SHOP-072,SEED-SHOP-072-2,0
ULW-002,SEED-SHOP-073,SEED-SHOP-073-1,0
ULW-002,SEED-SHOP-073,SEED-SHOP-073-2,11
ULW-002,SEED-SHOP-074,SEED-SHOP-074-1,0
ULW-002,SEED-SHOP-074,SEED-SHOP-074-2,10
ULW-002,SEED-SHOP-075,,2
ULW-002,SEED-SHOP-076,SEED-SHOP-076-1,0
ULW-002,SEED-SHOP-080,SEED-SHOP-080-1,9
ULW-003,SEED-SHOP-001,,4
ULW-003,SEED-SHOP-002,SEED-SHOP-002-1,3
ULW-003,SEED-SHOP-002,SEED-SHOP-002-2,0
ULW-003,SEED-SHOP-003,,0
ULW-003,SEED-SHOP-004,,10
ULW-003,SEED-SHOP-005,,6
ULW-003,SEED-SHOP-009,SEED-SHOP-009-1,0
ULW-003,SEED-SHOP-011,SEED-SHOP-011-1,3
ULW-003,SEED-SHOP-011,SEED-SHOP-011-2,4
ULW-003,SEED-SHOP-012,SEED-SHOP-012-1,0
ULW-003,SEED-SHOP-012,SEED-SHOP-012-2,8
ULW-003,SEED-SHOP-013,,6
ULW-003,SEED-SHOP-017,,0
ULW-003,SEED-SHOP-018,,0
ULW-003,SEED-SHOP-020,,4
ULW-003,SEED-SHOP-021,,9
ULW-003,SEED-SHOP-022,,0
ULW-003,SEED-SHOP-023,,0
ULW-003,SEED-SHOP-025,,7
ULW-003,SEED-SHOP-026,SEED-SHOP-026-1,4
ULW-003,SEED-SHOP-026,SEED-SHOP-026-2,6
ULW-003,SEED-SHOP-028,,0
ULW-003,SEED-SHOP-030,,3
ULW-003,SEED-SHOP-031,,11
ULW-003,SEED-SHOP-035,SEED-SHOP-035-1,2
ULW-003,SEED-SHOP-035,SEED-SHOP-035-2,5
ULW-003,SEED-SHOP-036,,5
ULW-003,SEED-SHOP-037,,3
ULW-003,SEED-SHOP-041,SEED-SHOP-041-1,6
ULW-003,SEED-SHOP-041,SEED-SHOP-041-2,9
ULW-003,SEED-SHOP-042,,0
ULW-003,SEED-SHOP-043,,4
ULW-003,SEED-SHOP-044,,0
ULW-003,SEED-SHOP-046,,0
ULW-003,SEED-SHOP-048,,7
ULW-003,SEED-SHOP-049,SEED-SHOP-049-1,5
ULW-003,SEED-SHOP-049,SEED-SHOP-049-2,0
ULW-003,SEED-SHOP-050,SEED-SHOP-050-1,3
ULW-003,SEED-SHOP-050,SEED-SHOP-050-2,1
ULW-003,SEED-SHOP-052,SEED-SHOP-052-1,3
ULW-003,SEED-SHOP-052,SEED-SHOP-052-2,2
ULW-003,SEED-SHOP-053,,4
ULW-003,SEED-SHOP-054,SEED-SHOP-054-1,12
ULW-003,SEED-SHOP-054,SEED-SHOP-054-2,2
ULW-003,SEED-SHOP-056,SEED-SHOP-056-1,0
ULW-003,SEED-SHOP-056,SEED-SHOP-056-2,11
ULW-003,SEED-SHOP-058,,0
ULW-003,SEED-SHOP-064,,3
ULW-003,SEED-SHOP-066,,1
ULW-003,SEED-SHOP-067,,0
ULW-003,SEED-SHOP-068,SEED-SHOP-068-1,5
ULW-003,SEED-SHOP-068,SEED-SHOP-068-2,12
ULW-003,SEED-SHOP-069,SEED-SHOP-069-1,6
ULW-003,SEED-SHOP-069,SEED-SHOP-069-2,0
ULW-003,SEED-SHOP-073,SEED-SHOP-073-1,1
ULW-003,SEED-SHOP-073,SEED-SHOP-073-2,0
ULW-003,SEED-SHOP-075,,8
ULW-003,SEED-SHOP-076,SEED-SHOP-076-1,0
ULW-003,SEED-SHOP-077,,0
ULW-003,SEED-SHOP-079,SEED-SHOP-079-1,0
ULW-003,SEED-SHOP-079,SEED-SHOP-079-2,0
ULW-003,SEED-SHOP-080,SEED-SHOP-080-1,0
ULW-004,SEED-SHOP-001,,7
ULW-004,SEED-SHOP-002,SEED-SHOP-002-1,8
ULW-004,SEED-SHOP-002,SEED-SHOP-002-2,0
ULW-004,SEED-SHOP-004,,0
ULW-004,SEED-SHOP-006,SEED-SHOP-006-1,8
ULW-004,SEED-SHOP-006,SEED-SHOP-006-2,11
ULW-004,SEED-SHOP-007,,2
ULW-004,SEED-SHOP-009,SEED-SHOP-009-1,0
ULW-004,SEED-SHOP-010,SEED-SHOP-010-1,1
ULW-004,SEED-SHOP-010,SEED-SHOP-010-2,0
ULW-004,SEED-SHOP-012,SEED-SHOP-012-1,7
ULW-004,SEED-SHOP-012,SEED-SHOP-012-2,4
ULW-004,SEED-SHOP-016,,0
ULW-004,SEED-SHOP-017,,3
ULW-004,SEED-SHOP-018,,10
ULW-004,SEED-SHOP-023,,0
ULW-004,SEED-SHOP-026,SEED-SHOP-026-1,0
ULW-004,SEED-SHOP-026,SEED-SHOP-026-2,7
ULW-004,SEED-SHOP-027,SEED-SHOP-027-1,0
ULW-004,SEED-SHOP-027,SEED-SHOP-027-2,11
ULW-004,SEED-SHOP-028,,1
ULW-004,SEED-SHOP-029,,6
ULW-004,SEED-SHOP-036,,0
ULW-004,SEED-SHOP-037,,6
ULW-004,SEED-SHOP-038,SEED-SHOP-038-1,0
ULW-004,SEED-SHOP-038,SEED-SHOP-038-2,5
ULW-004,SEED-SHOP-040,,0
ULW-004,SEED-SHOP-042,,0
ULW-004,SEED-SHOP-045,SEED-SHOP-045-1,0
ULW-004,SEED-SHOP-045,SEED-SHOP-045-2,4
ULW-004,SEED-SHOP-047,,0
ULW-004,SEED-SHOP-050,SEED-SHOP-050-1,0
ULW-004,SEED-SHOP-050,SEED-SHOP-050-2,0
ULW-004,SEED-SHOP-053,,9
ULW-004,SEED-SHOP-056,SEED-SHOP-056-1,0
ULW-004,SEED-SHOP-056,SEED-SHOP-056-2,0
ULW-004,SEED-SHOP-057,SEED-SHOP-057-1,3
ULW-004,SEED-SHOP-057,SEED-SHOP-057-2,0
ULW-004,SEED-SHOP-061,,4
ULW-004,SEED-SHOP-062,,10
ULW-004,SEED-SHOP-063,SEED-SHOP-063-1,7
ULW-004,SEED-SHOP-063,SEED-SHOP-063-2,0
ULW-004,SEED-SHOP-064,,3
ULW-004,SEED-SHOP-065,,5
ULW-004,SEED-SHOP-066,,0
ULW-004,SEED-SHOP-067,,4
ULW-004,SEED-SHOP-070,SEED-SHOP-070-1,11
ULW-004,SEED-SHOP-070,SEED-SHOP-070-2,9
ULW-004,SEED-SHOP-071,,5
ULW-004,SEED-SHOP-072,SEED-SHOP-072-1,0
ULW-004,SEED-SHOP-072,SEED-SHOP-072-2,8
ULW-004,SEED-SHOP-073,SEED-SHOP-073-1,0
ULW-004,SEED-SHOP-073,SEED-SHOP-073-2,4
ULW-004,SEED-SHOP-074,SEED-SHOP-074-1,0
ULW-004,SEED-SHOP-074,SEED-SHOP-074-2,0
ULW-004,SEED-SHOP-075,,5
ULW-004,SEED-SHOP-076,SEED-SHOP-076-1,11
ULW-004,SEED-SHOP-078,,5
ULW-004,SEED-SHOP-079,SEED-SHOP-079-1,4
ULW-004,SEED-SHOP-079,SEED-SHOP-079-2,12
ULW-004,SEED-SHOP-080,SEED-SHOP-080-1,3
ULW-005,SEED-SHOP-007,,3
ULW-005,SEED-SHOP-009,SEED-SHOP-009-1,11
ULW-005,SEED-SHOP-010,SEED-SHOP-010-1,9
ULW-005,SEED-SHOP-010,SEED-SHOP-010-2,10
ULW-005,SEED-SHOP-012,SEED-SHOP-012-1,7
ULW-005,SEED-SHOP-012,SEED-SHOP-012-2,0
ULW-005,SEED-SHOP-013,,1
ULW-005,SEED-SHOP-016,,8
ULW-005,SEED-SHOP-017,,8
ULW-005,SEED-SHOP-021,,5
ULW-005,SEED-SHOP-022,,0
ULW-005,SEED-SHOP-023,,11
ULW-005,SEED-SHOP-024,,0
ULW-005,SEED-SHOP-025,,0
ULW-005,SEED-SHOP-026,SEED-SHOP-026-1,2
ULW-005,SEED-SHOP-026,SEED-SHOP-026-2,5
ULW-005,SEED-SHOP-028,,6
ULW-005,SEED-SHOP-030,,0
ULW-005,SEED-SHOP-032,,4
ULW-005,SEED-SHOP-033,SEED-SHOP-033-1,8
ULW-005,SEED-SHOP-033,SEED-SHOP-033-2,2
ULW-005,SEED-SHOP-034,SEED-SHOP-034-1,0
ULW-005,SEED-SHOP-034,SEED-SHOP-034-2,2
ULW-005,SEED-SHOP-036,,0
ULW-005,SEED-SHOP-037,,3
ULW-005,SEED-SHOP-039,SEED-SHOP-039-1,9
ULW-005,SEED-SHOP-039,SEED-SHOP-039-2,3
ULW-005,SEED-SHOP-040,,5
ULW-005,SEED-SHOP-042,,0
ULW-005,SEED-SHOP-043,,10
ULW-005,SEED-SHOP-044,,0
ULW-005,SEED-SHOP-047,,0
ULW-005,SEED-SHOP-048,,11
ULW-005,SEED-SHOP-049,SEED-SHOP-049-1,6
ULW-005,SEED-SHOP-049,SEED-SHOP-049-2,6
ULW-005,SEED-SHOP-051,,7
ULW-005,SEED-SHOP-055,,6
ULW-005,SEED-SHOP-057,SEED-SHOP-057-1,12
ULW-005,SEED-SHOP-057,SEED-SHOP-057-2,10
ULW-005,SEED-SHOP-058,,0
ULW-005,SEED-SHOP-059,,11
ULW-005,SEED-SHOP-060,,2
ULW-005,SEED-SHOP-062,,2
ULW-005,SEED-SHOP-064,,7
ULW-005,SEED-SHOP-065,,3
ULW-005,SEED-SHOP-068,SEED-SHOP-068-1,0
ULW-005,SEED-SHOP-068,SEED-SHOP-068-2,1
ULW-005,SEED-SHOP-070,SEED-SHOP-070-1,0
ULW-005,SEED-SHOP-070,SEED-SHOP-070-2,0
ULW-005,SEED-SHOP-071,,9
ULW-005,SEED-SHOP-073,SEED-SHOP-073-1,12
ULW-005,SEED-SHOP-073,SEED-SHOP-073-2,10
ULW-005,SEED-SHOP-074,SEED-SHOP-074-1,3
ULW-005,SEED-SHOP-074,SEED-SHOP-074-2,12
ULW-005,SEED-SHOP-075,,0
ULW-005,SEED-SHOP-076,SEED-SHOP-076-1,0
ULW-005,SEED-SHOP-077,,9
ULW-005,SEED-SHOP-078,,11
ULW-006,SEED-SHOP-002,SEED-SHOP-002-1,7
ULW-006,SEED-SHOP-002,SEED-SHOP-002-2,11
ULW-006,SEED-SHOP-003,,9
ULW-006,SEED-SHOP-006,SEED-SHOP-006-1,1
ULW-006,SEED-SHOP-006,SEED-SHOP-006-2,7
ULW-006,SEED-SHOP-007,,6
ULW-006,SEED-SHOP-010,SEED-SHOP-010-1,9
ULW-006,SEED-SHOP-010,SEED-SHOP-010-2,11
ULW-006,SEED-SHOP-011,SEED-SHOP-011-1,0
ULW-006,SEED-SHOP-011,SEED-SHOP-011-2,10
ULW-006,SEED-SHOP-012,SEED-SHOP-012-1,4
ULW-006,SEED-SHOP-012,SEED-SHOP-012-2,0
ULW-006,SEED-SHOP-013,,1
ULW-006,SEED-SHOP-014,,4
ULW-006,SEED-SHOP-015,SEED-SHOP-015-1,12
ULW-006,SEED-SHOP-015,SEED-SHOP-015-2,7
ULW-006,SEED-SHOP-016,,5
ULW-006,SEED-SHOP-018,,6
ULW-006,SEED-SHOP-019,SEED-SHOP-019-1,11
ULW-006,SEED-SHOP-019,SEED-SHOP-019-2,6
ULW-006,SEED-SHOP-021,,7
ULW-006,SEED-SHOP-022,,0
ULW-006,SEED-SHOP-023,,0
ULW-006,SEED-SHOP-026,SEED-SHOP-026-1,5
ULW-006,SEED-SHOP-026,SEED-SHOP-026-2,4
ULW-006,SEED-SHOP-027,SEED-SHOP-027-1,2
ULW-006,SEED-SHOP-027,SEED-SHOP-027-2,0
ULW-006,SEED-SHOP-030,,0
ULW-006,SEED-SHOP-032,,4
ULW-006,SEED-SHOP-033,SEED-SHOP-033-1,0
ULW-006,SEED-SHOP-033,SEED-SHOP-033-2,2
ULW-006,SEED-SHOP-034,SEED-SHOP-034-1,7
ULW-006,SEED-SHOP-034,SEED-SHOP-034-2,10
ULW-006,SEED-SHOP-035,SEED-SHOP-035-1,4
ULW-006,SEED-SHOP-035,SEED-SHOP-035-2,0
ULW-006,SEED-SHOP-036,,9
ULW-006,SEED-SHOP-039,SEED-SHOP-039-1,0
ULW-006,SEED-SHOP-039,SEED-SHOP-039-2,2
ULW-006,SEED-SHOP-040,,0
ULW-006,SEED-SHOP-041,SEED-SHOP-041-1,11
ULW-006,SEED-SHOP-041,SEED-SHOP-041-2,9
ULW-006,SEED-SHOP-042,,0
ULW-006,SEED-SHOP-043,,0
ULW-006,SEED-SHOP-044,,0
ULW-006,SEED-SHOP-046,,6
ULW-006,SEED-SHOP-047,,0
ULW-006,SEED-SHOP-051,,9
ULW-006,SEED-SHOP-052,SEED-SHOP-052-1,0
ULW-006,SEED-SHOP-052,SEED-SHOP-052-2,0
ULW-006,SEED-SHOP-054,SEED-SHOP-054-1,7
ULW-006,SEED-SHOP-054,SEED-SHOP-054-2,0
ULW-006,SEED-SHOP-058,,0
ULW-006,SEED-SHOP-059,,4
ULW-006,SEED-SHOP-061,,3
ULW-006,SEED-SHOP-063,SEED-SHOP-063-1,0
ULW-006,SEED-SHOP-063,SEED-SHOP-063-2,12
ULW-006,SEED-SHOP-070,SEED-SHOP-070-1,0
ULW-006,SEED-SHOP-070,SEED-SHOP-070-2,8
ULW-006,SEED-SHOP-072,SEED-SHOP-072-1,0
ULW-006,SEED-SHOP-072,SEED-SHOP-072-2,1
ULW-006,SEED-SHOP-073,SEED-SHOP-073-1,9
ULW-006,SEED-SHOP-073,SEED-SHOP-073-2,12
ULW-006,SEED-SHOP-074,SEED-SHOP-074-1,2
ULW-006,SEED-SHOP-074,SEED-SHOP-074-2,0
ULW-006,SEED-SHOP-075,,5
ULW-006,SEED-SHOP-076,SEED-SHOP-076-1,7
ULW-006,SEED-SHOP-077,,5
ULW-006,SEED-SHOP-079,SEED-SHOP-079-1,11
ULW-006,SEED-SHOP-079,SEED-SHOP-079-2,5
ULW-007,SEED-SHOP-001,,0
ULW-007,SEED-SHOP-002,SEED-SHOP-002-1,4
ULW-007,SEED-SHOP-002,SEED-SHOP-002-2,3
ULW-007,SEED-SHOP-004,,8
ULW-007,SEED-SHOP-005,,0
ULW-007,SEED-SHOP-006,SEED-SHOP-006-1,9
ULW-007,SEED-SHOP-006,SEED-SHOP-006-2,0
ULW-007,SEED-SHOP-011,SEED-SHOP-011-1,3
ULW-007,SEED-SHOP-011,SEED-SHOP-011-2,6
ULW-007,SEED-SHOP-014,,0
ULW-007,SEED-SHOP-017,,3
ULW-007,SEED-SHOP-021,,10
ULW-007,SEED-SHOP-025,,9
ULW-007,SEED-SHOP-026,SEED-SHOP-026-1,7
ULW-007,SEED-SHOP-026,SEED-SHOP-026-2,1
ULW-007,SEED-SHOP-027,SEED-SHOP-027-1,8
ULW-007,SEED-SHOP-027,SEED-SHOP-027-2,10
ULW-007,SEED-SHOP-028,,2
ULW-007,SEED-SHOP-030,,11
ULW-007,SEED-SHOP-032,,6
ULW-007,SEED-SHOP-033,SEED-SHOP-033-1,2
ULW-007,SEED-SHOP-033,SEED-SHOP-033-2,10
ULW-007,SEED-SHOP-034,SEED-SHOP-034-1,5
ULW-007,SEED-SHOP-034,SEED-SHOP-034-2,2
ULW-007,SEED-SHOP-037,,9
ULW-007,SEED-SHOP-039,SEED-SHOP-039-1,4
ULW-007,SEED-SHOP-039,SEED-SHOP-039-2,4
ULW-007,SEED-SHOP-043,,0
ULW-007,SEED-SHOP-044,,0
ULW-007,SEED-SHOP-050,SEED-SHOP-050-1,0
ULW-007,SEED-SHOP-050,SEED-SHOP-050-2,4
ULW-007,SEED-SHOP-055,,8
ULW-007,SEED-SHOP-062,,5
ULW-007,SEED-SHOP-063,SEED-SHOP-063-1,6
ULW-007,SEED-SHOP-063,SEED-SHOP-063-2,3
ULW-007,SEED-SHOP-064,,0
ULW-007,SEED-SHOP-066,,0
ULW-007,SEED-SHOP-067,,1
ULW-007,SEED-SHOP-068,SEED-SHOP-068-1,0
ULW-007,SEED-SHOP-068,SEED-SHOP-068-2,3
ULW-007,SEED-SHOP-069,SEED-SHOP-069-1,11
ULW-007,SEED-SHOP-069,SEED-SHOP-069-2,9
ULW-007,SEED-SHOP-070,SEED-SHOP-070-1,7
ULW-007,SEED-SHOP-070,SEED-SHOP-070-2,0
ULW-007,SEED-SHOP-075,,10
ULW-007,SEED-SHOP-076,SEED-SHOP-076-1,10
ULW-007,SEED-SHOP-078,,5
ULW-007,SEED-SHOP-079,SEED-SHOP-079-1,7
ULW-007,SEED-SHOP-079,SEED-SHOP-079-2,4
ULW-007,SEED-SHOP-080,SEED-SHOP-080-1,0
ULW-008,SEED-SHOP-002,SEED-SHOP-002-1,8
ULW-008,SEED-SHOP-002,SEED-SHOP-002-2,5
ULW-008,SEED-SHOP-003,,6
ULW-008,SEED-SHOP-006,SEED-SHOP-006-1,7
ULW-008,SEED-SHOP-006,SEED-SHOP-006-2,6
ULW-008,SEED-SHOP-008,SEED-SHOP-008-1,0
ULW-008,SEED-SHOP-009,SEED-SHOP-009-1,3
ULW-008,SEED-SHOP-011,SEED-SHOP-011-1,12
ULW-008,SEED-SHOP-011,SEED-SHOP-011-2,0
ULW-008,SEED-SHOP-012,SEED-SHOP-012-1,10
ULW-008,SEED-SHOP-012,SEED-SHOP-012-2,0
ULW-008,SEED-SHOP-013,,7
ULW-008,SEED-SHOP-015,SEED-SHOP-015-1,0
ULW-008,SEED-SHOP-015,SEED-SHOP-015-2,5
ULW-008,SEED-SHOP-016,,6
ULW-008,SEED-SHOP-017,,1
ULW-008,SEED-SHOP-020,,2
ULW-008,SEED-SHOP-021,,0
ULW-008,SEED-SHOP-022,,5
ULW-008,SEED-SHOP-023,,0
ULW-008,SEED-SHOP-024,,4
ULW-008,SEED-SHOP-028,,9
ULW-008,SEED-SHOP-030,,3
ULW-008,SEED-SHOP-032,,0
ULW-008,SEED-SHOP-033,SEED-SHOP-033-1,12
ULW-008,SEED-SHOP-033,SEED-SHOP-033-2,0
ULW-008,SEED-SHOP-035,SEED-SHOP-035-1,3
ULW-008,SEED-SHOP-035,SEED-SHOP-035-2,0
ULW-008,SEED-SHOP-037,,0
ULW-008,SEED-SHOP-039,SEED-SHOP-039-1,7
ULW-008,SEED-SHOP-039,SEED-SHOP-039-2,9
ULW-008,SEED-SHOP-040,,4
ULW-008,SEED-SHOP-042,,0
ULW-008,SEED-SHOP-047,,0
ULW-008,SEED-SHOP-048,,6
ULW-008,SEED-SHOP-050,SEED-SHOP-050-1,4
ULW-008,SEED-SHOP-050,SEED-SHOP-050-2,7
ULW-008,SEED-SHOP-052,SEED-SHOP-052-1,0
ULW-008,SEED-SHOP-052,SEED-SHOP-052-2,8
ULW-008,SEED-SHOP-053,,10
ULW-008,SEED-SHOP-054,SEED-SHOP-054-1,0
ULW-008,SEED-SHOP-054,SEED-SHOP-054-2,12
ULW-008,SEED-SHOP-055,,0
ULW-008,SEED-SHOP-056,SEED-SHOP-056-1,0
ULW-008,SEED-SHOP-056,SEED-SHOP-056-2,0
ULW-008,SEED-SHOP-057,SEED-SHOP-057-1,0
ULW-008,SEED-SHOP-057,SEED-SHOP-057-2,4
ULW-008,SEED-SHOP-059,,9
ULW-008,SEED-SHOP-060,,6
ULW-008,SEED-SHOP-061,,2
ULW-008,SEED-SHOP-064,,3
ULW-008,SEED-SHOP-065,,0
ULW-008,SEED-SHOP-069,SEED-SHOP-069-1,7
ULW-008,SEED-SHOP-069,SEED-SHOP-069-2,10
ULW-008,SEED-SHOP-073,SEED-SHOP-073-1,0
ULW-008,SEED-SHOP-073,SEED-SHOP-073-2,0
ULW-008,SEED-SHOP-074,SEED-SHOP-074-1,0
ULW-008,SEED-SHOP-074,SEED-SHOP-074-2,0
ULW-008,SEED-SHOP-077,,6
ULW-008,SEED-SHOP-078,,9
ULW-008,SEED-SHOP-079,SEED-SHOP-079-1,7
ULW-008,SEED-SHOP-079,SEED-SHOP-079-2,6
AMD-001,SEED-SHOP-002,SEED-SHOP-002-1,11
AMD-001,SEED-SHOP-002,SEED-SHOP-002-2,0
AMD-001,SEED-SHOP-005,,9
AMD-001,SEED-SHOP-006,SEED-SHOP-006-1,8
AMD-001,SEED-SHOP-006,SEED-SHOP-006-2,7
AMD-001,SEED-SHOP-007,,0
AMD-001,SEED-SHOP-009,SEED-SHOP-009-1,6
AMD-001,SEED-SHOP-010,SEED-SHOP-010-1,4
AMD-001,SEED-SHOP-010,SEED-SHOP-010-2,11
AMD-001,SEED-SHOP-011,SEED-SHOP-011-1,4
AMD-001,SEED-SHOP-011,SEED-SHOP-011-2,5
AMD-001,SEED-SHOP-013,,0
AMD-001,SEED-SHOP-016,,0
AMD-001,SEED-SHOP-017,,0
AMD-001,SEED-SHOP-019,SEED-SHOP-019-1,0
AMD-001,SEED-SHOP-019,SEED-SHOP-019-2,12
AMD-001,SEED-SHOP-020,,5
AMD-001,SEED-SHOP-021,,1
AMD-001,SEED-SHOP-023,,7
AMD-001,SEED-SHOP-024,,4
AMD-001,SEED-SHOP-028,,11
AMD-001,SEED-SHOP-031,,0
AMD-001,SEED-SHOP-033,SEED-SHOP-033-1,12
AMD-001,SEED-SHOP-033,SEED-SHOP-033-2,0
AMD-001,SEED-SHOP-035,SEED-SHOP-035-1,4
AMD-001,SEED-SHOP-035,SEED-SHOP-035-2,3
AMD-001,SEED-SHOP-036,,2
AMD-001,SEED-SHOP-039,SEED-SHOP-039-1,1
AMD-001,SEED-SHOP-039,SEED-SHOP-039-2,0
AMD-001,SEED-SHOP-041,SEED-SHOP-041-1,0
AMD-001,SEED-SHOP-041,SEED-SHOP-041-2,2
AMD-001,SEED-SHOP-044,,0
AMD-001,SEED-SHOP-046,,12
AMD-001,SEED-SHOP-048,,6
AMD-001,SEED-SHOP-049,SEED-SHOP-049-1,5
AMD-001,SEED-SHOP-049,SEED-SHOP-049-2,10
AMD-001,SEED-SHOP-050,SEED-SHOP-050-1,10
AMD-001,SEED-SHOP-050,SEED-SHOP-050-2,11
AMD-001,SEED-SHOP-053,,7
AMD-001,SEED-SHOP-055,,11
AMD-001,SEED-SHOP-056,SEED-SHOP-056-1,10
AMD-001,SEED-SHOP-056,SEED-SHOP-056-2,6
AMD-001,SEED-SHOP-058,,0
AMD-001,SEED-SHOP-061,,4
AMD-001,SEED-SHOP-063,SEED-SHOP-063-1,0
AMD-001,SEED-SHOP-063,SEED-SHOP-063-2,0
AMD-001,SEED-SHOP-064,,3
AMD-001,SEED-SHOP-065,,0
AMD-001,SEED-SHOP-066,,7
AMD-001,SEED-SHOP-068,SEED-SHOP-068-1,10
AMD-001,SEED-SHOP-068,SEED-SHOP-068-2,12
AMD-001,SEED-SHOP-071,,7
AMD-001,SEED-SHOP-072,SEED-SHOP-072-1,8
AMD-001,SEED-SHOP-072,SEED-SHOP-072-2,4
AMD-001,SEED-SHOP-074,SEED-SHOP-074-1,6
AMD-001,SEED-SHOP-074,SEED-SHOP-074-2,8
AMD-001,SEED-SHOP-075,,1
AMD-001,SEED-SHOP-077,,0
AMD-001,SEED-SHOP-078,,1
AMD-001,SEED-SHOP-079,SEED-SHOP-079-1,0
AMD-001,SEED-SHOP-079,SEED-SHOP-079-2,0
AMD-001,SEED-SHOP-080,SEED-SHOP-080-1,2
AMD-002,SEED-SHOP-002,SEED-SHOP-002-1,0
AMD-002,SEED-SHOP-002,SEED-SHOP-002-2,12
AMD-002,SEED-SHOP-004,,9
AMD-002,SEED-SHOP-005,,0
AMD-002,SEED-SHOP-006,SEED-SHOP-006-1,4
AMD-002,SEED-SHOP-006,SEED-SHOP-006-2,4
AMD-002,SEED-SHOP-007,,7
AMD-002,SEED-SHOP-010,SEED-SHOP-010-1,4
AMD-002,SEED-SHOP-010,SEED-SHOP-010-2,4
AMD-002,SEED-SHOP-011,SEED-SHOP-011-1,10
AMD-002,SEED-SHOP-011,SEED-SHOP-011-2,0
AMD-002,SEED-SHOP-012,SEED-SHOP-012-1,0
AMD-002,SEED-SHOP-012,SEED-SHOP-012-2,0
AMD-002,SEED-SHOP-017,,6
AMD-002,SEED-SHOP-019,SEED-SHOP-019-1,6
AMD-002,SEED-SHOP-019,SEED-SHOP-019-2,9
AMD-002,SEED-SHOP-020,,7
AMD-002,SEED-SHOP-023,,4
AMD-002,SEED-SHOP-024,,9
AMD-002,SEED-SHOP-026,SEED-SHOP-026-1,1
AMD-002,SEED-SHOP-026,SEED-SHOP-026-2,9
AMD-002,SEED-SHOP-027,SEED-SHOP-027-1,0
AMD-002,SEED-SHOP-027,SEED-SHOP-027-2,3
AMD-002,SEED-SHOP-028,,6
AMD-002,SEED-SHOP-029,,8
AMD-002,SEED-SHOP-031,,11
AMD-002,SEED-SHOP-032,,6
AMD-002,SEED-SHOP-033,SEED-SHOP-033-1,10
AMD-002,SEED-SHOP-033,SEED-SHOP-033-2,10
AMD-002,SEED-SHOP-035,SEED-SHOP-035-1,1
AMD-002,SEED-SHOP-035,SEED-SHOP-035-2,5
AMD-002,SEED-SHOP-036,,8
AMD-002,SEED-SHOP-038,SEED-SHOP-038-1,7
AMD-002,SEED-SHOP-038,SEED-SHOP-038-2,11
AMD-002,SEED-SHOP-039,SEED-SHOP-039-1,3
AMD-002,SEED-SHOP-039,SEED-SHOP-039-2,5
AMD-002,SEED-SHOP-040,,8
AMD-002,SEED-SHOP-041,SEED-SHOP-041-1,9
AMD-002,SEED-SHOP-041,SEED-SHOP-041-2,0
AMD-002,SEED-SHOP-042,,0
AMD-002,SEED-SHOP-043,,5
AMD-002,SEED-SHOP-045,SEED-SHOP-045-1,0
AMD-002,SEED-SHOP-045,SEED-SHOP-045-2,10
AMD-002,SEED-SHOP-047,,0
AMD-002,SEED-SHOP-049,SEED-SHOP-049-1,5
AMD-002,SEED-SHOP-049,SEED-SHOP-049-2,2
AMD-002,SEED-SHOP-052,SEED-SHOP-052-1,0
AMD-002,SEED-SHOP-052,SEED-SHOP-052-2,0
AMD-002,SEED-SHOP-053,,6
AMD-002,SEED-SHOP-055,,4
AMD-002,SEED-SHOP-056,SEED-SHOP-056-1,0
AMD-002,SEED-SHOP-056,SEED-SHOP-056-2,0
AMD-002,SEED-SHOP-060,,6
AMD-002,SEED-SHOP-061,,0
AMD-002,SEED-SHOP-062,,8
AMD-002,SEED-SHOP-063,SEED-SHOP-063-1,4
AMD-002,SEED-SHOP-063,SEED-SHOP-063-2,5
AMD-002,SEED-SHOP-065,,1
AMD-002,SEED-SHOP-066,,0
AMD-002,SEED-SHOP-068,SEED-SHOP-068-1,5
AMD-002,SEED-SHOP-068,SEED-SHOP-068-2,0
AMD-002,SEED-SHOP-070,SEED-SHOP-070-1,0
AMD-002,SEED-SHOP-070,SEED-SHOP-070-2,6
AMD-002,SEED-SHOP-076,SEED-SHOP-076-1,10
AMD-002,SEED-SHOP-078,,11
AMD-002,SEED-SHOP-079,SEED-SHOP-079-1,0
AMD-002,SEED-SHOP-079,SEED-SHOP-079-2,3
AMD-002,SEED-SHOP-080,SEED-SHOP-080-1,10
AMD-003,SEED-SHOP-002,SEED-SHOP-002-1,2
AMD-003,SEED-SHOP-002,SEED-SHOP-002-2,0
AMD-003,SEED-SHOP-004,,10
AMD-003,SEED-SHOP-005,,0
AMD-003,SEED-SHOP-009,SEED-SHOP-009-1,0
AMD-003,SEED-SHOP-011,SEED-SHOP-011-1,0
AMD-003,SEED-SHOP-011,SEED-SHOP-011-2,3
AMD-003,SEED-SHOP-012,SEED-SHOP-012-1,9
AMD-003,SEED-SHOP-012,SEED-SHOP-012-2,7
AMD-003,SEED-SHOP-013,,2
AMD-003,SEED-SHOP-014,,1
AMD-003,SEED-SHOP-016,,0
AMD-003,SEED-SHOP-018,,3
AMD-003,SEED-SHOP-020,,1
AMD-003,SEED-SHOP-022,,0
AMD-003,SEED-SHOP-023,,1
AMD-003,SEED-SHOP-024,,2
AMD-003,SEED-SHOP-025,,12
AMD-003,SEED-SHOP-027,SEED-SHOP-027-1,1
AMD-003,SEED-SHOP-027,SEED-SHOP-027-2,0
AMD-003,SEED-SHOP-028,,9
AMD-003,SEED-SHOP-029,,11
AMD-003,SEED-SHOP-030,,0
AMD-003,SEED-SHOP-031,,0
AMD-003,SEED-SHOP-032,,11
AMD-003,SEED-SHOP-033,SEED-SHOP-033-1,2
AMD-003,SEED-SHOP-033,SEED-SHOP-033-2,0
AMD-003,SEED-SHOP-034,SEED-SHOP-034-1,12
AMD-003,SEED-SHOP-034,SEED-SHOP-034-2,11
AMD-003,SEED-SHOP-035,SEED-SHOP-035-1,12
AMD-003,SEED-SHOP-035,SEED-SHOP-035-2,5
AMD-003,SEED-SHOP-036,,11
AMD-003,SEED-SHOP-039,SEED-SHOP-039-1,7
AMD-003,SEED-SHOP-039,SEED-SHOP-039-2,11
AMD-003,SEED-SHOP-041,SEED-SHOP-041-1,3
AMD-003,SEED-SHOP-041,SEED-SHOP-041-2,4
AMD-003,SEED-SHOP-042,,0
AMD-003,SEED-SHOP-043,,11
AMD-003,SEED-SHOP-044,,0
AMD-003,SEED-SHOP-045,SEED-SHOP-045-1,1
AMD-003,SEED-SHOP-045,SEED-SHOP-045-2,7
AMD-003,SEED-SHOP-046,,2
AMD-003,SEED-SHOP-047,,0
AMD-003,SEED-SHOP-048,,12
AMD-003,SEED-SHOP-049,SEED-SHOP-049-1,0
AMD-003,SEED-SHOP-049,SEED-SHOP-049-2,4
AMD-003,SEED-SHOP-050,SEED-SHOP-050-1,9
AMD-003,SEED-SHOP-050,SEED-SHOP-050-2,9
AMD-003,SEED-SHOP-051,,8
AMD-003,SEED-SHOP-052,SEED-SHOP-052-1,2
AMD-003,SEED-SHOP-052,SEED-SHOP-052-2,2
AMD-003,SEED-SHOP-053,,3
AMD-003,SEED-SHOP-054,SEED-SHOP-054-1,6
AMD-003,SEED-SHOP-054,SEED-SHOP-054-2,0
AMD-003,SEED-SHOP-056,SEED-SHOP-056-1,1
AMD-003,SEED-SHOP-056,SEED-SHOP-056-2,11
AMD-003,SEED-SHOP-062,,0
AMD-003,SEED-SHOP-063,SEED-SHOP-063-1,11
AMD-003,SEED-SHOP-063,SEED-SHOP-063-2,10
AMD-003,SEED-SHOP-066,,3
AMD-003,SEED-SHOP-067,,6
AMD-003,SEED-SHOP-068,SEED-SHOP-068-1,9
AMD-003,SEED-SHOP-068,SEED-SHOP-068-2,4
AMD-003,SEED-SHOP-070,SEED-SHOP-070-1,0
AMD-003,SEED-SHOP-070,SEED-SHOP-070-2,9
AMD-003,SEED-SHOP-071,,0
AMD-003,SEED-SHOP-073,SEED-SHOP-073-1,1
AMD-003,SEED-SHOP-073,SEED-SHOP-073-2,0
AMD-003,SEED-SHOP-074,SEED-SHOP-074-1,8
AMD-003,SEED-SHOP-074,SEED-SHOP-074-2,9
AMD-003,SEED-SHOP-075,,8
AMD-004,SEED-SHOP-002,SEED-SHOP-002-1,0
AMD-004,SEED-SHOP-002,SEED-SHOP-002-2,7
AMD-004,SEED-SHOP-004,,0
AMD-004,SEED-SHOP-008,SEED-SHOP-008-1,0
AMD-004,SEED-SHOP-009,SEED-SHOP-009-1,0
AMD-004,SEED-SHOP-011,SEED-SHOP-011-1,4
AMD-004,SEED-SHOP-011,SEED-SHOP-011-2,6
AMD-004,SEED-SHOP-012,SEED-SHOP-012-1,0
AMD-004,SEED-SHOP-012,SEED-SHOP-012-2,10
AMD-004,SEED-SHOP-016,,12
AMD-004,SEED-SHOP-017,,5
AMD-004,SEED-SHOP-018,,12
AMD-004,SEED-SHOP-019,SEED-SHOP-019-1,7
AMD-004,SEED-SHOP-019,SEED-SHOP-019-2,8
AMD-004,SEED-SHOP-021,,0
AMD-004,SEED-SHOP-022,,9
AMD-004,SEED-SHOP-024,,11
AMD-004,SEED-SHOP-026,SEED-SHOP-026-1,10
AMD-004,SEED-SHOP-026,SEED-SHOP-026-2,0
AMD-004,SEED-SHOP-027,SEED-SHOP-027-1,3
AMD-004,SEED-SHOP-027,SEED-SHOP-027-2,0
AMD-004,SEED-SHOP-028,,0
AMD-004,SEED-SHOP-029,,8
AMD-004,SEED-SHOP-032,,0
AMD-004,SEED-SHOP-034,SEED-SHOP-034-1,5
AMD-004,SEED-SHOP-034,SEED-SHOP-034-2,0
AMD-004,SEED-SHOP-035,SEED-SHOP-035-1,12
AMD-004,SEED-SHOP-035,SEED-SHOP-035-2,7
AMD-004,SEED-SHOP-036,,10
AMD-004,SEED-SHOP-037,,8
AMD-004,SEED-SHOP-039,SEED-SHOP-039-1,7
AMD-004,SEED-SHOP-039,SEED-SHOP-039-2,11
AMD-004,SEED-SHOP-040,,8
AMD-004,SEED-SHOP-041,SEED-SHOP-041-1,9
AMD-004,SEED-SHOP-041,SEED-SHOP-041-2,1
AMD-004,SEED-SHOP-042,,0
AMD-004,SEED-SHOP-043,,9
AMD-004,SEED-SHOP-046,,0
AMD-004,SEED-SHOP-047,,0
AMD-004,SEED-SHOP-049,SEED-SHOP-049-1,9
AMD-004,SEED-SHOP-049,SEED-SHOP-049-2,2
AMD-004,SEED-SHOP-050,SEED-SHOP-050-1,6
AMD-004,SEED-SHOP-050,SEED-SHOP-050-2,3
AMD-004,SEED-SHOP-051,,0
AMD-004,SEED-SHOP-052,SEED-SHOP-052-1,0
AMD-004,SEED-SHOP-052,SEED-SHOP-052-2,0
AMD-004,SEED-SHOP-053,,1
AMD-004,SEED-SHOP-056,SEED-SHOP-056-1,3
AMD-004,SEED-SHOP-056,SEED-SHOP-056-2,6
AMD-004,SEED-SHOP-057,SEED-SHOP-057-1,9
AMD-004,SEED-SHOP-057,SEED-SHOP-057-2,8
AMD-004,SEED-SHOP-060,,9
AMD-004,SEED-SHOP-062,,10
AMD-004,SEED-SHOP-064,,1
AMD-004,SEED-SHOP-065,,11
AMD-004,SEED-SHOP-069,SEED-SHOP-069-1,1
AMD-004,SEED-SHOP-069,SEED-SHOP-069-2,0
AMD-004,SEED-SHOP-070,SEED-SHOP-070-1,1
AMD-004,SEED-SHOP-070,SEED-SHOP-070-2,0
AMD-004,SEED-SHOP-073,SEED-SHOP-073-1,0
AMD-004,SEED-SHOP-073,SEED-SHOP-073-2,0
AMD-004,SEED-SHOP-074,SEED-SHOP-074-1,0
AMD-004,SEED-SHOP-074,SEED-SHOP-074-2,4
AMD-004,SEED-SHOP-075,,3
AMD-004,SEED-SHOP-076,SEED-SHOP-076-1,0
AMD-004,SEED-SHOP-078,,0
AMD-004,SEED-SHOP-079,SEED-SHOP-079-1,0
AMD-004,SEED-SHOP-079,SEED-SHOP-079-2,12
AMD-005,SEED-SHOP-001,,4
AMD-005,SEED-SHOP-003,,4
AMD-005,SEED-SHOP-004,,0
AMD-005,SEED-SHOP-005,,2
AMD-005,SEED-SHOP-006,SEED-SHOP-006-1,8
AMD-005,SEED-SHOP-006,SEED-SHOP-006-2,0
AMD-005,SEED-SHOP-009,SEED-SHOP-009-1,11
AMD-005,SEED-SHOP-010,SEED-SHOP-010-1,1
AMD-005,SEED-SHOP-010,SEED-SHOP-010-2,9
AMD-005,SEED-SHOP-013,,0
AMD-005,SEED-SHOP-015,SEED-SHOP-015-1,4
AMD-005,SEED-SHOP-015,SEED-SHOP-015-2,0
AMD-005,SEED-SHOP-022,,11
AMD-005,SEED-SHOP-024,,12
AMD-005,SEED-SHOP-027,SEED-SHOP-027-1,11
AMD-005,SEED-SHOP-027,SEED-SHOP-027-2,0
AMD-005,SEED-SHOP-028,,9
AMD-005,SEED-SHOP-029,,6
AMD-005,SEED-SHOP-031,,11
AMD-005,SEED-SHOP-033,SEED-SHOP-033-1,0
AMD-005,SEED-SHOP-033,SEED-SHOP-033-2,0
AMD-005,SEED-SHOP-035,SEED-SHOP-035-1,0
AMD-005,SEED-SHOP-035,SEED-SHOP-035-2,0
AMD-005,SEED-SHOP-036,,0
AMD-005,SEED-SHOP-037,,5
AMD-005,SEED-SHOP-039,SEED-SHOP-039-1,1
AMD-005,SEED-SHOP-039,SEED-SHOP-039-2,6
AMD-005,SEED-SHOP-044,,0
AMD-005,SEED-SHOP-045,SEED-SHOP-045-1,1
AMD-005,SEED-SHOP-045,SEED-SHOP-045-2,0
AMD-005,SEED-SHOP-046,,5
AMD-005,SEED-SHOP-047,,0
AMD-005,SEED-SHOP-048,,2
AMD-005,SEED-SHOP-049,SEED-SHOP-049-1,11
AMD-005,SEED-SHOP-049,SEED-SHOP-049-2,10
AMD-005,SEED-SHOP-050,SEED-SHOP-050-1,0
AMD-005,SEED-SHOP-050,SEED-SHOP-050-2,12
AMD-005,SEED-SHOP-052,SEED-SHOP-052-1,0
AMD-005,SEED-SHOP-052,SEED-SHOP-052-2,0
AMD-005,SEED-SHOP-053,,3
AMD-005,SEED-SHOP-054,SEED-SHOP-054-1,0
AMD-005,SEED-SHOP-054,SEED-SHOP-054-2,0
AMD-005,SEED-SHOP-056,SEED-SHOP-056-1,0
AMD-005,SEED-SHOP-056,SEED-SHOP-056-2,0
AMD-005,SEED-SHOP-057,SEED-SHOP-057-1,2
AMD-005,SEED-SHOP-057,SEED-SHOP-057-2,1
AMD-005,SEED-SHOP-058,,0
AMD-005,SEED-SHOP-059,,7
AMD-005,SEED-SHOP-060,,0
AMD-005,SEED-SHOP-063,SEED-SHOP-063-1,0
AMD-005,SEED-SHOP-063,SEED-SHOP-063-2,5
AMD-005,SEED-SHOP-064,,9
AMD-005,SEED-SHOP-067,,5
AMD-005,SEED-SHOP-068,SEED-SHOP-068-1,2
AMD-005,SEED-SHOP-068,SEED-SHOP-068-2,12
AMD-005,SEED-SHOP-070,SEED-SHOP-070-1,3
AMD-005,SEED-SHOP-070,SEED-SHOP-070-2,6
AMD-005,SEED-SHOP-072,SEED-SHOP-072-1,5
AMD-005,SEED-SHOP-072,SEED-SHOP-072-2,8
AMD-005,SEED-SHOP-075,,4
AMD-005,SEED-SHOP-076,SEED-SHOP-076-1,0
AMD-005,SEED-SHOP-078,,0
AMD-005,SEED-SHOP-080,SEED-SHOP-080-1,1
AMD-006,SEED-SHOP-001,,0
AMD-006,SEED-SHOP-003,,0
AMD-006,SEED-SHOP-004,,2
AMD-006,SEED-SHOP-009,SEED-SHOP-009-1,8
AMD-006,SEED-SHOP-011,SEED-SHOP-011-1,2
AMD-006,SEED-SHOP-011,SEED-SHOP-011-2,0
AMD-006,SEED-SHOP-012,SEED-SHOP-012-1,11
AMD-006,SEED-SHOP-012,SEED-SHOP-012-2,7
AMD-006,SEED-SHOP-015,SEED-SHOP-015-1,10
AMD-006,SEED-SHOP-015,SEED-SHOP-015-2,3
AMD-006,SEED-SHOP-016,,4
AMD-006,SEED-SHOP-020,,7
AMD-006,SEED-SHOP-021,,8
AMD-006,SEED-SHOP-022,,12
AMD-006,SEED-SHOP-023,,11
AMD-006,SEED-SHOP-024,,9
AMD-006,SEED-SHOP-027,SEED-SHOP-027-1,5
AMD-006,SEED-SHOP-027,SEED-SHOP-027-2,6
AMD-006,SEED-SHOP-029,,8
AMD-006,SEED-SHOP-031,,0
AMD-006,SEED-SHOP-032,,2
AMD-006,SEED-SHOP-033,SEED-SHOP-033-1,0
AMD-006,SEED-SHOP-033,SEED-SHOP-033-2,1
AMD-006,SEED-SHOP-034,SEED-SHOP-034-1,1
AMD-006,SEED-SHOP-034,SEED-SHOP-034-2,9
AMD-006,SEED-SHOP-035,SEED-SHOP-035-1,9
AMD-006,SEED-SHOP-035,SEED-SHOP-035-2,8
AMD-006,SEED-SHOP-036,,0
AMD-006,SEED-SHOP-037,,0
AMD-006,SEED-SHOP-038,SEED-SHOP-038-1,0
AMD-006,SEED-SHOP-038,SEED-SHOP-038-2,0
AMD-006,SEED-SHOP-039,SEED-SHOP-039-1,0
AMD-006,SEED-SHOP-039,SEED-SHOP-039-2,1
AMD-006,SEED-SHOP-041,SEED-SHOP-041-1,8
AMD-006,SEED-SHOP-041,SEED-SHOP-041-2,7
AMD-006,SEED-SHOP-043,,8
AMD-006,SEED-SHOP-046,,12
AMD-006,SEED-SHOP-047,,0
AMD-006,SEED-SHOP-048,,3
AMD-006,SEED-SHOP-049,SEED-SHOP-049-1,0
AMD-006,SEED-SHOP-049,SEED-SHOP-049-2,0
AMD-006,SEED-SHOP-050,SEED-SHOP-050-1,7
AMD-006,SEED-SHOP-050,SEED-SHOP-050-2,0
AMD-006,SEED-SHOP-051,,5
AMD-006,SEED-SHOP-052,SEED-SHOP-052-1,0
AMD-006,SEED-SHOP-052,SEED-SHOP-052-2,9
AMD-006,SEED-SHOP-053,,10
AMD-006,SEED-SHOP-054,SEED-SHOP-054-1,8
AMD-006,SEED-SHOP-054,SEED-SHOP-054-2,0
AMD-006,SEED-SHOP-056,SEED-SHOP-056-1,0
AMD-006,SEED-SHOP-056,SEED-SHOP-056-2,7
AMD-006,SEED-SHOP-057,SEED-SHOP-057-1,4
AMD-006,SEED-SHOP-057,SEED-SHOP-057-2,0
AMD-006,SEED-SHOP-059,,2
AMD-006,SEED-SHOP-061,,0
AMD-006,SEED-SHOP-062,,0
AMD-006,SEED-SHOP-064,,10
AMD-006,SEED-SHOP-067,,9
AMD-006,SEED-SHOP-069,SEED-SHOP-069-1,7
AMD-006,SEED-SHOP-069,SEED-SHOP-069-2,4
AMD-006,SEED-SHOP-074,SEED-SHOP-074-1,9
AMD-006,SEED-SHOP-074,SEED-SHOP-074-2,7
AMD-006,SEED-SHOP-075,,10
AMD-006,SEED-SHOP-076,SEED-SHOP-076-1,2
AMD-006,SEED-SHOP-078,,7
AMD-006,SEED-SHOP-080,SEED-SHOP-080-1,0
AMD-007,SEED-SHOP-001,,0
AMD-007,SEED-SHOP-002,SEED-SHOP-002-1,6
AMD-007,SEED-SHOP-002,SEED-SHOP-002-2,12
AMD-007,SEED-SHOP-005,,2
AMD-007,SEED-SHOP-007,,9
AMD-007,SEED-SHOP-010,SEED-SHOP-010-1,3
AMD-007,SEED-SHOP-010,SEED-SHOP-010-2,3
AMD-007,SEED-SHOP-012,SEED-SHOP-012-1,11
AMD-007,SEED-SHOP-012,SEED-SHOP-012-2,3
AMD-007,SEED-SHOP-014,,8
AMD-007,SEED-SHOP-015,SEED-SHOP-015-1,9
AMD-007,SEED-SHOP-015,SEED-SHOP-015-2,3
AMD-007,SEED-SHOP-016,,12
AMD-007,SEED-SHOP-017,,0
AMD-007,SEED-SHOP-019,SEED-SHOP-019-1,2
AMD-007,SEED-SHOP-019,SEED-SHOP-019-2,11
AMD-007,SEED-SHOP-024,,5
AMD-007,SEED-SHOP-027,SEED-SHOP-027-1,4
AMD-007,SEED-SHOP-027,SEED-SHOP-027-2,7
AMD-007,SEED-SHOP-028,,6
AMD-007,SEED-SHOP-029,,8
AMD-007,SEED-SHOP-031,,2
AMD-007,SEED-SHOP-032,,8
AMD-007,SEED-SHOP-034,SEED-SHOP-034-1,5
AMD-007,SEED-SHOP-034,SEED-SHOP-034-2,0
AMD-007,SEED-SHOP-036,,2
AMD-007,SEED-SHOP-038,SEED-SHOP-038-1,9
AMD-007,SEED-SHOP-038,SEED-SHOP-038-2,2
AMD-007,SEED-SHOP-039,SEED-SHOP-039-1,3
AMD-007,SEED-SHOP-039,SEED-SHOP-039-2,0
AMD-007,SEED-SHOP-040,,5
AMD-007,SEED-SHOP-041,SEED-SHOP-041-1,0
AMD-007,SEED-SHOP-041,SEED-SHOP-041-2,12
AMD-007,SEED-SHOP-042,,0
AMD-007,SEED-SHOP-043,,6
AMD-007,SEED-SHOP-045,SEED-SHOP-045-1,6
AMD-007,SEED-SHOP-045,SEED-SHOP-045-2,0
AMD-007,SEED-SHOP-046,,10
AMD-007,SEED-SHOP-049,SEED-SHOP-049-1,6
AMD-007,SEED-SHOP-049,SEED-SHOP-049-2,0
AMD-007,SEED-SHOP-052,SEED-SHOP-052-1,9
AMD-007,SEED-SHOP-052,SEED-SHOP-052-2,2
AMD-007,SEED-SHOP-055,,9
AMD-007,SEED-SHOP-057,SEED-SHOP-057-1,0
AMD-007,SEED-SHOP-057,SEED-SHOP-057-2,8
AMD-007,SEED-SHOP-059,,0
AMD-007,SEED-SHOP-061,,10
AMD-007,SEED-SHOP-062,,5
AMD-007,SEED-SHOP-063,SEED-SHOP-063-1,0
AMD-007,SEED-SHOP-063,SEED-SHOP-063-2,1
AMD-007,SEED-SHOP-065,,8
AMD-007,SEED-SHOP-068,SEED-SHOP-068-1,0
AMD-007,SEED-SHOP-068,SEED-SHOP-068-2,0
AMD-007,SEED-SHOP-072,SEED-SHOP-072-1,11
AMD-007,SEED-SHOP-072,SEED-SHOP-072-2,4
AMD-007,SEED-SHOP-073,SEED-SHOP-073-1,7
AMD-007,SEED-SHOP-073,SEED-SHOP-073-2,0
AMD-007,SEED-SHOP-074,SEED-SHOP-074-1,2
AMD-007,SEED-SHOP-074,SEED-SHOP-074-2,7
AMD-007,SEED-SHOP-075,,7
AMD-007,SEED-SHOP-077,,10
AMD-007,SEED-SHOP-078,,0
AMD-007,SEED-SHOP-080,SEED-SHOP-080-1,0
AMD-008,SEED-SHOP-001,,0
AMD-008,SEED-SHOP-002,SEED-SHOP-002-1,0
AMD-008,SEED-SHOP-002,SEED-SHOP-002-2,6
AMD-008,SEED-SHOP-004,,12
AMD-008,SEED-SHOP-005,,0
AMD-008,SEED-SHOP-007,,0
AMD-008,SEED-SHOP-009,SEED-SHOP-009-1,4
AMD-008,SEED-SHOP-010,SEED-SHOP-010-1,1
AMD-008,SEED-SHOP-010,SEED-SHOP-010-2,12
AMD-008,SEED-SHOP-015,SEED-SHOP-015-1,6
AMD-008,SEED-SHOP-015,SEED-SHOP-015-2,10
AMD-008,SEED-SHOP-018,,8
AMD-008,SEED-SHOP-021,,2
AMD-008,SEED-SHOP-022,,6
AMD-008,SEED-SHOP-023,,3
AMD-008,SEED-SHOP-024,,1
AMD-008,SEED-SHOP-025,,4
AMD-008,SEED-SHOP-027,SEED-SHOP-027-1,11
AMD-008,SEED-SHOP-027,SEED-SHOP-027-2,0
AMD-008,SEED-SHOP-028,,6
AMD-008,SEED-SHOP-029,,10
AMD-008,SEED-SHOP-033,SEED-SHOP-033-1,11
AMD-008,SEED-SHOP-033,SEED-SHOP-033-2,10
AMD-008,SEED-SHOP-034,SEED-SHOP-034-1,0
AMD-008,SEED-SHOP-034,SEED-SHOP-034-2,7
AMD-008,SEED-SHOP-036,,0
AMD-008,SEED-SHOP-038,SEED-SHOP-038-1,0
AMD-008,SEED-SHOP-038,SEED-SHOP-038-2,10
AMD-008,SEED-SHOP-039,SEED-SHOP-039-1,0
AMD-008,SEED-SHOP-039,SEED-SHOP-039-2,6
AMD-008,SEED-SHOP-040,,0
AMD-008,SEED-SHOP-042,,0
AMD-008,SEED-SHOP-045,SEED-SHOP-045-1,9
AMD-008,SEED-SHOP-045,SEED-SHOP-045-2,5
AMD-008,SEED-SHOP-048,,0
AMD-008,SEED-SHOP-049,SEED-SHOP-049-1,3
AMD-008,SEED-SHOP-049,SEED-SHOP-049-2,0
AMD-008,SEED-SHOP-051,,8
AMD-008,SEED-SHOP-052,SEED-SHOP-052-1,5
AMD-008,SEED-SHOP-052,SEED-SHOP-052-2,0
AMD-008,SEED-SHOP-054,SEED-SHOP-054-1,11
AMD-008,SEED-SHOP-054,SEED-SHOP-054-2,5
AMD-008,SEED-SHOP-055,,6
AMD-008,SEED-SHOP-057,SEED-SHOP-057-1,0
AMD-008,SEED-SHOP-057,SEED-SHOP-057-2,0
AMD-008,SEED-SHOP-060,,0
AMD-008,SEED-SHOP-062,,2
AMD-008,SEED-SHOP-063,SEED-SHOP-063-1,0
AMD-008,SEED-SHOP-063,SEED-SHOP-063-2,1
AMD-008,SEED-SHOP-064,,0
AMD-008,SEED-SHOP-067,,5
AMD-008,SEED-SHOP-069,SEED-SHOP-069-1,2
AMD-008,SEED-SHOP-069,SEED-SHOP-069-2,5
AMD-008,SEED-SHOP-072,SEED-SHOP-072-1,10
AMD-008,SEED-SHOP-072,SEED-SHOP-072-2,3
AMD-008,SEED-SHOP-073,SEED-SHOP-073-1,0
AMD-008,SEED-SHOP-073,SEED-SHOP-073-2,7
AMD-008,SEED-SHOP-076,SEED-SHOP-076-1,1
LVN-001,SEED-SHOP-001,,3
LVN-001,SEED-SHOP-004,,8
LVN-001,SEED-SHOP-005,,5
LVN-001,SEED-SHOP-006,SEED-SHOP-006-1,0
LVN-001,SEED-SHOP-006,SEED-SHOP-006-2,0
LVN-001,SEED-SHOP-007,,1
LVN-001,SEED-SHOP-008,SEED-SHOP-008-1,0
LVN-001,SEED-SHOP-010,SEED-SHOP-010-1,11
LVN-001,SEED-SHOP-010,SEED-SHOP-010-2,11
LVN-001,SEED-SHOP-013,,12
LVN-001,SEED-SHOP-017,,11
LVN-001,SEED-SHOP-018,,9
LVN-001,SEED-SHOP-019,SEED-SHOP-019-1,6
LVN-001,SEED-SHOP-019,SEED-SHOP-019-2,8
LVN-001,SEED-SHOP-020,,0
LVN-001,SEED-SHOP-021,,10
LVN-001,SEED-SHOP-023,,9
LVN-001,SEED-SHOP-024,,0
LVN-001,SEED-SHOP-027,SEED-SHOP-027-1,0
LVN-001,SEED-SHOP-027,SEED-SHOP-027-2,10
LVN-001,SEED-SHOP-028,,0
LVN-001,SEED-SHOP-029,,2
LVN-001,SEED-SHOP-031,,11
LVN-001,SEED-SHOP-032,,0
LVN-001,SEED-SHOP-034,SEED-SHOP-034-1,6
LVN-001,SEED-SHOP-034,SEED-SHOP-034-2,5
LVN-001,SEED-SHOP-036,,5
LVN-001,SEED-SHOP-037,,10
LVN-001,SEED-SHOP-038,SEED-SHOP-038-1,1
LVN-001,SEED-SHOP-038,SEED-SHOP-038-2,6
LVN-001,SEED-SHOP-039,SEED-SHOP-039-1,0
LVN-001,SEED-SHOP-039,SEED-SHOP-039-2,1
LVN-001,SEED-SHOP-041,SEED-SHOP-041-1,3
LVN-001,SEED-SHOP-041,SEED-SHOP-041-2,8
LVN-001,SEED-SHOP-042,,0
LVN-001,SEED-SHOP-043,,8
LVN-001,SEED-SHOP-044,,0
LVN-001,SEED-SHOP-045,SEED-SHOP-045-1,0
LVN-001,SEED-SHOP-045,SEED-SHOP-045-2,1
LVN-001,SEED-SHOP-046,,0
LVN-001,SEED-SHOP-048,,0
LVN-001,SEED-SHOP-049,SEED-SHOP-049-1,11
LVN-001,SEED-SHOP-049,SEED-SHOP-049-2,0
LVN-001,SEED-SHOP-050,SEED-SHOP-050-1,0
LVN-001,SEED-SHOP-050,SEED-SHOP-050-2,6
LVN-001,SEED-SHOP-051,,0
LVN-001,SEED-SHOP-052,SEED-SHOP-052-1,7
LVN-001,SEED-SHOP-052,SEED-SHOP-052-2,10
LVN-001,SEED-SHOP-053,,0
LVN-001,SEED-SHOP-054,SEED-SHOP-054-1,0
LVN-001,SEED-SHOP-054,SEED-SHOP-054-2,0
LVN-001,SEED-SHOP-055,,0
LVN-001,SEED-SHOP-060,,11
LVN-001,SEED-SHOP-061,,3
LVN-001,SEED-SHOP-062,,9
LVN-001,SEED-SHOP-063,SEED-SHOP-063-1,10
LVN-001,SEED-SHOP-063,SEED-SHOP-063-2,3
LVN-001,SEED-SHOP-066,,0
LVN-001,SEED-SHOP-067,,8
LVN-001,SEED-SHOP-069,SEED-SHOP-069-1,2
LVN-001,SEED-SHOP-069,SEED-SHOP-069-2,0
LVN-001,SEED-SHOP-071,,8
LVN-001,SEED-SHOP-073,SEED-SHOP-073-1,4
LVN-001,SEED-SHOP-073,SEED-SHOP-073-2,0
LVN-001,SEED-SHOP-074,SEED-SHOP-074-1,11
LVN-001,SEED-SHOP-074,SEED-SHOP-074-2,9
LVN-001,SEED-SHOP-076,SEED-SHOP-076-1,3
LVN-001,SEED-SHOP-077,,6
LVN-001,SEED-SHOP-080,SEED-SHOP-080-1,7
LVN-002,SEED-SHOP-002,SEED-SHOP-002-1,10
LVN-002,SEED-SHOP-002,SEED-SHOP-002-2,4
LVN-002,SEED-SHOP-005,,9
LVN-002,SEED-SHOP-007,,8
LVN-002,SEED-SHOP-010,SEED-SHOP-010-1,10
LVN-002,SEED-SHOP-010,SEED-SHOP-010-2,0
LVN-002,SEED-SHOP-011,SEED-SHOP-011-1,1
LVN-002,SEED-SHOP-011,SEED-SHOP-011-2,7
LVN-002,SEED-SHOP-012,SEED-SHOP-012-1,11
LVN-002,SEED-SHOP-012,SEED-SHOP-012-2,8
LVN-002,SEED-SHOP-013,,8
LVN-002,SEED-SHOP-014,,0
LVN-002,SEED-SHOP-015,SEED-SHOP-015-1,8
LVN-002,SEED-SHOP-015,SEED-SHOP-015-2,0
LVN-002,SEED-SHOP-016,,0
LVN-002,SEED-SHOP-017,,9
LVN-002,SEED-SHOP-020,,3
LVN-002,SEED-SHOP-021,,4
LVN-002,SEED-SHOP-022,,3
LVN-002,SEED-SHOP-023,,5
LVN-002,SEED-SHOP-024,,9
LVN-002,SEED-SHOP-025,,9
LVN-002,SEED-SHOP-027,SEED-SHOP-027-1,10
LVN-002,SEED-SHOP-027,SEED-SHOP-027-2,10
LVN-002,SEED-SHOP-030,,7
LVN-002,SEED-SHOP-035,SEED-SHOP-035-1,12
LVN-002,SEED-SHOP-035,SEED-SHOP-035-2,6
LVN-002,SEED-SHOP-036,,1
LVN-002,SEED-SHOP-037,,6
LVN-002,SEED-SHOP-039,SEED-SHOP-039-1,5
LVN-002,SEED-SHOP-039,SEED-SHOP-039-2,0
LVN-002,SEED-SHOP-040,,8
LVN-002,SEED-SHOP-045,SEED-SHOP-045-1,0
LVN-002,SEED-SHOP-045,SEED-SHOP-045-2,3
LVN-002,SEED-SHOP-046,,2
LVN-002,SEED-SHOP-047,,0
LVN-002,SEED-SHOP-048,,12
LVN-002,SEED-SHOP-049,SEED-SHOP-049-1,10
LVN-002,SEED-SHOP-049,SEED-SHOP-049-2,7
LVN-002,SEED-SHOP-050,SEED-SHOP-050-1,4
LVN-002,SEED-SHOP-050,SEED-SHOP-050-2,0
LVN-002,SEED-SHOP-051,,8
LVN-002,SEED-SHOP-057,SEED-SHOP-057-1,0
LVN-002,SEED-SHOP-057,SEED-SHOP-057-2,4
LVN-002,SEED-SHOP-058,,0
LVN-002,SEED-SHOP-062,,2
LVN-002,SEED-SHOP-063,SEED-SHOP-063-1,0
LVN-002,SEED-SHOP-063,SEED-SHOP-063-2,5
LVN-002,SEED-SHOP-065,,8
LVN-002,SEED-SHOP-067,,3
LVN-002,SEED-SHOP-068,SEED-SHOP-068-1,0
LVN-002,SEED-SHOP-068,SEED-SHOP-068-2,1
LVN-002,SEED-SHOP-070,SEED-SHOP-070-1,2
LVN-002,SEED-SHOP-070,SEED-SHOP-070-2,7
LVN-002,SEED-SHOP-072,SEED-SHOP-072-1,4
LVN-002,SEED-SHOP-072,SEED-SHOP-072-2,1
LVN-002,SEED-SHOP-077,,1
LVN-002,SEED-SHOP-078,,6
LVN-002,SEED-SHOP-079,SEED-SHOP-079-1,2
LVN-002,SEED-SHOP-079,SEED-SHOP-079-2,2
LVN-003,SEED-SHOP-001,,0
LVN-003,SEED-SHOP-003,,5
LVN-003,SEED-SHOP-009,SEED-SHOP-009-1,2
LVN-003,SEED-SHOP-010,SEED-SHOP-010-1,0
LVN-003,SEED-SHOP-010,SEED-SHOP-010-2,7
LVN-003,SEED-SHOP-011,SEED-SHOP-011-1,0
LVN-003,SEED-SHOP-011,SEED-SHOP-011-2,12
LVN-003,SEED-SHOP-012,SEED-SHOP-012-1,12
LVN-003,SEED-SHOP-012,SEED-SHOP-012-2,7
LVN-003,SEED-SHOP-013,,0
LVN-003,SEED-SHOP-014,,2
LVN-003,SEED-SHOP-015,SEED-SHOP-015-1,0
LVN-003,SEED-SHOP-015,SEED-SHOP-015-2,0
LVN-003,SEED-SHOP-016,,1
LVN-003,SEED-SHOP-018,,0
LVN-003,SEED-SHOP-019,SEED-SHOP-019-1,5
LVN-003,SEED-SHOP-019,SEED-SHOP-019-2,12
LVN-003,SEED-SHOP-021,,8
LVN-003,SEED-SHOP-022,,8
LVN-003,SEED-SHOP-023,,0
LVN-003,SEED-SHOP-025,,0
LVN-003,SEED-SHOP-027,SEED-SHOP-027-1,8
LVN-003,SEED-SHOP-027,SEED-SHOP-027-2,12
LVN-003,SEED-SHOP-030,,4
LVN-003,SEED-SHOP-031,,6
LVN-003,SEED-SHOP-032,,0
LVN-003,SEED-SHOP-034,SEED-SHOP-034-1,4
LVN-003,SEED-SHOP-034,SEED-SHOP-034-2,10
LVN-003,SEED-SHOP-036,,0
LVN-003,SEED-SHOP-037,,0
LVN-003,SEED-SHOP-038,SEED-SHOP-038-1,1
LVN-003,SEED-SHOP-038,SEED-SHOP-038-2,11
LVN-003,SEED-SHOP-039,SEED-SHOP-039-1,0
LVN-003,SEED-SHOP-039,SEED-SHOP-039-2,11
LVN-003,SEED-SHOP-040,,6
LVN-003,SEED-SHOP-042,,0
LVN-003,SEED-SHOP-043,,6
LVN-003,SEED-SHOP-044,,0
LVN-003,SEED-SHOP-045,SEED-SHOP-045-1,0
LVN-003,SEED-SHOP-045,SEED-SHOP-045-2,12
LVN-003,SEED-SHOP-046,,0
LVN-003,SEED-SHOP-047,,0
LVN-003,SEED-SHOP-051,,0
LVN-003,SEED-SHOP-053,,0
LVN-003,SEED-SHOP-055,,0
LVN-003,SEED-SHOP-059,,0
LVN-003,SEED-SHOP-060,,8
LVN-003,SEED-SHOP-062,,5
LVN-003,SEED-SHOP-065,,2
LVN-003,SEED-SHOP-066,,4
LVN-003,SEED-SHOP-067,,7
LVN-003,SEED-SHOP-068,SEED-SHOP-068-1,3
LVN-003,SEED-SHOP-068,SEED-SHOP-068-2,0
LVN-003,SEED-SHOP-069,SEED-SHOP-069-1,1
LVN-003,SEED-SHOP-069,SEED-SHOP-069-2,10
LVN-003,SEED-SHOP-071,,6
LVN-003,SEED-SHOP-072,SEED-SHOP-072-1,9
LVN-003,SEED-SHOP-072,SEED-SHOP-072-2,5
LVN-003,SEED-SHOP-073,SEED-SHOP-073-1,9
LVN-003,SEED-SHOP-073,SEED-SHOP-073-2,10
LVN-003,SEED-SHOP-075,,0
LVN-003,SEED-SHOP-079,SEED-SHOP-079-1,0
LVN-003,SEED-SHOP-079,SEED-SHOP-079-2,1
LVN-003,SEED-SHOP-080,SEED-SHOP-080-1,1
LVN-004,SEED-SHOP-003,,10
LVN-004,SEED-SHOP-004,,0
LVN-004,SEED-SHOP-006,SEED-SHOP-006-1,9
LVN-004,SEED-SHOP-006,SEED-SHOP-006-2,0
LVN-004,SEED-SHOP-007,,2
LVN-004,SEED-SHOP-008,SEED-SHOP-008-1,0
LVN-004,SEED-SHOP-009,SEED-SHOP-009-1,10
LVN-004,SEED-SHOP-011,SEED-SHOP-011-1,7
LVN-004,SEED-SHOP-011,SEED-SHOP-011-2,4
LVN-004,SEED-SHOP-012,SEED-SHOP-012-1,1
LVN-004,SEED-SHOP-012,SEED-SHOP-012-2,4
LVN-004,SEED-SHOP-013,,3
LVN-004,SEED-SHOP-014,,0
LVN-004,SEED-SHOP-015,SEED-SHOP-015-1,4
LVN-004,SEED-SHOP-015,SEED-SHOP-015-2,2
LVN-004,SEED-SHOP-017,,12
LVN-004,SEED-SHOP-018,,1
LVN-004,SEED-SHOP-020,,4
LVN-004,SEED-SHOP-021,,2
LVN-004,SEED-SHOP-022,,5
LVN-004,SEED-SHOP-023,,0
LVN-004,SEED-SHOP-025,,5
LVN-004,SEED-SHOP-026,SEED-SHOP-026-1,1
LVN-004,SEED-SHOP-026,SEED-SHOP-026-2,7
LVN-004,SEED-SHOP-027,SEED-SHOP-027-1,10
LVN-004,SEED-SHOP-027,SEED-SHOP-027-2,9
LVN-004,SEED-SHOP-028,,3
LVN-004,SEED-SHOP-029,,0
LVN-004,SEED-SHOP-030,,0
LVN-004,SEED-SHOP-031,,9
LVN-004,SEED-SHOP-033,SEED-SHOP-033-1,4
LVN-004,SEED-SHOP-033,SEED-SHOP-033-2,9
LVN-004,SEED-SHOP-035,SEED-SHOP-035-1,6
LVN-004,SEED-SHOP-035,SEED-SHOP-035-2,0
LVN-004,SEED-SHOP-036,,10
LVN-004,SEED-SHOP-037,,2
LVN-004,SEED-SHOP-038,SEED-SHOP-038-1,11
LVN-004,SEED-SHOP-038,SEED-SHOP-038-2,6
LVN-004,SEED-SHOP-040,,7
LVN-004,SEED-SHOP-041,SEED-SHOP-041-1,0
LVN-004,SEED-SHOP-041,SEED-SHOP-041-2,0
LVN-004,SEED-SHOP-042,,0
LVN-004,SEED-SHOP-043,,4
LVN-004,SEED-SHOP-045,SEED-SHOP-045-1,5
LVN-004,SEED-SHOP-045,SEED-SHOP-045-2,10
LVN-004,SEED-SHOP-047,,0
LVN-004,SEED-SHOP-048,,2
LVN-004,SEED-SHOP-049,SEED-SHOP-049-1,7
LVN-004,SEED-SHOP-049,SEED-SHOP-049-2,2
LVN-004,SEED-SHOP-053,,1
LVN-004,SEED-SHOP-058,,0
LVN-004,SEED-SHOP-059,,0
LVN-004,SEED-SHOP-060,,0
LVN-004,SEED-SHOP-062,,0
LVN-004,SEED-SHOP-063,SEED-SHOP-063-1,0
LVN-004,SEED-SHOP-063,SEED-SHOP-063-2,3
LVN-004,SEED-SHOP-064,,0
LVN-004,SEED-SHOP-065,,0
LVN-004,SEED-SHOP-066,,0
LVN-004,SEED-SHOP-068,SEED-SHOP-068-1,0
LVN-004,SEED-SHOP-068,SEED-SHOP-068-2,0
LVN-004,SEED-SHOP-070,SEED-SHOP-070-1,9
LVN-004,SEED-SHOP-070,SEED-SHOP-070-2,0
LVN-004,SEED-SHOP-076,SEED-SHOP-076-1,4
LVN-004,SEED-SHOP-079,SEED-SHOP-079-1,5
LVN-004,SEED-SHOP-079,SEED-SHOP-079-2,7
LVN-004,SEED-SHOP-080,SEED-SHOP-080-1,0
LVN-005,SEED-SHOP-002,SEED-SHOP-002-1,6
LVN-005,SEED-SHOP-002,SEED-SHOP-002-2,2
LVN-005,SEED-SHOP-007,,3
LVN-005,SEED-SHOP-009,SEED-SHOP-009-1,0
LVN-005,SEED-SHOP-010,SEED-SHOP-010-1,2
LVN-005,SEED-SHOP-010,SEED-SHOP-010-2,12
LVN-005,SEED-SHOP-012,SEED-SHOP-012-1,8
LVN-005,SEED-SHOP-012,SEED-SHOP-012-2,10
LVN-005,SEED-SHOP-013,,0
LVN-005,SEED-SHOP-015,SEED-SHOP-015-1,10
LVN-005,SEED-SHOP-015,SEED-SHOP-015-2,11
LVN-005,SEED-SHOP-016,,1
LVN-005,SEED-SHOP-018,,6
LVN-005,SEED-SHOP-020,,0
LVN-005,SEED-SHOP-021,,0
LVN-005,SEED-SHOP-022,,5
LVN-005,SEED-SHOP-024,,10
LVN-005,SEED-SHOP-026,SEED-SHOP-026-1,0
LVN-005,SEED-SHOP-026,SEED-SHOP-026-2,9
LVN-005,SEED-SHOP-027,SEED-SHOP-027-1,0
LVN-005,SEED-SHOP-027,SEED-SHOP-027-2,1
LVN-005,SEED-SHOP-029,,11
LVN-005,SEED-SHOP-032,,0
LVN-005,SEED-SHOP-033,SEED-SHOP-033-1,10
LVN-005,SEED-SHOP-033,SEED-SHOP-033-2,0
LVN-005,SEED-SHOP-035,SEED-SHOP-035-1,0
LVN-005,SEED-SHOP-035,SEED-SHOP-035-2,4
LVN-005,SEED-SHOP-036,,11
LVN-005,SEED-SHOP-037,,1
LVN-005,SEED-SHOP-038,SEED-SHOP-038-1,0
LVN-005,SEED-SHOP-038,SEED-SHOP-038-2,0
LVN-005,SEED-SHOP-039,SEED-SHOP-039-1,0
LVN-005,SEED-SHOP-039,SEED-SHOP-039-2,11
LVN-005,SEED-SHOP-040,,0
LVN-005,SEED-SHOP-044,,11
LVN-005,SEED-SHOP-045,SEED-SHOP-045-1,1
LVN-005,SEED-SHOP-045,SEED-SHOP-045-2,0
LVN-005,SEED-SHOP-046,,0
LVN-005,SEED-SHOP-047,,0
LVN-005,SEED-SHOP-048,,7
LVN-005,SEED-SHOP-049,SEED-SHOP-049-1,8
LVN-005,SEED-SHOP-049,SEED-SHOP-049-2,11
LVN-005,SEED-SHOP-051,,3
LVN-005,SEED-SHOP-052,SEED-SHOP-052-1,0
LVN-005,SEED-SHOP-052,SEED-SHOP-052-2,8
LVN-005,SEED-SHOP-053,,4
LVN-005,SEED-SHOP-054,SEED-SHOP-054-1,0
LVN-005,SEED-SHOP-054,SEED-SHOP-054-2,0
LVN-005,SEED-SHOP-055,,0
LVN-005,SEED-SHOP-056,SEED-SHOP-056-1,2
LVN-005,SEED-SHOP-056,SEED-SHOP-056-2,6
LVN-005,SEED-SHOP-057,SEED-SHOP-057-1,11
LVN-005,SEED-SHOP-057,SEED-SHOP-057-2,5
LVN-005,SEED-SHOP-058,,0
LVN-005,SEED-SHOP-059,,2
LVN-005,SEED-SHOP-061,,4
LVN-005,SEED-SHOP-063,SEED-SHOP-063-1,0
LVN-005,SEED-SHOP-063,SEED-SHOP-063-2,6
LVN-005,SEED-SHOP-064,,4
LVN-005,SEED-SHOP-065,,7
LVN-005,SEED-SHOP-066,,10
LVN-005,SEED-SHOP-067,,2
LVN-005,SEED-SHOP-069,SEED-SHOP-069-1,8
LVN-005,SEED-SHOP-069,SEED-SHOP-069-2,2
LVN-005,SEED-SHOP-070,SEED-SHOP-070-1,8
LVN-005,SEED-SHOP-070,SEED-SHOP-070-2,0
LVN-005,SEED-SHOP-076,SEED-SHOP-076-1,0
LVN-005,SEED-SHOP-077,,0
LVN-005,SEED-SHOP-079,SEED-SHOP-079-1,0
LVN-005,SEED-SHOP-079,SEED-SHOP-079-2,0
LVN-006,SEED-SHOP-001,,1
LVN-006,SEED-SHOP-004,,11
LVN-006,SEED-SHOP-006,SEED-SHOP-006-1,6
LVN-006,SEED-SHOP-006,SEED-SHOP-006-2,1
LVN-006,SEED-SHOP-007,,4
LVN-006,SEED-SHOP-008,SEED-SHOP-008-1,0
LVN-006,SEED-SHOP-010,SEED-SHOP-010-1,12
LVN-006,SEED-SHOP-010,SEED-SHOP-010-2,6
LVN-006,SEED-SHOP-012,SEED-SHOP-012-1,7
LVN-006,SEED-SHOP-012,SEED-SHOP-012-2,3
LVN-006,SEED-SHOP-013,,11
LVN-006,SEED-SHOP-015,SEED-SHOP-015-1,0
LVN-006,SEED-SHOP-015,SEED-SHOP-015-2,0
LVN-006,SEED-SHOP-018,,11
LVN-006,SEED-SHOP-020,,0
LVN-006,SEED-SHOP-022,,0
LVN-006,SEED-SHOP-023,,5
LVN-006,SEED-SHOP-025,,7
LVN-006,SEED-SHOP-026,SEED-SHOP-026-1,5
LVN-006,SEED-SHOP-026,SEED-SHOP-026-2,1
LVN-006,SEED-SHOP-027,SEED-SHOP-027-1,0
LVN-006,SEED-SHOP-027,SEED-SHOP-027-2,12
LVN-006,SEED-SHOP-029,,9
LVN-006,SEED-SHOP-030,,7
LVN-006,SEED-SHOP-034,SEED-SHOP-034-1,4
LVN-006,SEED-SHOP-034,SEED-SHOP-034-2,10
LVN-006,SEED-SHOP-035,SEED-SHOP-035-1,0
LVN-006,SEED-SHOP-035,SEED-SHOP-035-2,0
LVN-006,SEED-SHOP-036,,12
LVN-006,SEED-SHOP-038,SEED-SHOP-038-1,2
LVN-006,SEED-SHOP-038,SEED-SHOP-038-2,5
LVN-006,SEED-SHOP-040,,12
LVN-006,SEED-SHOP-041,SEED-SHOP-041-1,12
LVN-006,SEED-SHOP-041,SEED-SHOP-041-2,11
LVN-006,SEED-SHOP-042,,0
LVN-006,SEED-SHOP-043,,6
LVN-006,SEED-SHOP-044,,0
LVN-006,SEED-SHOP-045,SEED-SHOP-045-1,0
LVN-006,SEED-SHOP-045,SEED-SHOP-045-2,0
LVN-006,SEED-SHOP-046,,0
LVN-006,SEED-SHOP-047,,0
LVN-006,SEED-SHOP-048,,9
LVN-006,SEED-SHOP-050,SEED-SHOP-050-1,6
LVN-006,SEED-SHOP-050,SEED-SHOP-050-2,1
LVN-006,SEED-SHOP-053,,2
LVN-006,SEED-SHOP-054,SEED-SHOP-054-1,1
LVN-006,SEED-SHOP-054,SEED-SHOP-054-2,3
LVN-006,SEED-SHOP-055,,2
LVN-006,SEED-SHOP-056,SEED-SHOP-056-1,8
LVN-006,SEED-SHOP-056,SEED-SHOP-056-2,12
LVN-006,SEED-SHOP-057,SEED-SHOP-057-1,9
LVN-006,SEED-SHOP-057,SEED-SHOP-057-2,0
LVN-006,SEED-SHOP-060,,8
LVN-006,SEED-SHOP-062,,7
LVN-006,SEED-SHOP-063,SEED-SHOP-063-1,7
LVN-006,SEED-SHOP-063,SEED-SHOP-063-2,2
LVN-006,SEED-SHOP-064,,0
LVN-006,SEED-SHOP-066,,11
LVN-006,SEED-SHOP-067,,1
LVN-006,SEED-SHOP-069,SEED-SHOP-069-1,2
LVN-006,SEED-SHOP-069,SEED-SHOP-069-2,0
LVN-006,SEED-SHOP-070,SEED-SHOP-070-1,9
LVN-006,SEED-SHOP-070,SEED-SHOP-070-2,9
LVN-006,SEED-SHOP-076,SEED-SHOP-076-1,3
LVN-006,SEED-SHOP-077,,7
LVN-006,SEED-SHOP-078,,10
LVN-006,SEED-SHOP-079,SEED-SHOP-079-1,3
LVN-006,SEED-SHOP-079,SEED-SHOP-079-2,8
LVN-006,SEED-SHOP-080,SEED-SHOP-080-1,1
LVN-007,SEED-SHOP-001,,0
LVN-007,SEED-SHOP-002,SEED-SHOP-002-1,1
LVN-007,SEED-SHOP-002,SEED-SHOP-002-2,3
LVN-007,SEED-SHOP-003,,1
LVN-007,SEED-SHOP-005,,7
LVN-007,SEED-SHOP-006,SEED-SHOP-006-1,9
LVN-007,SEED-SHOP-006,SEED-SHOP-006-2,0
LVN-007,SEED-SHOP-009,SEED-SHOP-009-1,5
LVN-007,SEED-SHOP-010,SEED-SHOP-010-1,7
LVN-007,SEED-SHOP-010,SEED-SHOP-010-2,0
LVN-007,SEED-SHOP-012,SEED-SHOP-012-1,9
LVN-007,SEED-SHOP-012,SEED-SHOP-012-2,0
LVN-007,SEED-SHOP-015,SEED-SHOP-015-1,0
LVN-007,SEED-SHOP-015,SEED-SHOP-015-2,2
LVN-007,SEED-SHOP-016,,6
LVN-007,SEED-SHOP-017,,0
LVN-007,SEED-SHOP-018,,12
LVN-007,SEED-SHOP-019,SEED-SHOP-019-1,0
LVN-007,SEED-SHOP-019,SEED-SHOP-019-2,9
LVN-007,SEED-SHOP-021,,3
LVN-007,SEED-SHOP-022,,10
LVN-007,SEED-SHOP-023,,8
LVN-007,SEED-SHOP-025,,9
LVN-007,SEED-SHOP-028,,6
LVN-007,SEED-SHOP-031,,5
LVN-007,SEED-SHOP-032,,9
LVN-007,SEED-SHOP-034,SEED-SHOP-034-1,6
LVN-007,SEED-SHOP-034,SEED-SHOP-034-2,8
LVN-007,SEED-SHOP-036,,1
LVN-007,SEED-SHOP-037,,0
LVN-007,SEED-SHOP-039,SEED-SHOP-039-1,0
LVN-007,SEED-SHOP-039,SEED-SHOP-039-2,0
LVN-007,SEED-SHOP-040,,3
LVN-007,SEED-SHOP-042,,0
LVN-007,SEED-SHOP-043,,8
LVN-007,SEED-SHOP-044,,3
LVN-007,SEED-SHOP-045,SEED-SHOP-045-1,8
LVN-007,SEED-SHOP-045,SEED-SHOP-045-2,8
LVN-007,SEED-SHOP-050,SEED-SHOP-050-1,11
LVN-007,SEED-SHOP-050,SEED-SHOP-050-2,0
LVN-007,SEED-SHOP-052,SEED-SHOP-052-1,4
LVN-007,SEED-SHOP-052,SEED-SHOP-052-2,7
LVN-007,SEED-SHOP-057,SEED-SHOP-057-1,10
LVN-007,SEED-SHOP-057,SEED-SHOP-057-2,1
LVN-007,SEED-SHOP-061,,8
LVN-007,SEED-SHOP-062,,3
LVN-007,SEED-SHOP-063,SEED-SHOP-063-1,6
LVN-007,SEED-SHOP-063,SEED-SHOP-063-2,3
LVN-007,SEED-SHOP-065,,5
LVN-007,SEED-SHOP-066,,7
LVN-007,SEED-SHOP-071,,10
LVN-007,SEED-SHOP-076,SEED-SHOP-076-1,8
LVN-007,SEED-SHOP-078,,1
LVN-007,SEED-SHOP-079,SEED-SHOP-079-1,11
LVN-007,SEED-SHOP-079,SEED-SHOP-079-2,1
LVN-007,SEED-SHOP-080,SEED-SHOP-080-1,1
LVN-008,SEED-SHOP-001,,11
LVN-008,SEED-SHOP-002,SEED-SHOP-002-1,6
LVN-008,SEED-SHOP-002,SEED-SHOP-002-2,5
LVN-008,SEED-SHOP-005,,2
LVN-008,SEED-SHOP-006,SEED-SHOP-006-1,11
LVN-008,SEED-SHOP-006,SEED-SHOP-006-2,0
LVN-008,SEED-SHOP-007,,9
LVN-008,SEED-SHOP-008,SEED-SHOP-008-1,0
LVN-008,SEED-SHOP-009,SEED-SHOP-009-1,10
LVN-008,SEED-SHOP-013,,0
LVN-008,SEED-SHOP-014,,7
LVN-008,SEED-SHOP-015,SEED-SHOP-015-1,0
LVN-008,SEED-SHOP-015,SEED-SHOP-015-2,2
LVN-008,SEED-SHOP-017,,12
LVN-008,SEED-SHOP-019,SEED-SHOP-019-1,12
LVN-008,SEED-SHOP-019,SEED-SHOP-019-2,10
LVN-008,SEED-SHOP-020,,4
LVN-008,SEED-SHOP-022,,11
LVN-008,SEED-SHOP-024,,2
LVN-008,SEED-SHOP-025,,0
LVN-008,SEED-SHOP-026,SEED-SHOP-026-1,0
LVN-008,SEED-SHOP-026,SEED-SHOP-026-2,2
LVN-008,SEED-SHOP-027,SEED-SHOP-027-1,7
LVN-008,SEED-SHOP-027,SEED-SHOP-027-2,3
LVN-008,SEED-SHOP-028,,8
LVN-008,SEED-SHOP-030,,2
LVN-008,SEED-SHOP-031,,6
LVN-008,SEED-SHOP-032,,11
LVN-008,SEED-SHOP-034,SEED-SHOP-034-1,1
LVN-008,SEED-SHOP-034,SEED-SHOP-034-2,5
LVN-008,SEED-SHOP-035,SEED-SHOP-035-1,0
LVN-008,SEED-SHOP-035,SEED-SHOP-035-2,12
LVN-008,SEED-SHOP-037,,4
LVN-008,SEED-SHOP-040,,0
LVN-008,SEED-SHOP-041,SEED-SHOP-041-1,0
LVN-008,SEED-SHOP-041,SEED-SHOP-041-2,0
LVN-008,SEED-SHOP-047,,0
LVN-008,SEED-SHOP-048,,12
LVN-008,SEED-SHOP-053,,12
LVN-008,SEED-SHOP-055,,10
LVN-008,SEED-SHOP-058,,0
LVN-008,SEED-SHOP-060,,5
LVN-008,SEED-SHOP-063,SEED-SHOP-063-1,10
LVN-008,SEED-SHOP-063,SEED-SHOP-063-2,3
LVN-008,SEED-SHOP-068,SEED-SHOP-068-1,0
LVN-008,SEED-SHOP-068,SEED-SHOP-068-2,6
LVN-008,SEED-SHOP-071,,0
LVN-008,SEED-SHOP-072,SEED-SHOP-072-1,0
LVN-008,SEED-SHOP-072,SEED-SHOP-072-2,0
LVN-008,SEED-SHOP-074,SEED-SHOP-074-1,2
LVN-008,SEED-SHOP-074,SEED-SHOP-074-2,0
LVN-008,SEED-SHOP-075,,2
LVN-008,SEED-SHOP-080,SEED-SHOP-080-1,3
SGR-001,SEED-SHOP-001,,4
SGR-001,SEED-SHOP-003,,0
SGR-001,SEED-SHOP-004,,6
SGR-001,SEED-SHOP-006,SEED-SHOP-006-1,4
SGR-001,SEED-SHOP-006,SEED-SHOP-006-2,6
SGR-001,SEED-SHOP-007,,0
SGR-001,SEED-SHOP-009,SEED-SHOP-009-1,1
SGR-001,SEED-SHOP-010,SEED-SHOP-010-1,8
SGR-001,SEED-SHOP-010,SEED-SHOP-010-2,2
SGR-001,SEED-SHOP-011,SEED-SHOP-011-1,2
SGR-001,SEED-SHOP-011,SEED-SHOP-011-2,7
SGR-001,SEED-SHOP-012,SEED-SHOP-012-1,0
SGR-001,SEED-SHOP-012,SEED-SHOP-012-2,0
SGR-001,SEED-SHOP-013,,10
SGR-001,SEED-SHOP-015,SEED-SHOP-015-1,3
SGR-001,SEED-SHOP-015,SEED-SHOP-015-2,6
SGR-001,SEED-SHOP-017,,1
SGR-001,SEED-SHOP-018,,0
SGR-001,SEED-SHOP-019,SEED-SHOP-019-1,3
SGR-001,SEED-SHOP-019,SEED-SHOP-019-2,0
SGR-001,SEED-SHOP-020,,5
SGR-001,SEED-SHOP-022,,0
SGR-001,SEED-SHOP-023,,0
SGR-001,SEED-SHOP-024,,3
SGR-001,SEED-SHOP-025,,4
SGR-001,SEED-SHOP-027,SEED-SHOP-027-1,4
SGR-001,SEED-SHOP-027,SEED-SHOP-027-2,5
SGR-001,SEED-SHOP-029,,9
SGR-001,SEED-SHOP-030,,5
SGR-001,SEED-SHOP-031,,10
SGR-001,SEED-SHOP-033,SEED-SHOP-033-1,0
SGR-001,SEED-SHOP-033,SEED-SHOP-033-2,7
SGR-001,SEED-SHOP-034,SEED-SHOP-034-1,0
SGR-001,SEED-SHOP-034,SEED-SHOP-034-2,4
SGR-001,SEED-SHOP-035,SEED-SHOP-035-1,8
SGR-001,SEED-SHOP-035,SEED-SHOP-035-2,5
SGR-001,SEED-SHOP-039,SEED-SHOP-039-1,11
SGR-001,SEED-SHOP-039,SEED-SHOP-039-2,0
SGR-001,SEED-SHOP-041,SEED-SHOP-041-1,12
SGR-001,SEED-SHOP-041,SEED-SHOP-041-2,0
SGR-001,SEED-SHOP-042,,0
SGR-001,SEED-SHOP-044,,0
SGR-001,SEED-SHOP-045,SEED-SHOP-045-1,1
SGR-001,SEED-SHOP-045,SEED-SHOP-045-2,4
SGR-001,SEED-SHOP-046,,4
SGR-001,SEED-SHOP-047,,0
SGR-001,SEED-SHOP-048,,3
SGR-001,SEED-SHOP-050,SEED-SHOP-050-1,6
SGR-001,SEED-SHOP-050,SEED-SHOP-050-2,0
SGR-001,SEED-SHOP-052,SEED-SHOP-052-1,0
SGR-001,SEED-SHOP-052,SEED-SHOP-052-2,2
SGR-001,SEED-SHOP-054,SEED-SHOP-054-1,11
SGR-001,SEED-SHOP-054,SEED-SHOP-054-2,9
SGR-001,SEED-SHOP-055,,1
SGR-001,SEED-SHOP-056,SEED-SHOP-056-1,0
SGR-001,SEED-SHOP-056,SEED-SHOP-056-2,6
SGR-001,SEED-SHOP-057,SEED-SHOP-057-1,10
SGR-001,SEED-SHOP-057,SEED-SHOP-057-2,0
SGR-001,SEED-SHOP-058,,0
SGR-001,SEED-SHOP-059,,0
SGR-001,SEED-SHOP-065,,0
SGR-001,SEED-SHOP-066,,5
SGR-001,SEED-SHOP-067,,7
SGR-001,SEED-SHOP-069,SEED-SHOP-069-1,7
SGR-001,SEED-SHOP-069,SEED-SHOP-069-2,12
SGR-001,SEED-SHOP-071,,12
SGR-001,SEED-SHOP-072,SEED-SHOP-072-1,0
SGR-001,SEED-SHOP-072,SEED-SHOP-072-2,0
SGR-001,SEED-SHOP-073,SEED-SHOP-073-1,7
SGR-001,SEED-SHOP-073,SEED-SHOP-073-2,10
SGR-001,SEED-SHOP-074,SEED-SHOP-074-1,10
SGR-001,SEED-SHOP-074,SEED-SHOP-074-2,11
SGR-001,SEED-SHOP-076,SEED-SHOP-076-1,11
SGR-001,SEED-SHOP-077,,11
SGR-001,SEED-SHOP-080,SEED-SHOP-080-1,0
SGR-002,SEED-SHOP-001,,9
SGR-002,SEED-SHOP-004,,0
SGR-002,SEED-SHOP-005,,9
SGR-002,SEED-SHOP-006,SEED-SHOP-006-1,3
SGR-002,SEED-SHOP-006,SEED-SHOP-006-2,0
SGR-002,SEED-SHOP-008,SEED-SHOP-008-1,0
SGR-002,SEED-SHOP-012,SEED-SHOP-012-1,2
SGR-002,SEED-SHOP-012,SEED-SHOP-012-2,0
SGR-002,SEED-SHOP-017,,5
SGR-002,SEED-SHOP-018,,4
SGR-002,SEED-SHOP-021,,0
SGR-002,SEED-SHOP-025,,1
SGR-002,SEED-SHOP-026,SEED-SHOP-026-1,0
SGR-002,SEED-SHOP-026,SEED-SHOP-026-2,0
SGR-002,SEED-SHOP-027,SEED-SHOP-027-1,11
SGR-002,SEED-SHOP-027,SEED-SHOP-027-2,1
SGR-002,SEED-SHOP-029,,4
SGR-002,SEED-SHOP-033,SEED-SHOP-033-1,0
SGR-002,SEED-SHOP-033,SEED-SHOP-033-2,6
SGR-002,SEED-SHOP-034,SEED-SHOP-034-1,0
SGR-002,SEED-SHOP-034,SEED-SHOP-034-2,5
SGR-002,SEED-SHOP-036,,1
SGR-002,SEED-SHOP-038,SEED-SHOP-038-1,9
SGR-002,SEED-SHOP-038,SEED-SHOP-038-2,11
SGR-002,SEED-SHOP-039,SEED-SHOP-039-1,10
SGR-002,SEED-SHOP-039,SEED-SHOP-039-2,4
SGR-002,SEED-SHOP-041,SEED-SHOP-041-1,5
SGR-002,SEED-SHOP-041,SEED-SHOP-041-2,0
SGR-002,SEED-SHOP-042,,0
SGR-002,SEED-SHOP-043,,11
SGR-002,SEED-SHOP-047,,0
SGR-002,SEED-SHOP-048,,10
SGR-002,SEED-SHOP-049,SEED-SHOP-049-1,8
SGR-002,SEED-SHOP-049,SEED-SHOP-049-2,0
SGR-002,SEED-SHOP-051,,8
SGR-002,SEED-SHOP-056,SEED-SHOP-056-1,5
SGR-002,SEED-SHOP-056,SEED-SHOP-056-2,8
SGR-002,SEED-SHOP-059,,4
SGR-002,SEED-SHOP-061,,8
SGR-002,SEED-SHOP-064,,0
SGR-002,SEED-SHOP-065,,10
SGR-002,SEED-SHOP-066,,9
SGR-002,SEED-SHOP-068,SEED-SHOP-068-1,0
SGR-002,SEED-SHOP-068,SEED-SHOP-068-2,8
SGR-002,SEED-SHOP-069,SEED-SHOP-069-1,0
SGR-002,SEED-SHOP-069,SEED-SHOP-069-2,0
SGR-002,SEED-SHOP-070,SEED-SHOP-070-1,8
SGR-002,SEED-SHOP-070,SEED-SHOP-070-2,9
SGR-002,SEED-SHOP-074,SEED-SHOP-074-1,0
SGR-002,SEED-SHOP-074,SEED-SHOP-074-2,1
SGR-002,SEED-SHOP-075,,0
SGR-002,SEED-SHOP-076,SEED-SHOP-076-1,9
SGR-002,SEED-SHOP-078,,6
SGR-003,SEED-SHOP-003,,1
SGR-003,SEED-SHOP-007,,9
SGR-003,SEED-SHOP-009,SEED-SHOP-009-1,4
SGR-003,SEED-SHOP-011,SEED-SHOP-011-1,12
SGR-003,SEED-SHOP-011,SEED-SHOP-011-2,8
SGR-003,SEED-SHOP-012,SEED-SHOP-012-1,1
SGR-003,SEED-SHOP-012,SEED-SHOP-012-2,10
SGR-003,SEED-SHOP-014,,5
SGR-003,SEED-SHOP-015,SEED-SHOP-015-1,6
SGR-003,SEED-SHOP-015,SEED-SHOP-015-2,0
SGR-003,SEED-SHOP-020,,4
SGR-003,SEED-SHOP-021,,11
SGR-003,SEED-SHOP-027,SEED-SHOP-027-1,0
SGR-003,SEED-SHOP-027,SEED-SHOP-027-2,12
SGR-003,SEED-SHOP-028,,7
SGR-003,SEED-SHOP-029,,0
SGR-003,SEED-SHOP-030,,10
SGR-003,SEED-SHOP-031,,2
SGR-003,SEED-SHOP-032,,5
SGR-003,SEED-SHOP-035,SEED-SHOP-035-1,10
SGR-003,SEED-SHOP-035,SEED-SHOP-035-2,12
SGR-003,SEED-SHOP-036,,0
SGR-003,SEED-SHOP-040,,11
SGR-003,SEED-SHOP-041,SEED-SHOP-041-1,7
SGR-003,SEED-SHOP-041,SEED-SHOP-041-2,10
SGR-003,SEED-SHOP-044,,2
SGR-003,SEED-SHOP-045,SEED-SHOP-045-1,11
SGR-003,SEED-SHOP-045,SEED-SHOP-045-2,0
SGR-003,SEED-SHOP-046,,6
SGR-003,SEED-SHOP-048,,0
SGR-003,SEED-SHOP-050,SEED-SHOP-050-1,9
SGR-003,SEED-SHOP-050,SEED-SHOP-050-2,4
SGR-003,SEED-SHOP-051,,2
SGR-003,SEED-SHOP-052,SEED-SHOP-052-1,0
SGR-003,SEED-SHOP-052,SEED-SHOP-052-2,0
SGR-003,SEED-SHOP-054,SEED-SHOP-054-1,3
SGR-003,SEED-SHOP-054,SEED-SHOP-054-2,7
SGR-003,SEED-SHOP-056,SEED-SHOP-056-1,4
SGR-003,SEED-SHOP-056,SEED-SHOP-056-2,9
SGR-003,SEED-SHOP-057,SEED-SHOP-057-1,11
SGR-003,SEED-SHOP-057,SEED-SHOP-057-2,3
SGR-003,SEED-SHOP-058,,0
SGR-003,SEED-SHOP-060,,0
SGR-003,SEED-SHOP-061,,8
SGR-003,SEED-SHOP-062,,11
SGR-003,SEED-SHOP-063,SEED-SHOP-063-1,4
SGR-003,SEED-SHOP-063,SEED-SHOP-063-2,4
SGR-003,SEED-SHOP-064,,1
SGR-003,SEED-SHOP-065,,4
SGR-003,SEED-SHOP-066,,7
SGR-003,SEED-SHOP-069,SEED-SHOP-069-1,11
SGR-003,SEED-SHOP-069,SEED-SHOP-069-2,0
SGR-003,SEED-SHOP-070,SEED-SHOP-070-1,2
SGR-003,SEED-SHOP-070,SEED-SHOP-070-2,9
SGR-003,SEED-SHOP-073,SEED-SHOP-073-1,2
SGR-003,SEED-SHOP-073,SEED-SHOP-073-2,5
SGR-003,SEED-SHOP-074,SEED-SHOP-074-1,3
SGR-003,SEED-SHOP-074,SEED-SHOP-074-2,0
SGR-003,SEED-SHOP-076,SEED-SHOP-076-1,1
SGR-003,SEED-SHOP-078,,8
SGR-003,SEED-SHOP-079,SEED-SHOP-079-1,1
SGR-003,SEED-SHOP-079,SEED-SHOP-079-2,2
SGR-004,SEED-SHOP-004,,4
SGR-004,SEED-SHOP-006,SEED-SHOP-006-1,7
SGR-004,SEED-SHOP-006,SEED-SHOP-006-2,6
SGR-004,SEED-SHOP-009,SEED-SHOP-009-1,0
SGR-004,SEED-SHOP-010,SEED-SHOP-010-1,0
SGR-004,SEED-SHOP-010,SEED-SHOP-010-2,10
SGR-004,SEED-SHOP-011,SEED-SHOP-011-1,0
SGR-004,SEED-SHOP-011,SEED-SHOP-011-2,0
SGR-004,SEED-SHOP-016,,12
SGR-004,SEED-SHOP-017,,7
SGR-004,SEED-SHOP-018,,0
SGR-004,SEED-SHOP-020,,11
SGR-004,SEED-SHOP-022,,9
SGR-004,SEED-SHOP-023,,10
SGR-004,SEED-SHOP-024,,3
SGR-004,SEED-SHOP-025,,0
SGR-004,SEED-SHOP-029,,3
SGR-004,SEED-SHOP-030,,12
SGR-004,SEED-SHOP-031,,9
SGR-004,SEED-SHOP-033,SEED-SHOP-033-1,6
SGR-004,SEED-SHOP-033,SEED-SHOP-033-2,8
SGR-004,SEED-SHOP-036,,3
SGR-004,SEED-SHOP-043,,4
SGR-004,SEED-SHOP-044,,0
SGR-004,SEED-SHOP-045,SEED-SHOP-045-1,7
SGR-004,SEED-SHOP-045,SEED-SHOP-045-2,0
SGR-004,SEED-SHOP-047,,0
SGR-004,SEED-SHOP-048,,6
SGR-004,SEED-SHOP-049,SEED-SHOP-049-1,0
SGR-004,SEED-SHOP-049,SEED-SHOP-049-2,0
SGR-004,SEED-SHOP-050,SEED-SHOP-050-1,7
SGR-004,SEED-SHOP-050,SEED-SHOP-050-2,8
SGR-004,SEED-SHOP-053,,12
SGR-004,SEED-SHOP-055,,11
SGR-004,SEED-SHOP-057,SEED-SHOP-057-1,0
SGR-004,SEED-SHOP-057,SEED-SHOP-057-2,0
SGR-004,SEED-SHOP-058,,0
SGR-004,SEED-SHOP-060,,3
SGR-004,SEED-SHOP-061,,2
SGR-004,SEED-SHOP-063,SEED-SHOP-063-1,10
SGR-004,SEED-SHOP-063,SEED-SHOP-063-2,7
SGR-004,SEED-SHOP-065,,9
SGR-004,SEED-SHOP-066,,8
SGR-004,SEED-SHOP-067,,12
SGR-004,SEED-SHOP-068,SEED-SHOP-068-1,0
SGR-004,SEED-SHOP-068,SEED-SHOP-068-2,0
SGR-004,SEED-SHOP-069,SEED-SHOP-069-1,3
SGR-004,SEED-SHOP-069,SEED-SHOP-069-2,10
SGR-004,SEED-SHOP-070,SEED-SHOP-070-1,4
SGR-004,SEED-SHOP-070,SEED-SHOP-070-2,5
SGR-004,SEED-SHOP-071,,0
SGR-004,SEED-SHOP-072,SEED-SHOP-072-1,7
SGR-004,SEED-SHOP-072,SEED-SHOP-072-2,7
SGR-004,SEED-SHOP-077,,5
SGR-004,SEED-SHOP-078,,2
SGR-004,SEED-SHOP-079,SEED-SHOP-079-1,2
SGR-004,SEED-SHOP-079,SEED-SHOP-079-2,11
SGR-005,SEED-SHOP-002,SEED-SHOP-002-1,7
SGR-005,SEED-SHOP-002,SEED-SHOP-002-2,0
SGR-005,SEED-SHOP-004,,9
SGR-005,SEED-SHOP-005,,0
SGR-005,SEED-SHOP-006,SEED-SHOP-006-1,0
SGR-005,SEED-SHOP-006,SEED-SHOP-006-2,2
SGR-005,SEED-SHOP-007,,12
SGR-005,SEED-SHOP-009,SEED-SHOP-009-1,0
SGR-005,SEED-SHOP-011,SEED-SHOP-011-1,4
SGR-005,SEED-SHOP-011,SEED-SHOP-011-2,0
SGR-005,SEED-SHOP-013,,6
SGR-005,SEED-SHOP-016,,0
SGR-005,SEED-SHOP-017,,2
SGR-005,SEED-SHOP-018,,0
SGR-005,SEED-SHOP-022,,10
SGR-005,SEED-SHOP-027,SEED-SHOP-027-1,9
SGR-005,SEED-SHOP-027,SEED-SHOP-027-2,0
SGR-005,SEED-SHOP-032,,4
SGR-005,SEED-SHOP-034,SEED-SHOP-034-1,9
SGR-005,SEED-SHOP-034,SEED-SHOP-034-2,0
SGR-005,SEED-SHOP-036,,5
SGR-005,SEED-SHOP-037,,11
SGR-005,SEED-SHOP-038,SEED-SHOP-038-1,10
SGR-005,SEED-SHOP-038,SEED-SHOP-038-2,8
SGR-005,SEED-SHOP-041,SEED-SHOP-041-1,0
SGR-005,SEED-SHOP-041,SEED-SHOP-041-2,8
SGR-005,SEED-SHOP-042,,0
SGR-005,SEED-SHOP-044,,2
SGR-005,SEED-SHOP-046,,0
SGR-005,SEED-SHOP-048,,3
SGR-005,SEED-SHOP-052,SEED-SHOP-052-1,12
SGR-005,SEED-SHOP-052,SEED-SHOP-052-2,5
SGR-005,SEED-SHOP-054,SEED-SHOP-054-1,9
SGR-005,SEED-SHOP-054,SEED-SHOP-054-2,3
SGR-005,SEED-SHOP-055,,2
SGR-005,SEED-SHOP-057,SEED-SHOP-057-1,2
SGR-005,SEED-SHOP-057,SEED-SHOP-057-2,0
SGR-005,SEED-SHOP-058,,0
SGR-005,SEED-SHOP-059,,1
SGR-005,SEED-SHOP-064,,4
SGR-005,SEED-SHOP-067,,9
SGR-005,SEED-SHOP-069,SEED-SHOP-069-1,0
SGR-005,SEED-SHOP-069,SEED-SHOP-069-2,4
SGR-005,SEED-SHOP-070,SEED-SHOP-070-1,5
SGR-005,SEED-SHOP-070,SEED-SHOP-070-2,0
SGR-005,SEED-SHOP-073,SEED-SHOP-073-1,5
SGR-005,SEED-SHOP-073,SEED-SHOP-073-2,8
SGR-005,SEED-SHOP-074,SEED-SHOP-074-1,5
SGR-005,SEED-SHOP-074,SEED-SHOP-074-2,0
SGR-005,SEED-SHOP-075,,0
SGR-005,SEED-SHOP-079,SEED-SHOP-079-1,4
SGR-005,SEED-SHOP-079,SEED-SHOP-079-2,12
SGR-005,SEED-SHOP-080,SEED-SHOP-080-1,12
SGR-006,SEED-SHOP-001,,2
SGR-006,SEED-SHOP-002,SEED-SHOP-002-1,9
SGR-006,SEED-SHOP-002,SEED-SHOP-002-2,6
SGR-006,SEED-SHOP-003,,1
SGR-006,SEED-SHOP-004,,9
SGR-006,SEED-SHOP-006,SEED-SHOP-006-1,9
SGR-006,SEED-SHOP-006,SEED-SHOP-006-2,1
SGR-006,SEED-SHOP-008,SEED-SHOP-008-1,0
SGR-006,SEED-SHOP-012,SEED-SHOP-012-1,4
SGR-006,SEED-SHOP-012,SEED-SHOP-012-2,12
SGR-006,SEED-SHOP-013,,6
SGR-006,SEED-SHOP-014,,0
SGR-006,SEED-SHOP-016,,8
SGR-006,SEED-SHOP-018,,0
SGR-006,SEED-SHOP-019,SEED-SHOP-019-1,7
SGR-006,SEED-SHOP-019,SEED-SHOP-019-2,11
SGR-006,SEED-SHOP-020,,8
SGR-006,SEED-SHOP-021,,1
SGR-006,SEED-SHOP-022,,0
SGR-006,SEED-SHOP-024,,1
SGR-006,SEED-SHOP-027,SEED-SHOP-027-1,11
SGR-006,SEED-SHOP-027,SEED-SHOP-027-2,9
SGR-006,SEED-SHOP-028,,0
SGR-006,SEED-SHOP-029,,5
SGR-006,SEED-SHOP-030,,0
SGR-006,SEED-SHOP-031,,0
SGR-006,SEED-SHOP-032,,12
SGR-006,SEED-SHOP-034,SEED-SHOP-034-1,8
SGR-006,SEED-SHOP-034,SEED-SHOP-034-2,0
SGR-006,SEED-SHOP-035,SEED-SHOP-035-1,0
SGR-006,SEED-SHOP-035,SEED-SHOP-035-2,4
SGR-006,SEED-SHOP-040,,0
SGR-006,SEED-SHOP-041,SEED-SHOP-041-1,0
SGR-006,SEED-SHOP-041,SEED-SHOP-041-2,0
SGR-006,SEED-SHOP-043,,2
SGR-006,SEED-SHOP-046,,3
SGR-006,SEED-SHOP-049,SEED-SHOP-049-1,0
SGR-006,SEED-SHOP-049,SEED-SHOP-049-2,7
SGR-006,SEED-SHOP-051,,6
SGR-006,SEED-SHOP-052,SEED-SHOP-052-1,0
SGR-006,SEED-SHOP-052,SEED-SHOP-052-2,0
SGR-006,SEED-SHOP-054,SEED-SHOP-054-1,4
SGR-006,SEED-SHOP-054,SEED-SHOP-054-2,8
SGR-006,SEED-SHOP-057,SEED-SHOP-057-1,9
SGR-006,SEED-SHOP-057,SEED-SHOP-057-2,0
SGR-006,SEED-SHOP-059,,6
SGR-006,SEED-SHOP-060,,4
SGR-006,SEED-SHOP-061,,0
SGR-006,SEED-SHOP-062,,4
SGR-006,SEED-SHOP-063,SEED-SHOP-063-1,0
SGR-006,SEED-SHOP-063,SEED-SHOP-063-2,9
SGR-006,SEED-SHOP-065,,7
SGR-006,SEED-SHOP-066,,2
SGR-006,SEED-SHOP-068,SEED-SHOP-068-1,6
SGR-006,SEED-SHOP-068,SEED-SHOP-068-2,0
SGR-006,SEED-SHOP-069,SEED-SHOP-069-1,0
SGR-006,SEED-SHOP-069,SEED-SHOP-069-2,0
SGR-006,SEED-SHOP-071,,2
SGR-006,SEED-SHOP-073,SEED-SHOP-073-1,0
SGR-006,SEED-SHOP-073,SEED-SHOP-073-2,9
SGR-006,SEED-SHOP-074,SEED-SHOP-074-1,9
SGR-006,SEED-SHOP-074,SEED-SHOP-074-2,11
SGR-006,SEED-SHOP-075,,12
SGR-006,SEED-SHOP-076,SEED-SHOP-076-1,8
SGR-006,SEED-SHOP-077,,5
SGR-006,SEED-SHOP-078,,1
SGR-006,SEED-SHOP-080,SEED-SHOP-080-1,8
SGR-007,SEED-SHOP-005,,9
SGR-007,SEED-SHOP-008,SEED-SHOP-008-1,0
SGR-007,SEED-SHOP-009,SEED-SHOP-009-1,12
SGR-007,SEED-SHOP-013,,0
SGR-007,SEED-SHOP-014,,0
SGR-007,SEED-SHOP-015,SEED-SHOP-015-1,5
SGR-007,SEED-SHOP-015,SEED-SHOP-015-2,1
SGR-007,SEED-SHOP-019,SEED-SHOP-019-1,0
SGR-007,SEED-SHOP-019,SEED-SHOP-019-2,11
SGR-007,SEED-SHOP-022,,5
SGR-007,SEED-SHOP-023,,3
SGR-007,SEED-SHOP-026,SEED-SHOP-026-1,0
SGR-007,SEED-SHOP-026,SEED-SHOP-026-2,0
SGR-007,SEED-SHOP-027,SEED-SHOP-027-1,8
SGR-007,SEED-SHOP-027,SEED-SHOP-027-2,8
SGR-007,SEED-SHOP-028,,8
SGR-007,SEED-SHOP-029,,3
SGR-007,SEED-SHOP-032,,6
SGR-007,SEED-SHOP-037,,0
SGR-007,SEED-SHOP-038,SEED-SHOP-038-1,10
SGR-007,SEED-SHOP-038,SEED-SHOP-038-2,12
SGR-007,SEED-SHOP-041,SEED-SHOP-041-1,5
SGR-007,SEED-SHOP-041,SEED-SHOP-041-2,12
SGR-007,SEED-SHOP-042,,0
SGR-007,SEED-SHOP-044,,0
SGR-007,SEED-SHOP-045,SEED-SHOP-045-1,0
SGR-007,SEED-SHOP-045,SEED-SHOP-045-2,8
SGR-007,SEED-SHOP-050,SEED-SHOP-050-1,11
SGR-007,SEED-SHOP-050,SEED-SHOP-050-2,10
SGR-007,SEED-SHOP-051,,2
SGR-007,SEED-SHOP-053,,0
SGR-007,SEED-SHOP-055,,0
SGR-007,SEED-SHOP-058,,0
SGR-007,SEED-SHOP-060,,1
SGR-007,SEED-SHOP-061,,11
SGR-007,SEED-SHOP-062,,11
SGR-007,SEED-SHOP-065,,0
SGR-007,SEED-SHOP-067,,8
SGR-007,SEED-SHOP-073,SEED-SHOP-073-1,1
SGR-007,SEED-SHOP-073,SEED-SHOP-073-2,5
SGR-007,SEED-SHOP-074,SEED-SHOP-074-1,3
SGR-007,SEED-SHOP-074,SEED-SHOP-074-2,0
SGR-007,SEED-SHOP-075,,11
SGR-007,SEED-SHOP-077,,12
SGR-007,SEED-SHOP-078,,9
SGR-007,SEED-SHOP-080,SEED-SHOP-080-1,3
SGR-008,SEED-SHOP-004,,10
SGR-008,SEED-SHOP-016,,1
SGR-008,SEED-SHOP-020,,12
SGR-008,SEED-SHOP-021,,0
SGR-008,SEED-SHOP-023,,6
SGR-008,SEED-SHOP-026,SEED-SHOP-026-1,5
SGR-008,SEED-SHOP-026,SEED-SHOP-026-2,11
SGR-008,SEED-SHOP-027,SEED-SHOP-027-1,0
SGR-008,SEED-SHOP-027,SEED-SHOP-027-2,7
SGR-008,SEED-SHOP-028,,2
SGR-008,SEED-SHOP-030,,0
SGR-008,SEED-SHOP-032,,7
SGR-008,SEED-SHOP-034,SEED-SHOP-034-1,11
SGR-008,SEED-SHOP-034,SEED-SHOP-034-2,11
SGR-008,SEED-SHOP-037,,8
SGR-008,SEED-SHOP-038,SEED-SHOP-038-1,0
SGR-008,SEED-SHOP-038,SEED-SHOP-038-2,9
SGR-008,SEED-SHOP-039,SEED-SHOP-039-1,1
SGR-008,SEED-SHOP-039,SEED-SHOP-039-2,8
SGR-008,SEED-SHOP-041,SEED-SHOP-041-1,10
SGR-008,SEED-SHOP-041,SEED-SHOP-041-2,2
SGR-008,SEED-SHOP-042,,0
SGR-008,SEED-SHOP-043,,0
SGR-008,SEED-SHOP-045,SEED-SHOP-045-1,0
SGR-008,SEED-SHOP-045,SEED-SHOP-045-2,12
SGR-008,SEED-SHOP-047,,0
SGR-008,SEED-SHOP-048,,5
SGR-008,SEED-SHOP-049,SEED-SHOP-049-1,9
SGR-008,SEED-SHOP-049,SEED-SHOP-049-2,0
SGR-008,SEED-SHOP-053,,0
SGR-008,SEED-SHOP-054,SEED-SHOP-054-1,5
SGR-008,SEED-SHOP-054,SEED-SHOP-054-2,12
SGR-008,SEED-SHOP-056,SEED-SHOP-056-1,1
SGR-008,SEED-SHOP-056,SEED-SHOP-056-2,11
SGR-008,SEED-SHOP-057,SEED-SHOP-057-1,2
SGR-008,SEED-SHOP-057,SEED-SHOP-057-2,4
SGR-008,SEED-SHOP-058,,0
SGR-008,SEED-SHOP-059,,0
SGR-008,SEED-SHOP-060,,5
SGR-008,SEED-SHOP-064,,11
SGR-008,SEED-SHOP-065,,9
SGR-008,SEED-SHOP-071,,0
SGR-008,SEED-SHOP-072,SEED-SHOP-072-1,2
SGR-008,SEED-SHOP-072,SEED-SHOP-072-2,6
SGR-008,SEED-SHOP-074,SEED-SHOP-074-1,0
SGR-008,SEED-SHOP-074,SEED-SHOP-074-2,3
SGR-008,SEED-SHOP-076,SEED-SHOP-076-1,6
SGR-008,SEED-SHOP-077,,6
SGR-008,SEED-SHOP-078,,12
SGR-008,SEED-SHOP-079,SEED-SHOP-079-1,8
SGR-008,SEED-SHOP-079,SEED-SHOP-079-2,4
TBN-001,SEED-SHOP-002,SEED-SHOP-002-1,4
TBN-001,SEED-SHOP-002,SEED-SHOP-002-2,8
TBN-001,SEED-SHOP-004,,4
TBN-001,SEED-SHOP-006,SEED-SHOP-006-1,0
TBN-001,SEED-SHOP-006,SEED-SHOP-006-2,7
TBN-001,SEED-SHOP-007,,9
TBN-001,SEED-SHOP-009,SEED-SHOP-009-1,8
TBN-001,SEED-SHOP-010,SEED-SHOP-010-1,6
TBN-001,SEED-SHOP-010,SEED-SHOP-010-2,12
TBN-001,SEED-SHOP-011,SEED-SHOP-011-1,10
TBN-001,SEED-SHOP-011,SEED-SHOP-011-2,5
TBN-001,SEED-SHOP-012,SEED-SHOP-012-1,2
TBN-001,SEED-SHOP-012,SEED-SHOP-012-2,0
TBN-001,SEED-SHOP-013,,0
TBN-001,SEED-SHOP-015,SEED-SHOP-015-1,0
TBN-001,SEED-SHOP-015,SEED-SHOP-015-2,4
TBN-001,SEED-SHOP-016,,5
TBN-001,SEED-SHOP-017,,6
TBN-001,SEED-SHOP-018,,2
TBN-001,SEED-SHOP-019,SEED-SHOP-019-1,0
TBN-001,SEED-SHOP-019,SEED-SHOP-019-2,5
TBN-001,SEED-SHOP-020,,6
TBN-001,SEED-SHOP-021,,10
TBN-001,SEED-SHOP-022,,0
TBN-001,SEED-SHOP-023,,4
TBN-001,SEED-SHOP-026,SEED-SHOP-026-1,8
TBN-001,SEED-SHOP-026,SEED-SHOP-026-2,0
TBN-001,SEED-SHOP-028,,0
TBN-001,SEED-SHOP-030,,0
TBN-001,SEED-SHOP-031,,0
TBN-001,SEED-SHOP-033,SEED-SHOP-033-1,11
TBN-001,SEED-SHOP-033,SEED-SHOP-033-2,0
TBN-001,SEED-SHOP-039,SEED-SHOP-039-1,0
TBN-001,SEED-SHOP-039,SEED-SHOP-039-2,8
TBN-001,SEED-SHOP-041,SEED-SHOP-041-1,1
TBN-001,SEED-SHOP-041,SEED-SHOP-041-2,11
TBN-001,SEED-SHOP-044,,8
TBN-001,SEED-SHOP-045,SEED-SHOP-045-1,7
TBN-001,SEED-SHOP-045,SEED-SHOP-045-2,9
TBN-001,SEED-SHOP-048,,5
TBN-001,SEED-SHOP-050,SEED-SHOP-050-1,10
TBN-001,SEED-SHOP-050,SEED-SHOP-050-2,0
TBN-001,SEED-SHOP-051,,9
TBN-001,SEED-SHOP-053,,2
TBN-001,SEED-SHOP-054,SEED-SHOP-054-1,10
TBN-001,SEED-SHOP-054,SEED-SHOP-054-2,9
TBN-001,SEED-SHOP-055,,10
TBN-001,SEED-SHOP-056,SEED-SHOP-056-1,6
TBN-001,SEED-SHOP-056,SEED-SHOP-056-2,1
TBN-001,SEED-SHOP-057,SEED-SHOP-057-1,8
TBN-001,SEED-SHOP-057,SEED-SHOP-057-2,11
TBN-001,SEED-SHOP-059,,3
TBN-001,SEED-SHOP-060,,0
TBN-001,SEED-SHOP-061,,2
TBN-001,SEED-SHOP-065,,1
TBN-001,SEED-SHOP-068,SEED-SHOP-068-1,0
TBN-001,SEED-SHOP-068,SEED-SHOP-068-2,0
TBN-001,SEED-SHOP-071,,0
TBN-001,SEED-SHOP-072,SEED-SHOP-072-1,4
TBN-001,SEED-SHOP-072,SEED-SHOP-072-2,0
TBN-001,SEED-SHOP-073,SEED-SHOP-073-1,11
TBN-001,SEED-SHOP-073,SEED-SHOP-073-2,6
TBN-001,SEED-SHOP-074,SEED-SHOP-074-1,5
TBN-001,SEED-SHOP-074,SEED-SHOP-074-2,10
TBN-001,SEED-SHOP-076,SEED-SHOP-076-1,11
TBN-001,SEED-SHOP-078,,0
TBN-001,SEED-SHOP-079,SEED-SHOP-079-1,6
TBN-001,SEED-SHOP-079,SEED-SHOP-079-2,6
TBN-001,SEED-SHOP-080,SEED-SHOP-080-1,6
TBN-002,SEED-SHOP-003,,0
TBN-002,SEED-SHOP-006,SEED-SHOP-006-1,1
TBN-002,SEED-SHOP-006,SEED-SHOP-006-2,7
TBN-002,SEED-SHOP-007,,0
TBN-002,SEED-SHOP-009,SEED-SHOP-009-1,12
TBN-002,SEED-SHOP-013,,10
TBN-002,SEED-SHOP-016,,4
TBN-002,SEED-SHOP-020,,4
TBN-002,SEED-SHOP-021,,2
TBN-002,SEED-SHOP-024,,1
TBN-002,SEED-SHOP-025,,6
TBN-002,SEED-SHOP-026,SEED-SHOP-026-1,11
TBN-002,SEED-SHOP-026,SEED-SHOP-026-2,1
TBN-002,SEED-SHOP-027,SEED-SHOP-027-1,0
TBN-002,SEED-SHOP-027,SEED-SHOP-027-2,0
TBN-002,SEED-SHOP-029,,2
TBN-002,SEED-SHOP-032,,5
TBN-002,SEED-SHOP-035,SEED-SHOP-035-1,2
TBN-002,SEED-SHOP-035,SEED-SHOP-035-2,0
TBN-002,SEED-SHOP-036,,0
TBN-002,SEED-SHOP-037,,0
TBN-002,SEED-SHOP-039,SEED-SHOP-039-1,3
TBN-002,SEED-SHOP-039,SEED-SHOP-039-2,0
TBN-002,SEED-SHOP-042,,0
TBN-002,SEED-SHOP-043,,10
TBN-002,SEED-SHOP-044,,0
TBN-002,SEED-SHOP-045,SEED-SHOP-045-1,0
TBN-002,SEED-SHOP-045,SEED-SHOP-045-2,8
TBN-002,SEED-SHOP-050,SEED-SHOP-050-1,12
TBN-002,SEED-SHOP-050,SEED-SHOP-050-2,0
TBN-002,SEED-SHOP-053,,0
TBN-002,SEED-SHOP-054,SEED-SHOP-054-1,0
TBN-002,SEED-SHOP-054,SEED-SHOP-054-2,4
TBN-002,SEED-SHOP-057,SEED-SHOP-057-1,0
TBN-002,SEED-SHOP-057,SEED-SHOP-057-2,11
TBN-002,SEED-SHOP-059,,11
TBN-002,SEED-SHOP-060,,0
TBN-002,SEED-SHOP-064,,9
TBN-002,SEED-SHOP-066,,3
TBN-002,SEED-SHOP-069,SEED-SHOP-069-1,0
TBN-002,SEED-SHOP-069,SEED-SHOP-069-2,0
TBN-002,SEED-SHOP-070,SEED-SHOP-070-1,12
TBN-002,SEED-SHOP-070,SEED-SHOP-070-2,1
TBN-002,SEED-SHOP-071,,1
TBN-002,SEED-SHOP-074,SEED-SHOP-074-1,0
TBN-002,SEED-SHOP-074,SEED-SHOP-074-2,0
TBN-002,SEED-SHOP-075,,0
TBN-002,SEED-SHOP-076,SEED-SHOP-076-1,0
TBN-003,SEED-SHOP-002,SEED-SHOP-002-1,6
TBN-003,SEED-SHOP-002,SEED-SHOP-002-2,5
TBN-003,SEED-SHOP-003,,0
TBN-003,SEED-SHOP-004,,0
TBN-003,SEED-SHOP-008,SEED-SHOP-008-1,0
TBN-003,SEED-SHOP-012,SEED-SHOP-012-1,4
TBN-003,SEED-SHOP-012,SEED-SHOP-012-2,0
TBN-003,SEED-SHOP-014,,3
TBN-003,SEED-SHOP-015,SEED-SHOP-015-1,0
TBN-003,SEED-SHOP-015,SEED-SHOP-015-2,3
TBN-003,SEED-SHOP-016,,7
TBN-003,SEED-SHOP-017,,0
TBN-003,SEED-SHOP-018,,11
TBN-003,SEED-SHOP-019,SEED-SHOP-019-1,10
TBN-003,SEED-SHOP-019,SEED-SHOP-019-2,3
TBN-003,SEED-SHOP-021,,0
TBN-003,SEED-SHOP-024,,0
TBN-003,SEED-SHOP-025,,3
TBN-003,SEED-SHOP-026,SEED-SHOP-026-1,12
TBN-003,SEED-SHOP-026,SEED-SHOP-026-2,5
TBN-003,SEED-SHOP-027,SEED-SHOP-027-1,0
TBN-003,SEED-SHOP-027,SEED-SHOP-027-2,1
TBN-003,SEED-SHOP-028,,10
TBN-003,SEED-SHOP-029,,3
TBN-003,SEED-SHOP-030,,8
TBN-003,SEED-SHOP-033,SEED-SHOP-033-1,0
TBN-003,SEED-SHOP-033,SEED-SHOP-033-2,0
TBN-003,SEED-SHOP-035,SEED-SHOP-035-1,6
TBN-003,SEED-SHOP-035,SEED-SHOP-035-2,11
TBN-003,SEED-SHOP-036,,4
TBN-003,SEED-SHOP-037,,12
TBN-003,SEED-SHOP-039,SEED-SHOP-039-1,0
TBN-003,SEED-SHOP-039,SEED-SHOP-039-2,9
TBN-003,SEED-SHOP-043,,11
TBN-003,SEED-SHOP-054,SEED-SHOP-054-1,0
TBN-003,SEED-SHOP-054,SEED-SHOP-054-2,0
TBN-003,SEED-SHOP-055,,8
TBN-003,SEED-SHOP-060,,0
TBN-003,SEED-SHOP-062,,9
TBN-003,SEED-SHOP-063,SEED-SHOP-063-1,0
TBN-003,SEED-SHOP-063,SEED-SHOP-063-2,8
TBN-003,SEED-SHOP-064,,11
TBN-003,SEED-SHOP-070,SEED-SHOP-070-1,0
TBN-003,SEED-SHOP-070,SEED-SHOP-070-2,6
TBN-003,SEED-SHOP-075,,0
TBN-003,SEED-SHOP-076,SEED-SHOP-076-1,9
TBN-003,SEED-SHOP-078,,12
TBN-003,SEED-SHOP-079,SEED-SHOP-079-1,0
TBN-003,SEED-SHOP-079,SEED-SHOP-079-2,0
TBN-003,SEED-SHOP-080,SEED-SHOP-080-1,3
TBN-004,SEED-SHOP-001,,9
TBN-004,SEED-SHOP-002,SEED-SHOP-002-1,5
TBN-004,SEED-SHOP-002,SEED-SHOP-002-2,4
TBN-004,SEED-SHOP-003,,9
TBN-004,SEED-SHOP-004,,5
TBN-004,SEED-SHOP-006,SEED-SHOP-006-1,2
TBN-004,SEED-SHOP-006,SEED-SHOP-006-2,11
TBN-004,SEED-SHOP-008,SEED-SHOP-008-1,0
TBN-004,SEED-SHOP-010,SEED-SHOP-010-1,11
TBN-004,SEED-SHOP-010,SEED-SHOP-010-2,6
TBN-004,SEED-SHOP-013,,5
TBN-004,SEED-SHOP-014,,10
TBN-004,SEED-SHOP-015,SEED-SHOP-015-1,7
TBN-004,SEED-SHOP-015,SEED-SHOP-015-2,10
TBN-004,SEED-SHOP-016,,6
TBN-004,SEED-SHOP-017,,8
TBN-004,SEED-SHOP-019,SEED-SHOP-019-1,0
TBN-004,SEED-SHOP-019,SEED-SHOP-019-2,5
TBN-004,SEED-SHOP-023,,5
TBN-004,SEED-SHOP-025,,1
TBN-004,SEED-SHOP-026,SEED-SHOP-026-1,4
TBN-004,SEED-SHOP-026,SEED-SHOP-026-2,7
TBN-004,SEED-SHOP-027,SEED-SHOP-027-1,5
TBN-004,SEED-SHOP-027,SEED-SHOP-027-2,4
TBN-004,SEED-SHOP-028,,0
TBN-004,SEED-SHOP-030,,0
TBN-004,SEED-SHOP-032,,0
TBN-004,SEED-SHOP-034,SEED-SHOP-034-1,6
TBN-004,SEED-SHOP-034,SEED-SHOP-034-2,0
TBN-004,SEED-SHOP-035,SEED-SHOP-035-1,0
TBN-004,SEED-SHOP-035,SEED-SHOP-035-2,7
TBN-004,SEED-SHOP-036,,9
TBN-004,SEED-SHOP-037,,0
TBN-004,SEED-SHOP-039,SEED-SHOP-039-1,0
TBN-004,SEED-SHOP-039,SEED-SHOP-039-2,6
TBN-004,SEED-SHOP-040,,7
TBN-004,SEED-SHOP-041,SEED-SHOP-041-1,10
TBN-004,SEED-SHOP-041,SEED-SHOP-041-2,0
TBN-004,SEED-SHOP-042,,0
TBN-004,SEED-SHOP-044,,6
TBN-004,SEED-SHOP-045,SEED-SHOP-045-1,0
TBN-004,SEED-SHOP-045,SEED-SHOP-045-2,0
TBN-004,SEED-SHOP-047,,0
TBN-004,SEED-SHOP-048,,0
TBN-004,SEED-SHOP-049,SEED-SHOP-049-1,4
TBN-004,SEED-SHOP-049,SEED-SHOP-049-2,12
TBN-004,SEED-SHOP-050,SEED-SHOP-050-1,4
TBN-004,SEED-SHOP-050,SEED-SHOP-050-2,2
TBN-004,SEED-SHOP-053,,12
TBN-004,SEED-SHOP-054,SEED-SHOP-054-1,7
TBN-004,SEED-SHOP-054,SEED-SHOP-054-2,11
TBN-004,SEED-SHOP-055,,0
TBN-004,SEED-SHOP-056,SEED-SHOP-056-1,1
TBN-004,SEED-SHOP-056,SEED-SHOP-056-2,0
TBN-004,SEED-SHOP-057,SEED-SHOP-057-1,0
TBN-004,SEED-SHOP-057,SEED-SHOP-057-2,0
TBN-004,SEED-SHOP-059,,0
TBN-004,SEED-SHOP-061,,6
TBN-004,SEED-SHOP-062,,0
TBN-004,SEED-SHOP-063,SEED-SHOP-063-1,5
TBN-004,SEED-SHOP-063,SEED-SHOP-063-2,0
TBN-004,SEED-SHOP-064,,7
TBN-004,SEED-SHOP-066,,11
TBN-004,SEED-SHOP-067,,6
TBN-004,SEED-SHOP-068,SEED-SHOP-068-1,0
TBN-004,SEED-SHOP-068,SEED-SHOP-068-2,12
TBN-004,SEED-SHOP-071,,4
TBN-004,SEED-SHOP-075,,9
TBN-004,SEED-SHOP-076,SEED-SHOP-076-1,6
TBN-004,SEED-SHOP-077,,12
TBN-004,SEED-SHOP-079,SEED-SHOP-079-1,6
TBN-004,SEED-SHOP-079,SEED-SHOP-079-2,0
TBN-004,SEED-SHOP-080,SEED-SHOP-080-1,2
TBN-005,SEED-SHOP-004,,2
TBN-005,SEED-SHOP-008,SEED-SHOP-008-1,0
TBN-005,SEED-SHOP-009,SEED-SHOP-009-1,0
TBN-005,SEED-SHOP-011,SEED-SHOP-011-1,5
TBN-005,SEED-SHOP-011,SEED-SHOP-011-2,6
TBN-005,SEED-SHOP-013,,8
TBN-005,SEED-SHOP-015,SEED-SHOP-015-1,0
TBN-005,SEED-SHOP-015,SEED-SHOP-015-2,8
TBN-005,SEED-SHOP-016,,4
TBN-005,SEED-SHOP-017,,5
TBN-005,SEED-SHOP-018,,7
TBN-005,SEED-SHOP-019,SEED-SHOP-019-1,9
TBN-005,SEED-SHOP-019,SEED-SHOP-019-2,7
TBN-005,SEED-SHOP-020,,0
TBN-005,SEED-SHOP-022,,0
TBN-005,SEED-SHOP-023,,8
TBN-005,SEED-SHOP-024,,3
TBN-005,SEED-SHOP-026,SEED-SHOP-026-1,1
TBN-005,SEED-SHOP-026,SEED-SHOP-026-2,4
TBN-005,SEED-SHOP-027,SEED-SHOP-027-1,2
TBN-005,SEED-SHOP-027,SEED-SHOP-027-2,0
TBN-005,SEED-SHOP-028,,6
TBN-005,SEED-SHOP-031,,9
TBN-005,SEED-SHOP-035,SEED-SHOP-035-1,0
TBN-005,SEED-SHOP-035,SEED-SHOP-035-2,7
TBN-005,SEED-SHOP-036,,2
TBN-005,SEED-SHOP-037,,0
TBN-005,SEED-SHOP-038,SEED-SHOP-038-1,6
TBN-005,SEED-SHOP-038,SEED-SHOP-038-2,1
TBN-005,SEED-SHOP-039,SEED-SHOP-039-1,0
TBN-005,SEED-SHOP-039,SEED-SHOP-039-2,10
TBN-005,SEED-SHOP-040,,12
TBN-005,SEED-SHOP-041,SEED-SHOP-041-1,3
TBN-005,SEED-SHOP-041,SEED-SHOP-041-2,0
TBN-005,SEED-SHOP-042,,0
TBN-005,SEED-SHOP-045,SEED-SHOP-045-1,0
TBN-005,SEED-SHOP-045,SEED-SHOP-045-2,7
TBN-005,SEED-SHOP-047,,0
TBN-005,SEED-SHOP-048,,3
TBN-005,SEED-SHOP-051,,0
TBN-005,SEED-SHOP-052,SEED-SHOP-052-1,8
TBN-005,SEED-SHOP-052,SEED-SHOP-052-2,6
TBN-005,SEED-SHOP-053,,0
TBN-005,SEED-SHOP-054,SEED-SHOP-054-1,1
TBN-005,SEED-SHOP-054,SEED-SHOP-054-2,8
TBN-005,SEED-SHOP-056,SEED-SHOP-056-1,9
TBN-005,SEED-SHOP-056,SEED-SHOP-056-2,9
TBN-005,SEED-SHOP-057,SEED-SHOP-057-1,0
TBN-005,SEED-SHOP-057,SEED-SHOP-057-2,0
TBN-005,SEED-SHOP-061,,0
TBN-005,SEED-SHOP-062,,8
TBN-005,SEED-SHOP-065,,1
TBN-005,SEED-SHOP-067,,9
TBN-005,SEED-SHOP-068,SEED-SHOP-068-1,0
TBN-005,SEED-SHOP-068,SEED-SHOP-068-2,6
TBN-005,SEED-SHOP-070,SEED-SHOP-070-1,2
TBN-005,SEED-SHOP-070,SEED-SHOP-070-2,9
TBN-005,SEED-SHOP-071,,8
TBN-005,SEED-SHOP-078,,1
TBN-005,SEED-SHOP-080,SEED-SHOP-080-1,2
TBN-006,SEED-SHOP-001,,0
TBN-006,SEED-SHOP-003,,0
TBN-006,SEED-SHOP-004,,10
TBN-006,SEED-SHOP-007,,9
TBN-006,SEED-SHOP-010,SEED-SHOP-010-1,2
TBN-006,SEED-SHOP-010,SEED-SHOP-010-2,2
TBN-006,SEED-SHOP-013,,0
TBN-006,SEED-SHOP-014,,8
TBN-006,SEED-SHOP-015,SEED-SHOP-015-1,7
TBN-006,SEED-SHOP-015,SEED-SHOP-015-2,0
TBN-006,SEED-SHOP-017,,9
TBN-006,SEED-SHOP-018,,9
TBN-006,SEED-SHOP-021,,10
TBN-006,SEED-SHOP-022,,0
TBN-006,SEED-SHOP-024,,10
TBN-006,SEED-SHOP-027,SEED-SHOP-027-1,2
TBN-006,SEED-SHOP-027,SEED-SHOP-027-2,0
TBN-006,SEED-SHOP-029,,9
TBN-006,SEED-SHOP-031,,0
TBN-006,SEED-SHOP-035,SEED-SHOP-035-1,6
TBN-006,SEED-SHOP-035,SEED-SHOP-035-2,0
TBN-006,SEED-SHOP-036,,12
TBN-006,SEED-SHOP-037,,0
TBN-006,SEED-SHOP-039,SEED-SHOP-039-1,5
TBN-006,SEED-SHOP-039,SEED-SHOP-039-2,1
TBN-006,SEED-SHOP-040,,0
TBN-006,SEED-SHOP-042,,0
TBN-006,SEED-SHOP-044,,10
TBN-006,SEED-SHOP-045,SEED-SHOP-045-1,0
TBN-006,SEED-SHOP-045,SEED-SHOP-045-2,7
TBN-006,SEED-SHOP-047,,0
TBN-006,SEED-SHOP-048,,7
TBN-006,SEED-SHOP-051,,11
TBN-006,SEED-SHOP-052,SEED-SHOP-052-1,12
TBN-006,SEED-SHOP-052,SEED-SHOP-052-2,9
TBN-006,SEED-SHOP-054,SEED-SHOP-054-1,1
TBN-006,SEED-SHOP-054,SEED-SHOP-054-2,0
TBN-006,SEED-SHOP-055,,0
TBN-006,SEED-SHOP-056,SEED-SHOP-056-1,1
TBN-006,SEED-SHOP-056,SEED-SHOP-056-2,0
TBN-006,SEED-SHOP-057,SEED-SHOP-057-1,9
TBN-006,SEED-SHOP-057,SEED-SHOP-057-2,3
TBN-006,SEED-SHOP-058,,0
TBN-006,SEED-SHOP-059,,10
TBN-006,SEED-SHOP-061,,0
TBN-006,SEED-SHOP-064,,0
TBN-006,SEED-SHOP-066,,0
TBN-006,SEED-SHOP-067,,0
TBN-006,SEED-SHOP-068,SEED-SHOP-068-1,4
TBN-006,SEED-SHOP-068,SEED-SHOP-068-2,4
TBN-006,SEED-SHOP-069,SEED-SHOP-069-1,8
TBN-006,SEED-SHOP-069,SEED-SHOP-069-2,0
TBN-006,SEED-SHOP-070,SEED-SHOP-070-1,11
TBN-006,SEED-SHOP-070,SEED-SHOP-070-2,10
TBN-006,SEED-SHOP-071,,2
TBN-006,SEED-SHOP-074,SEED-SHOP-074-1,0
TBN-006,SEED-SHOP-074,SEED-SHOP-074-2,9
TBN-006,SEED-SHOP-075,,9
TBN-006,SEED-SHOP-076,SEED-SHOP-076-1,0
TBN-006,SEED-SHOP-078,,0
TBN-006,SEED-SHOP-079,SEED-SHOP-079-1,4
TBN-006,SEED-SHOP-079,SEED-SHOP-079-2,8
TBN-007,SEED-SHOP-001,,4
TBN-007,SEED-SHOP-004,,5
TBN-007,SEED-SHOP-006,SEED-SHOP-006-1,9
TBN-007,SEED-SHOP-006,SEED-SHOP-006-2,0
TBN-007,SEED-SHOP-009,SEED-SHOP-009-1,4
TBN-007,SEED-SHOP-013,,5
TBN-007,SEED-SHOP-014,,2
TBN-007,SEED-SHOP-015,SEED-SHOP-015-1,12
TBN-007,SEED-SHOP-015,SEED-SHOP-015-2,0
TBN-007,SEED-SHOP-016,,1
TBN-007,SEED-SHOP-017,,2
TBN-007,SEED-SHOP-018,,0
TBN-007,SEED-SHOP-019,SEED-SHOP-019-1,2
TBN-007,SEED-SHOP-019,SEED-SHOP-019-2,11
TBN-007,SEED-SHOP-022,,7
TBN-007,SEED-SHOP-024,,10
TBN-007,SEED-SHOP-026,SEED-SHOP-026-1,0
TBN-007,SEED-SHOP-026,SEED-SHOP-026-2,0
TBN-007,SEED-SHOP-027,SEED-SHOP-027-1,5
TBN-007,SEED-SHOP-027,SEED-SHOP-027-2,3
TBN-007,SEED-SHOP-028,,1
TBN-007,SEED-SHOP-031,,0
TBN-007,SEED-SHOP-032,,11
TBN-007,SEED-SHOP-034,SEED-SHOP-034-1,8
TBN-007,SEED-SHOP-034,SEED-SHOP-034-2,12
TBN-007,SEED-SHOP-036,,0
TBN-007,SEED-SHOP-037,,11
TBN-007,SEED-SHOP-039,SEED-SHOP-039-1,3
TBN-007,SEED-SHOP-039,SEED-SHOP-039-2,7
TBN-007,SEED-SHOP-040,,7
TBN-007,SEED-SHOP-042,,0
TBN-007,SEED-SHOP-043,,10
TBN-007,SEED-SHOP-044,,0
TBN-007,SEED-SHOP-045,SEED-SHOP-045-1,12
TBN-007,SEED-SHOP-045,SEED-SHOP-045-2,1
TBN-007,SEED-SHOP-048,,12
TBN-007,SEED-SHOP-049,SEED-SHOP-049-1,11
TBN-007,SEED-SHOP-049,SEED-SHOP-049-2,5
TBN-007,SEED-SHOP-050,SEED-SHOP-050-1,10
TBN-007,SEED-SHOP-050,SEED-SHOP-050-2,0
TBN-007,SEED-SHOP-052,SEED-SHOP-052-1,11
TBN-007,SEED-SHOP-052,SEED-SHOP-052-2,0
TBN-007,SEED-SHOP-054,SEED-SHOP-054-1,0
TBN-007,SEED-SHOP-054,SEED-SHOP-054-2,10
TBN-007,SEED-SHOP-055,,0
TBN-007,SEED-SHOP-057,SEED-SHOP-057-1,11
TBN-007,SEED-SHOP-057,SEED-SHOP-057-2,4
TBN-007,SEED-SHOP-058,,0
TBN-007,SEED-SHOP-059,,10
TBN-007,SEED-SHOP-060,,0
TBN-007,SEED-SHOP-062,,4
TBN-007,SEED-SHOP-063,SEED-SHOP-063-1,12
TBN-007,SEED-SHOP-063,SEED-SHOP-063-2,0
TBN-007,SEED-SHOP-064,,8
TBN-007,SEED-SHOP-066,,5
TBN-007,SEED-SHOP-070,SEED-SHOP-070-1,3
TBN-007,SEED-SHOP-070,SEED-SHOP-070-2,7
TBN-007,SEED-SHOP-071,,6
TBN-007,SEED-SHOP-072,SEED-SHOP-072-1,2
TBN-007,SEED-SHOP-072,SEED-SHOP-072-2,10
TBN-007,SEED-SHOP-073,SEED-SHOP-073-1,0
TBN-007,SEED-SHOP-073,SEED-SHOP-073-2,0
TBN-007,SEED-SHOP-074,SEED-SHOP-074-1,5
TBN-007,SEED-SHOP-074,SEED-SHOP-074-2,5
TBN-007,SEED-SHOP-079,SEED-SHOP-079-1,2
TBN-007,SEED-SHOP-079,SEED-SHOP-079-2,10
TBN-008,SEED-SHOP-001,,0
TBN-008,SEED-SHOP-004,,8
TBN-008,SEED-SHOP-006,SEED-SHOP-006-1,5
TBN-008,SEED-SHOP-006,SEED-SHOP-006-2,12
TBN-008,SEED-SHOP-007,,1
TBN-008,SEED-SHOP-008,SEED-SHOP-008-1,0
TBN-008,SEED-SHOP-011,SEED-SHOP-011-1,1
TBN-008,SEED-SHOP-011,SEED-SHOP-011-2,2
TBN-008,SEED-SHOP-012,SEED-SHOP-012-1,11
TBN-008,SEED-SHOP-012,SEED-SHOP-012-2,6
TBN-008,SEED-SHOP-013,,8
TBN-008,SEED-SHOP-014,,5
TBN-008,SEED-SHOP-016,,8
TBN-008,SEED-SHOP-017,,3
TBN-008,SEED-SHOP-018,,11
TBN-008,SEED-SHOP-019,SEED-SHOP-019-1,0
TBN-008,SEED-SHOP-019,SEED-SHOP-019-2,12
TBN-008,SEED-SHOP-020,,9
TBN-008,SEED-SHOP-021,,2
TBN-008,SEED-SHOP-023,,0
TBN-008,SEED-SHOP-024,,6
TBN-008,SEED-SHOP-026,SEED-SHOP-026-1,0
TBN-008,SEED-SHOP-026,SEED-SHOP-026-2,0
TBN-008,SEED-SHOP-027,SEED-SHOP-027-1,0
TBN-008,SEED-SHOP-027,SEED-SHOP-027-2,0
TBN-008,SEED-SHOP-028,,4
TBN-008,SEED-SHOP-029,,0
TBN-008,SEED-SHOP-031,,6
TBN-008,SEED-SHOP-032,,9
TBN-008,SEED-SHOP-034,SEED-SHOP-034-1,7
TBN-008,SEED-SHOP-034,SEED-SHOP-034-2,7
TBN-008,SEED-SHOP-039,SEED-SHOP-039-1,6
TBN-008,SEED-SHOP-039,SEED-SHOP-039-2,5
TBN-008,SEED-SHOP-040,,0
TBN-008,SEED-SHOP-042,,0
TBN-008,SEED-SHOP-046,,8
TBN-008,SEED-SHOP-048,,4
TBN-008,SEED-SHOP-049,SEED-SHOP-049-1,3
TBN-008,SEED-SHOP-049,SEED-SHOP-049-2,2
TBN-008,SEED-SHOP-050,SEED-SHOP-050-1,0
TBN-008,SEED-SHOP-050,SEED-SHOP-050-2,8
TBN-008,SEED-SHOP-052,SEED-SHOP-052-1,0
TBN-008,SEED-SHOP-052,SEED-SHOP-052-2,9
TBN-008,SEED-SHOP-054,SEED-SHOP-054-1,8
TBN-008,SEED-SHOP-054,SEED-SHOP-054-2,5
TBN-008,SEED-SHOP-055,,1
TBN-008,SEED-SHOP-058,,0
TBN-008,SEED-SHOP-059,,7
TBN-008,SEED-SHOP-060,,9
TBN-008,SEED-SHOP-064,,0
TBN-008,SEED-SHOP-068,SEED-SHOP-068-1,8
TBN-008,SEED-SHOP-068,SEED-SHOP-068-2,5
TBN-008,SEED-SHOP-070,SEED-SHOP-070-1,0
TBN-008,SEED-SHOP-070,SEED-SHOP-070-2,0
TBN-008,SEED-SHOP-074,SEED-SHOP-074-1,8
TBN-008,SEED-SHOP-074,SEED-SHOP-074-2,8
TBN-008,SEED-SHOP-077,,2
TBN-008,SEED-SHOP-078,,6
TBN-008,SEED-SHOP-079,SEED-SHOP-079-1,5
TBN-008,SEED-SHOP-079,SEED-SHOP-079-2,5
TBN-008,SEED-SHOP-080,SEED-SHOP-080-1,0
KTA-001,SEED-SHOP-001,,0
KTA-001,SEED-SHOP-002,SEED-SHOP-002-1,12
KTA-001,SEED-SHOP-002,SEED-SHOP-002-2,2
KTA-001,SEED-SHOP-005,,5
KTA-001,SEED-SHOP-008,SEED-SHOP-008-1,0
KTA-001,SEED-SHOP-009,SEED-SHOP-009-1,5
KTA-001,SEED-SHOP-011,SEED-SHOP-011-1,5
KTA-001,SEED-SHOP-011,SEED-SHOP-011-2,2
KTA-001,SEED-SHOP-012,SEED-SHOP-012-1,11
KTA-001,SEED-SHOP-012,SEED-SHOP-012-2,2
KTA-001,SEED-SHOP-016,,0
KTA-001,SEED-SHOP-021,,6
KTA-001,SEED-SHOP-023,,7
KTA-001,SEED-SHOP-025,,0
KTA-001,SEED-SHOP-026,SEED-SHOP-026-1,1
KTA-001,SEED-SHOP-026,SEED-SHOP-026-2,6
KTA-001,SEED-SHOP-029,,0
KTA-001,SEED-SHOP-031,,0
KTA-001,SEED-SHOP-032,,6
KTA-001,SEED-SHOP-033,SEED-SHOP-033-1,12
KTA-001,SEED-SHOP-033,SEED-SHOP-033-2,12
KTA-001,SEED-SHOP-035,SEED-SHOP-035-1,0
KTA-001,SEED-SHOP-035,SEED-SHOP-035-2,7
KTA-001,SEED-SHOP-036,,0
KTA-001,SEED-SHOP-037,,0
KTA-001,SEED-SHOP-040,,0
KTA-001,SEED-SHOP-041,SEED-SHOP-041-1,4
KTA-001,SEED-SHOP-041,SEED-SHOP-041-2,4
KTA-001,SEED-SHOP-043,,12
KTA-001,SEED-SHOP-050,SEED-SHOP-050-1,8
KTA-001,SEED-SHOP-050,SEED-SHOP-050-2,1
KTA-001,SEED-SHOP-051,,12
KTA-001,SEED-SHOP-058,,0
KTA-001,SEED-SHOP-059,,9
KTA-001,SEED-SHOP-060,,5
KTA-001,SEED-SHOP-062,,7
KTA-001,SEED-SHOP-064,,8
KTA-001,SEED-SHOP-067,,0
KTA-001,SEED-SHOP-068,SEED-SHOP-068-1,2
KTA-001,SEED-SHOP-068,SEED-SHOP-068-2,12
KTA-001,SEED-SHOP-070,SEED-SHOP-070-1,12
KTA-001,SEED-SHOP-070,SEED-SHOP-070-2,1
KTA-001,SEED-SHOP-074,SEED-SHOP-074-1,10
KTA-001,SEED-SHOP-074,SEED-SHOP-074-2,0
KTA-001,SEED-SHOP-075,,0
KTA-001,SEED-SHOP-077,,0
KTA-001,SEED-SHOP-080,SEED-SHOP-080-1,0
KTA-002,SEED-SHOP-002,SEED-SHOP-002-1,8
KTA-002,SEED-SHOP-002,SEED-SHOP-002-2,4
KTA-002,SEED-SHOP-003,,7
KTA-002,SEED-SHOP-004,,1
KTA-002,SEED-SHOP-007,,6
KTA-002,SEED-SHOP-009,SEED-SHOP-009-1,12
KTA-002,SEED-SHOP-012,SEED-SHOP-012-1,8
KTA-002,SEED-SHOP-012,SEED-SHOP-012-2,7
KTA-002,SEED-SHOP-015,SEED-SHOP-015-1,0
KTA-002,SEED-SHOP-015,SEED-SHOP-015-2,9
KTA-002,SEED-SHOP-019,SEED-SHOP-019-1,0
KTA-002,SEED-SHOP-019,SEED-SHOP-019-2,6
KTA-002,SEED-SHOP-020,,5
KTA-002,SEED-SHOP-021,,4
KTA-002,SEED-SHOP-022,,0
KTA-002,SEED-SHOP-025,,0
KTA-002,SEED-SHOP-026,SEED-SHOP-026-1,10
KTA-002,SEED-SHOP-026,SEED-SHOP-026-2,0
KTA-002,SEED-SHOP-028,,0
KTA-002,SEED-SHOP-031,,9
KTA-002,SEED-SHOP-032,,1
KTA-002,SEED-SHOP-033,SEED-SHOP-033-1,5
KTA-002,SEED-SHOP-033,SEED-SHOP-033-2,11
KTA-002,SEED-SHOP-035,SEED-SHOP-035-1,0
KTA-002,SEED-SHOP-035,SEED-SHOP-035-2,4
KTA-002,SEED-SHOP-037,,1
KTA-002,SEED-SHOP-038,SEED-SHOP-038-1,5
KTA-002,SEED-SHOP-038,SEED-SHOP-038-2,11
KTA-002,SEED-SHOP-039,SEED-SHOP-039-1,10
KTA-002,SEED-SHOP-039,SEED-SHOP-039-2,6
KTA-002,SEED-SHOP-042,,0
KTA-002,SEED-SHOP-043,,7
KTA-002,SEED-SHOP-044,,1
KTA-002,SEED-SHOP-045,SEED-SHOP-045-1,0
KTA-002,SEED-SHOP-045,SEED-SHOP-045-2,9
KTA-002,SEED-SHOP-046,,0
KTA-002,SEED-SHOP-047,,0
KTA-002,SEED-SHOP-048,,1
KTA-002,SEED-SHOP-049,SEED-SHOP-049-1,1
KTA-002,SEED-SHOP-049,SEED-SHOP-049-2,0
KTA-002,SEED-SHOP-050,SEED-SHOP-050-1,7
KTA-002,SEED-SHOP-050,SEED-SHOP-050-2,4
KTA-002,SEED-SHOP-053,,9
KTA-002,SEED-SHOP-055,,7
KTA-002,SEED-SHOP-058,,0
KTA-002,SEED-SHOP-059,,7
KTA-002,SEED-SHOP-063,SEED-SHOP-063-1,0
KTA-002,SEED-SHOP-063,SEED-SHOP-063-2,8
KTA-002,SEED-SHOP-065,,0
KTA-002,SEED-SHOP-066,,0
KTA-002,SEED-SHOP-069,SEED-SHOP-069-1,11
KTA-002,SEED-SHOP-069,SEED-SHOP-069-2,11
KTA-002,SEED-SHOP-071,,0
KTA-002,SEED-SHOP-072,SEED-SHOP-072-1,10
KTA-002,SEED-SHOP-072,SEED-SHOP-072-2,0
KTA-002,SEED-SHOP-073,SEED-SHOP-073-1,2
KTA-002,SEED-SHOP-073,SEED-SHOP-073-2,4
KTA-002,SEED-SHOP-074,SEED-SHOP-074-1,9
KTA-002,SEED-SHOP-074,SEED-SHOP-074-2,1
KTA-002,SEED-SHOP-075,,2
KTA-002,SEED-SHOP-078,,2
KTA-003,SEED-SHOP-003,,0
KTA-003,SEED-SHOP-004,,0
KTA-003,SEED-SHOP-007,,6
KTA-003,SEED-SHOP-010,SEED-SHOP-010-1,5
KTA-003,SEED-SHOP-010,SEED-SHOP-010-2,0
KTA-003,SEED-SHOP-011,SEED-SHOP-011-1,0
KTA-003,SEED-SHOP-011,SEED-SHOP-011-2,0
KTA-003,SEED-SHOP-013,,9
KTA-003,SEED-SHOP-015,SEED-SHOP-015-1,3
KTA-003,SEED-SHOP-015,SEED-SHOP-015-2,3
KTA-003,SEED-SHOP-017,,3
KTA-003,SEED-SHOP-018,,4
KTA-003,SEED-SHOP-019,SEED-SHOP-019-1,0
KTA-003,SEED-SHOP-019,SEED-SHOP-019-2,4
KTA-003,SEED-SHOP-021,,6
KTA-003,SEED-SHOP-023,,6
KTA-003,SEED-SHOP-026,SEED-SHOP-026-1,8
KTA-003,SEED-SHOP-026,SEED-SHOP-026-2,5
KTA-003,SEED-SHOP-027,SEED-SHOP-027-1,3
KTA-003,SEED-SHOP-027,SEED-SHOP-027-2,1
KTA-003,SEED-SHOP-028,,9
KTA-003,SEED-SHOP-029,,2
KTA-003,SEED-SHOP-030,,4
KTA-003,SEED-SHOP-031,,8
KTA-003,SEED-SHOP-033,SEED-SHOP-033-1,0
KTA-003,SEED-SHOP-033,SEED-SHOP-033-2,0
KTA-003,SEED-SHOP-037,,0
KTA-003,SEED-SHOP-038,SEED-SHOP-038-1,0
KTA-003,SEED-SHOP-038,SEED-SHOP-038-2,9
KTA-003,SEED-SHOP-039,SEED-SHOP-039-1,0
KTA-003,SEED-SHOP-039,SEED-SHOP-039-2,7
KTA-003,SEED-SHOP-040,,9
KTA-003,SEED-SHOP-041,SEED-SHOP-041-1,0
KTA-003,SEED-SHOP-041,SEED-SHOP-041-2,4
KTA-003,SEED-SHOP-043,,0
KTA-003,SEED-SHOP-044,,9
KTA-003,SEED-SHOP-045,SEED-SHOP-045-1,11
KTA-003,SEED-SHOP-045,SEED-SHOP-045-2,1
KTA-003,SEED-SHOP-046,,2
KTA-003,SEED-SHOP-047,,0
KTA-003,SEED-SHOP-048,,6
KTA-003,SEED-SHOP-049,SEED-SHOP-049-1,6
KTA-003,SEED-SHOP-049,SEED-SHOP-049-2,2
KTA-003,SEED-SHOP-050,SEED-SHOP-050-1,3
KTA-003,SEED-SHOP-050,SEED-SHOP-050-2,11
KTA-003,SEED-SHOP-051,,6
KTA-003,SEED-SHOP-052,SEED-SHOP-052-1,0
KTA-003,SEED-SHOP-052,SEED-SHOP-052-2,0
KTA-003,SEED-SHOP-056,SEED-SHOP-056-1,12
KTA-003,SEED-SHOP-056,SEED-SHOP-056-2,0
KTA-003,SEED-SHOP-057,SEED-SHOP-057-1,7
KTA-003,SEED-SHOP-057,SEED-SHOP-057-2,9
KTA-003,SEED-SHOP-058,,0
KTA-003,SEED-SHOP-059,,0
KTA-003,SEED-SHOP-060,,2
KTA-003,SEED-SHOP-061,,5
KTA-003,SEED-SHOP-062,,2
KTA-003,SEED-SHOP-063,SEED-SHOP-063-1,0
KTA-003,SEED-SHOP-063,SEED-SHOP-063-2,0
KTA-003,SEED-SHOP-064,,0
KTA-003,SEED-SHOP-071,,0
KTA-003,SEED-SHOP-072,SEED-SHOP-072-1,4
KTA-003,SEED-SHOP-072,SEED-SHOP-072-2,1
KTA-003,SEED-SHOP-074,SEED-SHOP-074-1,0
KTA-003,SEED-SHOP-074,SEED-SHOP-074-2,11
KTA-003,SEED-SHOP-075,,6
KTA-003,SEED-SHOP-078,,0
KTA-004,SEED-SHOP-002,SEED-SHOP-002-1,3
KTA-004,SEED-SHOP-002,SEED-SHOP-002-2,1
KTA-004,SEED-SHOP-003,,10
KTA-004,SEED-SHOP-004,,11
KTA-004,SEED-SHOP-008,SEED-SHOP-008-1,0
KTA-004,SEED-SHOP-011,SEED-SHOP-011-1,0
KTA-004,SEED-SHOP-011,SEED-SHOP-011-2,0
KTA-004,SEED-SHOP-012,SEED-SHOP-012-1,3
KTA-004,SEED-SHOP-012,SEED-SHOP-012-2,3
KTA-004,SEED-SHOP-017,,0
KTA-004,SEED-SHOP-019,SEED-SHOP-019-1,6
KTA-004,SEED-SHOP-019,SEED-SHOP-019-2,3
KTA-004,SEED-SHOP-023,,0
KTA-004,SEED-SHOP-026,SEED-SHOP-026-1,0
KTA-004,SEED-SHOP-026,SEED-SHOP-026-2,12
KTA-004,SEED-SHOP-027,SEED-SHOP-027-1,3
KTA-004,SEED-SHOP-027,SEED-SHOP-027-2,1
KTA-004,SEED-SHOP-032,,11
KTA-004,SEED-SHOP-033,SEED-SHOP-033-1,6
KTA-004,SEED-SHOP-033,SEED-SHOP-033-2,4
KTA-004,SEED-SHOP-034,SEED-SHOP-034-1,2
KTA-004,SEED-SHOP-034,SEED-SHOP-034-2,0
KTA-004,SEED-SHOP-035,SEED-SHOP-035-1,2
KTA-004,SEED-SHOP-035,SEED-SHOP-035-2,3
KTA-004,SEED-SHOP-036,,10
KTA-004,SEED-SHOP-037,,7
KTA-004,SEED-SHOP-038,SEED-SHOP-038-1,5
KTA-004,SEED-SHOP-038,SEED-SHOP-038-2,3
KTA-004,SEED-SHOP-040,,6
KTA-004,SEED-SHOP-041,SEED-SHOP-041-1,10
KTA-004,SEED-SHOP-041,SEED-SHOP-041-2,0
KTA-004,SEED-SHOP-043,,2
KTA-004,SEED-SHOP-044,,4
KTA-004,SEED-SHOP-046,,2
KTA-004,SEED-SHOP-049,SEED-SHOP-049-1,1
KTA-004,SEED-SHOP-049,SEED-SHOP-049-2,10
KTA-004,SEED-SHOP-051,,7
KTA-004,SEED-SHOP-054,SEED-SHOP-054-1,0
KTA-004,SEED-SHOP-054,SEED-SHOP-054-2,2
KTA-004,SEED-SHOP-055,,0
KTA-004,SEED-SHOP-057,SEED-SHOP-057-1,3
KTA-004,SEED-SHOP-057,SEED-SHOP-057-2,0
KTA-004,SEED-SHOP-058,,0
KTA-004,SEED-SHOP-063,SEED-SHOP-063-1,4
KTA-004,SEED-SHOP-063,SEED-SHOP-063-2,12
KTA-004,SEED-SHOP-065,,0
KTA-004,SEED-SHOP-066,,1
KTA-004,SEED-SHOP-067,,1
KTA-004,SEED-SHOP-070,SEED-SHOP-070-1,0
KTA-004,SEED-SHOP-070,SEED-SHOP-070-2,5
KTA-004,SEED-SHOP-072,SEED-SHOP-072-1,4
KTA-004,SEED-SHOP-072,SEED-SHOP-072-2,3
KTA-004,SEED-SHOP-073,SEED-SHOP-073-1,0
KTA-004,SEED-SHOP-073,SEED-SHOP-073-2,0
KTA-004,SEED-SHOP-074,SEED-SHOP-074-1,3
KTA-004,SEED-SHOP-074,SEED-SHOP-074-2,9
KTA-004,SEED-SHOP-075,,4
KTA-004,SEED-SHOP-076,SEED-SHOP-076-1,5
KTA-004,SEED-SHOP-077,,0
KTA-005,SEED-SHOP-002,SEED-SHOP-002-1,11
KTA-005,SEED-SHOP-002,SEED-SHOP-002-2,5
KTA-005,SEED-SHOP-004,,1
KTA-005,SEED-SHOP-006,SEED-SHOP-006-1,0
KTA-005,SEED-SHOP-006,SEED-SHOP-006-2,0
KTA-005,SEED-SHOP-007,,2
KTA-005,SEED-SHOP-008,SEED-SHOP-008-1,0
KTA-005,SEED-SHOP-009,SEED-SHOP-009-1,9
KTA-005,SEED-SHOP-011,SEED-SHOP-011-1,6
KTA-005,SEED-SHOP-011,SEED-SHOP-011-2,10
KTA-005,SEED-SHOP-012,SEED-SHOP-012-1,0
KTA-005,SEED-SHOP-012,SEED-SHOP-012-2,0
KTA-005,SEED-SHOP-013,,0
KTA-005,SEED-SHOP-014,,0
KTA-005,SEED-SHOP-021,,4
KTA-005,SEED-SHOP-026,SEED-SHOP-026-1,0
KTA-005,SEED-SHOP-026,SEED-SHOP-026-2,12
KTA-005,SEED-SHOP-031,,12
KTA-005,SEED-SHOP-034,SEED-SHOP-034-1,9
KTA-005,SEED-SHOP-034,SEED-SHOP-034-2,7
KTA-005,SEED-SHOP-035,SEED-SHOP-035-1,1
KTA-005,SEED-SHOP-035,SEED-SHOP-035-2,3
KTA-005,SEED-SHOP-036,,0
KTA-005,SEED-SHOP-037,,8
KTA-005,SEED-SHOP-038,SEED-SHOP-038-1,0
KTA-005,SEED-SHOP-038,SEED-SHOP-038-2,10
KTA-005,SEED-SHOP-039,SEED-SHOP-039-1,0
KTA-005,SEED-SHOP-039,SEED-SHOP-039-2,0
KTA-005,SEED-SHOP-040,,3
KTA-005,SEED-SHOP-041,SEED-SHOP-041-1,0
KTA-005,SEED-SHOP-041,SEED-SHOP-041-2,2
KTA-005,SEED-SHOP-042,,0
KTA-005,SEED-SHOP-043,,0
KTA-005,SEED-SHOP-044,,11
KTA-005,SEED-SHOP-050,SEED-SHOP-050-1,4
KTA-005,SEED-SHOP-050,SEED-SHOP-050-2,0
KTA-005,SEED-SHOP-053,,5
KTA-005,SEED-SHOP-055,,8
KTA-005,SEED-SHOP-056,SEED-SHOP-056-1,0
KTA-005,SEED-SHOP-056,SEED-SHOP-056-2,1
KTA-005,SEED-SHOP-064,,0
KTA-005,SEED-SHOP-068,SEED-SHOP-068-1,1
KTA-005,SEED-SHOP-068,SEED-SHOP-068-2,10
KTA-005,SEED-SHOP-069,SEED-SHOP-069-1,1
KTA-005,SEED-SHOP-069,SEED-SHOP-069-2,4
KTA-005,SEED-SHOP-071,,11
KTA-005,SEED-SHOP-072,SEED-SHOP-072-1,9
KTA-005,SEED-SHOP-072,SEED-SHOP-072-2,0
KTA-005,SEED-SHOP-075,,6
KTA-005,SEED-SHOP-076,SEED-SHOP-076-1,0
KTA-006,SEED-SHOP-001,,3
KTA-006,SEED-SHOP-003,,12
KTA-006,SEED-SHOP-004,,6
KTA-006,SEED-SHOP-005,,9
KTA-006,SEED-SHOP-006,SEED-SHOP-006-1,11
KTA-006,SEED-SHOP-006,SEED-SHOP-006-2,10
KTA-006,SEED-SHOP-009,SEED-SHOP-009-1,11
KTA-006,SEED-SHOP-011,SEED-SHOP-011-1,5
KTA-006,SEED-SHOP-011,SEED-SHOP-011-2,3
KTA-006,SEED-SHOP-014,,5
KTA-006,SEED-SHOP-015,SEED-SHOP-015-1,0
KTA-006,SEED-SHOP-015,SEED-SHOP-015-2,0
KTA-006,SEED-SHOP-016,,0
KTA-006,SEED-SHOP-021,,4
KTA-006,SEED-SHOP-025,,0
KTA-006,SEED-SHOP-026,SEED-SHOP-026-1,11
KTA-006,SEED-SHOP-026,SEED-SHOP-026-2,12
KTA-006,SEED-SHOP-027,SEED-SHOP-027-1,7
KTA-006,SEED-SHOP-027,SEED-SHOP-027-2,0
KTA-006,SEED-SHOP-028,,8
KTA-006,SEED-SHOP-029,,12
KTA-006,SEED-SHOP-030,,10
KTA-006,SEED-SHOP-031,,0
KTA-006,SEED-SHOP-035,SEED-SHOP-035-1,0
KTA-006,SEED-SHOP-035,SEED-SHOP-035-2,8
KTA-006,SEED-SHOP-039,SEED-SHOP-039-1,0
KTA-006,SEED-SHOP-039,SEED-SHOP-039-2,6
KTA-006,SEED-SHOP-040,,3
KTA-006,SEED-SHOP-042,,0
KTA-006,SEED-SHOP-046,,2
KTA-006,SEED-SHOP-047,,0
KTA-006,SEED-SHOP-048,,1
KTA-006,SEED-SHOP-049,SEED-SHOP-049-1,10
KTA-006,SEED-SHOP-049,SEED-SHOP-049-2,2
KTA-006,SEED-SHOP-052,SEED-SHOP-052-1,8
KTA-006,SEED-SHOP-052,SEED-SHOP-052-2,8
KTA-006,SEED-SHOP-055,,10
KTA-006,SEED-SHOP-057,SEED-SHOP-057-1,0
KTA-006,SEED-SHOP-057,SEED-SHOP-057-2,0
KTA-006,SEED-SHOP-058,,0
KTA-006,SEED-SHOP-061,,1
KTA-006,SEED-SHOP-066,,0
KTA-006,SEED-SHOP-068,SEED-SHOP-068-1,0
KTA-006,SEED-SHOP-068,SEED-SHOP-068-2,3
KTA-006,SEED-SHOP-069,SEED-SHOP-069-1,0
KTA-006,SEED-SHOP-069,SEED-SHOP-069-2,1
KTA-006,SEED-SHOP-071,,3
KTA-006,SEED-SHOP-072,SEED-SHOP-072-1,6
KTA-006,SEED-SHOP-072,SEED-SHOP-072-2,1
KTA-006,SEED-SHOP-075,,3
KTA-006,SEED-SHOP-077,,5
KTA-006,SEED-SHOP-080,SEED-SHOP-080-1,7
KTA-007,SEED-SHOP-001,,6
KTA-007,SEED-SHOP-004,,0
KTA-007,SEED-SHOP-005,,2
KTA-007,SEED-SHOP-008,SEED-SHOP-008-1,0
KTA-007,SEED-SHOP-009,SEED-SHOP-009-1,4
KTA-007,SEED-SHOP-010,SEED-SHOP-010-1,0
KTA-007,SEED-SHOP-010,SEED-SHOP-010-2,4
KTA-007,SEED-SHOP-011,SEED-SHOP-011-1,11
KTA-007,SEED-SHOP-011,SEED-SHOP-011-2,0
KTA-007,SEED-SHOP-013,,0
KTA-007,SEED-SHOP-015,SEED-SHOP-015-1,9
KTA-007,SEED-SHOP-015,SEED-SHOP-015-2,0
KTA-007,SEED-SHOP-020,,9
KTA-007,SEED-SHOP-021,,6
KTA-007,SEED-SHOP-024,,0
KTA-007,SEED-SHOP-027,SEED-SHOP-027-1,2
KTA-007,SEED-SHOP-027,SEED-SHOP-027-2,1
KTA-007,SEED-SHOP-028,,0
KTA-007,SEED-SHOP-029,,10
KTA-007,SEED-SHOP-030,,0
KTA-007,SEED-SHOP-031,,6
KTA-007,SEED-SHOP-034,SEED-SHOP-034-1,8
KTA-007,SEED-SHOP-034,SEED-SHOP-034-2,0
KTA-007,SEED-SHOP-035,SEED-SHOP-035-1,0
KTA-007,SEED-SHOP-035,SEED-SHOP-035-2,0
KTA-007,SEED-SHOP-036,,2
KTA-007,SEED-SHOP-038,SEED-SHOP-038-1,0
KTA-007,SEED-SHOP-038,SEED-SHOP-038-2,0
KTA-007,SEED-SHOP-039,SEED-SHOP-039-1,6
KTA-007,SEED-SHOP-039,SEED-SHOP-039-2,8
KTA-007,SEED-SHOP-041,SEED-SHOP-041-1,1
KTA-007,SEED-SHOP-041,SEED-SHOP-041-2,1
KTA-007,SEED-SHOP-044,,5
KTA-007,SEED-SHOP-046,,0
KTA-007,SEED-SHOP-050,SEED-SHOP-050-1,0
KTA-007,SEED-SHOP-050,SEED-SHOP-050-2,12
KTA-007,SEED-SHOP-051,,2
KTA-007,SEED-SHOP-052,SEED-SHOP-052-1,0
KTA-007,SEED-SHOP-052,SEED-SHOP-052-2,2
KTA-007,SEED-SHOP-053,,2
KTA-007,SEED-SHOP-054,SEED-SHOP-054-1,0
KTA-007,SEED-SHOP-054,SEED-SHOP-054-2,0
KTA-007,SEED-SHOP-056,SEED-SHOP-056-1,0
KTA-007,SEED-SHOP-056,SEED-SHOP-056-2,9
KTA-007,SEED-SHOP-059,,4
KTA-007,SEED-SHOP-064,,1
KTA-007,SEED-SHOP-066,,7
KTA-007,SEED-SHOP-068,SEED-SHOP-068-1,0
KTA-007,SEED-SHOP-068,SEED-SHOP-068-2,1
KTA-007,SEED-SHOP-069,SEED-SHOP-069-1,0
KTA-007,SEED-SHOP-069,SEED-SHOP-069-2,9
KTA-007,SEED-SHOP-071,,0
KTA-007,SEED-SHOP-072,SEED-SHOP-072-1,0
KTA-007,SEED-SHOP-072,SEED-SHOP-072-2,10
KTA-007,SEED-SHOP-074,SEED-SHOP-074-1,0
KTA-007,SEED-SHOP-074,SEED-SHOP-074-2,0
KTA-007,SEED-SHOP-075,,9
KTA-007,SEED-SHOP-077,,4
KTA-007,SEED-SHOP-079,SEED-SHOP-079-1,0
KTA-007,SEED-SHOP-079,SEED-SHOP-079-2,0
KTA-007,SEED-SHOP-080,SEED-SHOP-080-1,7
KTA-008,SEED-SHOP-001,,0
KTA-008,SEED-SHOP-002,SEED-SHOP-002-1,0
KTA-008,SEED-SHOP-002,SEED-SHOP-002-2,8
KTA-008,SEED-SHOP-005,,10
KTA-008,SEED-SHOP-007,,6
KTA-008,SEED-SHOP-008,SEED-SHOP-008-1,0
KTA-008,SEED-SHOP-009,SEED-SHOP-009-1,0
KTA-008,SEED-SHOP-012,SEED-SHOP-012-1,7
KTA-008,SEED-SHOP-012,SEED-SHOP-012-2,12
KTA-008,SEED-SHOP-013,,7
KTA-008,SEED-SHOP-014,,5
KTA-008,SEED-SHOP-017,,0
KTA-008,SEED-SHOP-019,SEED-SHOP-019-1,4
KTA-008,SEED-SHOP-019,SEED-SHOP-019-2,3
KTA-008,SEED-SHOP-021,,0
KTA-008,SEED-SHOP-022,,4
KTA-008,SEED-SHOP-025,,0
KTA-008,SEED-SHOP-026,SEED-SHOP-026-1,6
KTA-008,SEED-SHOP-026,SEED-SHOP-026-2,7
KTA-008,SEED-SHOP-027,SEED-SHOP-027-1,0
KTA-008,SEED-SHOP-027,SEED-SHOP-027-2,0
KTA-008,SEED-SHOP-029,,0
KTA-008,SEED-SHOP-030,,3
KTA-008,SEED-SHOP-031,,7
KTA-008,SEED-SHOP-032,,6
KTA-008,SEED-SHOP-033,SEED-SHOP-033-1,9
KTA-008,SEED-SHOP-033,SEED-SHOP-033-2,7
KTA-008,SEED-SHOP-034,SEED-SHOP-034-1,10
KTA-008,SEED-SHOP-034,SEED-SHOP-034-2,6
KTA-008,SEED-SHOP-038,SEED-SHOP-038-1,9
KTA-008,SEED-SHOP-038,SEED-SHOP-038-2,4
KTA-008,SEED-SHOP-039,SEED-SHOP-039-1,4
KTA-008,SEED-SHOP-039,SEED-SHOP-039-2,2
KTA-008,SEED-SHOP-043,,3
KTA-008,SEED-SHOP-044,,0
KTA-008,SEED-SHOP-045,SEED-SHOP-045-1,0
KTA-008,SEED-SHOP-045,SEED-SHOP-045-2,0
KTA-008,SEED-SHOP-046,,5
KTA-008,SEED-SHOP-047,,0
KTA-008,SEED-SHOP-048,,11
KTA-008,SEED-SHOP-049,SEED-SHOP-049-1,2
KTA-008,SEED-SHOP-049,SEED-SHOP-049-2,6
KTA-008,SEED-SHOP-051,,11
KTA-008,SEED-SHOP-052,SEED-SHOP-052-1,4
KTA-008,SEED-SHOP-052,SEED-SHOP-052-2,0
KTA-008,SEED-SHOP-056,SEED-SHOP-056-1,11
KTA-008,SEED-SHOP-056,SEED-SHOP-056-2,10
KTA-008,SEED-SHOP-057,SEED-SHOP-057-1,0
KTA-008,SEED-SHOP-057,SEED-SHOP-057-2,0
KTA-008,SEED-SHOP-063,SEED-SHOP-063-1,9
KTA-008,SEED-SHOP-063,SEED-SHOP-063-2,5
KTA-008,SEED-SHOP-064,,3
KTA-008,SEED-SHOP-065,,4
KTA-008,SEED-SHOP-066,,0
KTA-008,SEED-SHOP-068,SEED-SHOP-068-1,7
KTA-008,SEED-SHOP-068,SEED-SHOP-068-2,0
KTA-008,SEED-SHOP-071,,2
KTA-008,SEED-SHOP-073,SEED-SHOP-073-1,1
KTA-008,SEED-SHOP-073,SEED-SHOP-073-2,4
KTA-008,SEED-SHOP-074,SEED-SHOP-074-1,9
KTA-008,SEED-SHOP-074,SEED-SHOP-074-2,7
KTA-008,SEED-SHOP-075,,9
KTA-008,SEED-SHOP-076,SEED-SHOP-076-1,8
KTA-008,SEED-SHOP-077,,8
KTA-008,SEED-SHOP-079,SEED-SHOP-079-1,0
KTA-008,SEED-SHOP-079,SEED-SHOP-079-2,0
KTA-008,SEED-SHOP-080,SEED-SHOP-080-1,12
NSD-001,SEED-SHOP-001,,3
NSD-001,SEED-SHOP-002,SEED-SHOP-002-1,7
NSD-001,SEED-SHOP-002,SEED-SHOP-002-2,1
NSD-001,SEED-SHOP-008,SEED-SHOP-008-1,0
NSD-001,SEED-SHOP-009,SEED-SHOP-009-1,2
NSD-001,SEED-SHOP-010,SEED-SHOP-010-1,4
NSD-001,SEED-SHOP-010,SEED-SHOP-010-2,0
NSD-001,SEED-SHOP-014,,1
NSD-001,SEED-SHOP-015,SEED-SHOP-015-1,2
NSD-001,SEED-SHOP-015,SEED-SHOP-015-2,12
NSD-001,SEED-SHOP-018,,0
NSD-001,SEED-SHOP-020,,1
NSD-001,SEED-SHOP-021,,0
NSD-001,SEED-SHOP-022,,10
NSD-001,SEED-SHOP-023,,0
NSD-001,SEED-SHOP-024,,1
NSD-001,SEED-SHOP-026,SEED-SHOP-026-1,0
NSD-001,SEED-SHOP-026,SEED-SHOP-026-2,0
NSD-001,SEED-SHOP-027,SEED-SHOP-027-1,7
NSD-001,SEED-SHOP-027,SEED-SHOP-027-2,5
NSD-001,SEED-SHOP-031,,0
NSD-001,SEED-SHOP-032,,12
NSD-001,SEED-SHOP-033,SEED-SHOP-033-1,0
NSD-001,SEED-SHOP-033,SEED-SHOP-033-2,3
NSD-001,SEED-SHOP-034,SEED-SHOP-034-1,3
NSD-001,SEED-SHOP-034,SEED-SHOP-034-2,0
NSD-001,SEED-SHOP-036,,11
NSD-001,SEED-SHOP-037,,6
NSD-001,SEED-SHOP-038,SEED-SHOP-038-1,10
NSD-001,SEED-SHOP-038,SEED-SHOP-038-2,0
NSD-001,SEED-SHOP-039,SEED-SHOP-039-1,0
NSD-001,SEED-SHOP-039,SEED-SHOP-039-2,8
NSD-001,SEED-SHOP-040,,4
NSD-001,SEED-SHOP-041,SEED-SHOP-041-1,1
NSD-001,SEED-SHOP-041,SEED-SHOP-041-2,11
NSD-001,SEED-SHOP-042,,0
NSD-001,SEED-SHOP-044,,0
NSD-001,SEED-SHOP-045,SEED-SHOP-045-1,12
NSD-001,SEED-SHOP-045,SEED-SHOP-045-2,8
NSD-001,SEED-SHOP-046,,0
NSD-001,SEED-SHOP-049,SEED-SHOP-049-1,0
NSD-001,SEED-SHOP-049,SEED-SHOP-049-2,3
NSD-001,SEED-SHOP-050,SEED-SHOP-050-1,12
NSD-001,SEED-SHOP-050,SEED-SHOP-050-2,6
NSD-001,SEED-SHOP-053,,8
NSD-001,SEED-SHOP-055,,11
NSD-001,SEED-SHOP-056,SEED-SHOP-056-1,0
NSD-001,SEED-SHOP-056,SEED-SHOP-056-2,10
NSD-001,SEED-SHOP-057,SEED-SHOP-057-1,12
NSD-001,SEED-SHOP-057,SEED-SHOP-057-2,5
NSD-001,SEED-SHOP-060,,12
NSD-001,SEED-SHOP-061,,8
NSD-001,SEED-SHOP-062,,5
NSD-001,SEED-SHOP-064,,10
NSD-001,SEED-SHOP-065,,10
NSD-001,SEED-SHOP-068,SEED-SHOP-068-1,2
NSD-001,SEED-SHOP-068,SEED-SHOP-068-2,10
NSD-001,SEED-SHOP-071,,10
NSD-001,SEED-SHOP-073,SEED-SHOP-073-1,0
NSD-001,SEED-SHOP-073,SEED-SHOP-073-2,7
NSD-001,SEED-SHOP-074,SEED-SHOP-074-1,9
NSD-001,SEED-SHOP-074,SEED-SHOP-074-2,10
NSD-001,SEED-SHOP-076,SEED-SHOP-076-1,10
NSD-001,SEED-SHOP-079,SEED-SHOP-079-1,11
NSD-001,SEED-SHOP-079,SEED-SHOP-079-2,0
NSD-001,SEED-SHOP-080,SEED-SHOP-080-1,0
NSD-002,SEED-SHOP-001,,9
NSD-002,SEED-SHOP-005,,9
NSD-002,SEED-SHOP-007,,4
NSD-002,SEED-SHOP-009,SEED-SHOP-009-1,0
NSD-002,SEED-SHOP-010,SEED-SHOP-010-1,0
NSD-002,SEED-SHOP-010,SEED-SHOP-010-2,5
NSD-002,SEED-SHOP-012,SEED-SHOP-012-1,11
NSD-002,SEED-SHOP-012,SEED-SHOP-012-2,3
NSD-002,SEED-SHOP-014,,11
NSD-002,SEED-SHOP-018,,2
NSD-002,SEED-SHOP-022,,12
NSD-002,SEED-SHOP-025,,2
NSD-002,SEED-SHOP-026,SEED-SHOP-026-1,12
NSD-002,SEED-SHOP-026,SEED-SHOP-026-2,0
NSD-002,SEED-SHOP-027,SEED-SHOP-027-1,12
NSD-002,SEED-SHOP-027,SEED-SHOP-027-2,9
NSD-002,SEED-SHOP-028,,10
NSD-002,SEED-SHOP-031,,2
NSD-002,SEED-SHOP-032,,5
NSD-002,SEED-SHOP-035,SEED-SHOP-035-1,5
NSD-002,SEED-SHOP-035,SEED-SHOP-035-2,2
NSD-002,SEED-SHOP-037,,1
NSD-002,SEED-SHOP-038,SEED-SHOP-038-1,3
NSD-002,SEED-SHOP-038,SEED-SHOP-038-2,2
NSD-002,SEED-SHOP-039,SEED-SHOP-039-1,0
NSD-002,SEED-SHOP-039,SEED-SHOP-039-2,3
NSD-002,SEED-SHOP-041,SEED-SHOP-041-1,0
NSD-002,SEED-SHOP-041,SEED-SHOP-041-2,1
NSD-002,SEED-SHOP-043,,0
NSD-002,SEED-SHOP-044,,11
NSD-002,SEED-SHOP-045,SEED-SHOP-045-1,0
NSD-002,SEED-SHOP-045,SEED-SHOP-045-2,2
NSD-002,SEED-SHOP-047,,0
NSD-002,SEED-SHOP-049,SEED-SHOP-049-1,10
NSD-002,SEED-SHOP-049,SEED-SHOP-049-2,8
NSD-002,SEED-SHOP-051,,4
NSD-002,SEED-SHOP-054,SEED-SHOP-054-1,6
NSD-002,SEED-SHOP-054,SEED-SHOP-054-2,0
NSD-002,SEED-SHOP-055,,1
NSD-002,SEED-SHOP-059,,0
NSD-002,SEED-SHOP-060,,11
NSD-002,SEED-SHOP-061,,1
NSD-002,SEED-SHOP-067,,5
NSD-002,SEED-SHOP-069,SEED-SHOP-069-1,0
NSD-002,SEED-SHOP-069,SEED-SHOP-069-2,12
NSD-002,SEED-SHOP-070,SEED-SHOP-070-1,12
NSD-002,SEED-SHOP-070,SEED-SHOP-070-2,0
NSD-002,SEED-SHOP-071,,0
NSD-002,SEED-SHOP-072,SEED-SHOP-072-1,12
NSD-002,SEED-SHOP-072,SEED-SHOP-072-2,0
NSD-002,SEED-SHOP-074,SEED-SHOP-074-1,2
NSD-002,SEED-SHOP-074,SEED-SHOP-074-2,4
NSD-002,SEED-SHOP-076,SEED-SHOP-076-1,0
NSD-002,SEED-SHOP-078,,3
NSD-002,SEED-SHOP-079,SEED-SHOP-079-1,9
NSD-002,SEED-SHOP-079,SEED-SHOP-079-2,1
NSD-002,SEED-SHOP-080,SEED-SHOP-080-1,12
NSD-003,SEED-SHOP-001,,1
NSD-003,SEED-SHOP-002,SEED-SHOP-002-1,0
NSD-003,SEED-SHOP-002,SEED-SHOP-002-2,2
NSD-003,SEED-SHOP-004,,0
NSD-003,SEED-SHOP-005,,0
NSD-003,SEED-SHOP-006,SEED-SHOP-006-1,11
NSD-003,SEED-SHOP-006,SEED-SHOP-006-2,9
NSD-003,SEED-SHOP-007,,5
NSD-003,SEED-SHOP-008,SEED-SHOP-008-1,0
NSD-003,SEED-SHOP-009,SEED-SHOP-009-1,11
NSD-003,SEED-SHOP-013,,0
NSD-003,SEED-SHOP-014,,10
NSD-003,SEED-SHOP-015,SEED-SHOP-015-1,6
NSD-003,SEED-SHOP-015,SEED-SHOP-015-2,1
NSD-003,SEED-SHOP-021,,0
NSD-003,SEED-SHOP-023,,10
NSD-003,SEED-SHOP-026,SEED-SHOP-026-1,7
NSD-003,SEED-SHOP-026,SEED-SHOP-026-2,4
NSD-003,SEED-SHOP-029,,0
NSD-003,SEED-SHOP-030,,0
NSD-003,SEED-SHOP-031,,0
NSD-003,SEED-SHOP-034,SEED-SHOP-034-1,10
NSD-003,SEED-SHOP-034,SEED-SHOP-034-2,3
NSD-003,SEED-SHOP-036,,6
NSD-003,SEED-SHOP-037,,11
NSD-003,SEED-SHOP-038,SEED-SHOP-038-1,8
NSD-003,SEED-SHOP-038,SEED-SHOP-038-2,7
NSD-003,SEED-SHOP-043,,0
NSD-003,SEED-SHOP-046,,10
NSD-003,SEED-SHOP-048,,8
NSD-003,SEED-SHOP-050,SEED-SHOP-050-1,2
NSD-003,SEED-SHOP-050,SEED-SHOP-050-2,7
NSD-003,SEED-SHOP-052,SEED-SHOP-052-1,0
NSD-003,SEED-SHOP-052,SEED-SHOP-052-2,6
NSD-003,SEED-SHOP-054,SEED-SHOP-054-1,0
NSD-003,SEED-SHOP-054,SEED-SHOP-054-2,0
NSD-003,SEED-SHOP-055,,0
NSD-003,SEED-SHOP-056,SEED-SHOP-056-1,10
NSD-003,SEED-SHOP-056,SEED-SHOP-056-2,11
NSD-003,SEED-SHOP-058,,0
NSD-003,SEED-SHOP-059,,0
NSD-003,SEED-SHOP-065,,8
NSD-003,SEED-SHOP-066,,8
NSD-003,SEED-SHOP-067,,1
NSD-003,SEED-SHOP-068,SEED-SHOP-068-1,0
NSD-003,SEED-SHOP-068,SEED-SHOP-068-2,0
NSD-003,SEED-SHOP-073,SEED-SHOP-073-1,0
NSD-003,SEED-SHOP-073,SEED-SHOP-073-2,11
NSD-003,SEED-SHOP-075,,0
NSD-003,SEED-SHOP-076,SEED-SHOP-076-1,0
NSD-003,SEED-SHOP-077,,0
NSD-003,SEED-SHOP-079,SEED-SHOP-079-1,0
NSD-003,SEED-SHOP-079,SEED-SHOP-079-2,6
NSD-003,SEED-SHOP-080,SEED-SHOP-080-1,9
NSD-004,SEED-SHOP-002,SEED-SHOP-002-1,6
NSD-004,SEED-SHOP-002,SEED-SHOP-002-2,1
NSD-004,SEED-SHOP-005,,5
NSD-004,SEED-SHOP-007,,5
NSD-004,SEED-SHOP-008,SEED-SHOP-008-1,0
NSD-004,SEED-SHOP-011,SEED-SHOP-011-1,4
NSD-004,SEED-SHOP-011,SEED-SHOP-011-2,4
NSD-004,SEED-SHOP-012,SEED-SHOP-012-1,4
NSD-004,SEED-SHOP-012,SEED-SHOP-012-2,2
NSD-004,SEED-SHOP-015,SEED-SHOP-015-1,0
NSD-004,SEED-SHOP-015,SEED-SHOP-015-2,0
NSD-004,SEED-SHOP-016,,0
NSD-004,SEED-SHOP-017,,0
NSD-004,SEED-SHOP-018,,0
NSD-004,SEED-SHOP-020,,0
NSD-004,SEED-SHOP-022,,1
NSD-004,SEED-SHOP-023,,0
NSD-004,SEED-SHOP-025,,10
NSD-004,SEED-SHOP-029,,1
NSD-004,SEED-SHOP-030,,11
NSD-004,SEED-SHOP-034,SEED-SHOP-034-1,0
NSD-004,SEED-SHOP-034,SEED-SHOP-034-2,6
NSD-004,SEED-SHOP-038,SEED-SHOP-038-1,0
NSD-004,SEED-SHOP-038,SEED-SHOP-038-2,11
NSD-004,SEED-SHOP-039,SEED-SHOP-039-1,12
NSD-004,SEED-SHOP-039,SEED-SHOP-039-2,0
NSD-004,SEED-SHOP-040,,0
NSD-004,SEED-SHOP-042,,0
NSD-004,SEED-SHOP-044,,6
NSD-004,SEED-SHOP-045,SEED-SHOP-045-1,6
NSD-004,SEED-SHOP-045,SEED-SHOP-045-2,3
NSD-004,SEED-SHOP-046,,0
NSD-004,SEED-SHOP-047,,0
NSD-004,SEED-SHOP-049,SEED-SHOP-049-1,2
NSD-004,SEED-SHOP-049,SEED-SHOP-049-2,9
NSD-004,SEED-SHOP-050,SEED-SHOP-050-1,0
NSD-004,SEED-SHOP-050,SEED-SHOP-050-2,4
NSD-004,SEED-SHOP-051,,11
NSD-004,SEED-SHOP-052,SEED-SHOP-052-1,0
NSD-004,SEED-SHOP-052,SEED-SHOP-052-2,0
NSD-004,SEED-SHOP-054,SEED-SHOP-054-1,0
NSD-004,SEED-SHOP-054,SEED-SHOP-054-2,0
NSD-004,SEED-SHOP-055,,0
NSD-004,SEED-SHOP-056,SEED-SHOP-056-1,0
NSD-004,SEED-SHOP-056,SEED-SHOP-056-2,1
NSD-004,SEED-SHOP-057,SEED-SHOP-057-1,3
NSD-004,SEED-SHOP-057,SEED-SHOP-057-2,5
NSD-004,SEED-SHOP-059,,12
NSD-004,SEED-SHOP-061,,11
NSD-004,SEED-SHOP-064,,10
NSD-004,SEED-SHOP-065,,1
NSD-004,SEED-SHOP-066,,8
NSD-004,SEED-SHOP-070,SEED-SHOP-070-1,4
NSD-004,SEED-SHOP-070,SEED-SHOP-070-2,0
NSD-004,SEED-SHOP-071,,7
NSD-004,SEED-SHOP-074,SEED-SHOP-074-1,1
NSD-004,SEED-SHOP-074,SEED-SHOP-074-2,10
NSD-004,SEED-SHOP-075,,4
NSD-004,SEED-SHOP-076,SEED-SHOP-076-1,2
NSD-004,SEED-SHOP-077,,8
NSD-004,SEED-SHOP-078,,0
NSD-004,SEED-SHOP-079,SEED-SHOP-079-1,0
NSD-004,SEED-SHOP-079,SEED-SHOP-079-2,0
NSD-004,SEED-SHOP-080,SEED-SHOP-080-1,1
NSD-005,SEED-SHOP-001,,0
NSD-005,SEED-SHOP-005,,0
NSD-005,SEED-SHOP-007,,11
NSD-005,SEED-SHOP-008,SEED-SHOP-008-1,0
NSD-005,SEED-SHOP-009,SEED-SHOP-009-1,2
NSD-005,SEED-SHOP-013,,7
NSD-005,SEED-SHOP-014,,2
NSD-005,SEED-SHOP-015,SEED-SHOP-015-1,5
NSD-005,SEED-SHOP-015,SEED-SHOP-015-2,7
NSD-005,SEED-SHOP-016,,2
NSD-005,SEED-SHOP-017,,0
NSD-005,SEED-SHOP-018,,0
NSD-005,SEED-SHOP-019,SEED-SHOP-019-1,0
NSD-005,SEED-SHOP-019,SEED-SHOP-019-2,6
NSD-005,SEED-SHOP-021,,1
NSD-005,SEED-SHOP-023,,0
NSD-005,SEED-SHOP-025,,12
NSD-005,SEED-SHOP-026,SEED-SHOP-026-1,0
NSD-005,SEED-SHOP-026,SEED-SHOP-026-2,2
NSD-005,SEED-SHOP-027,SEED-SHOP-027-1,0
NSD-005,SEED-SHOP-027,SEED-SHOP-027-2,8
NSD-005,SEED-SHOP-029,,9
NSD-005,SEED-SHOP-030,,4
NSD-005,SEED-SHOP-031,,0
NSD-005,SEED-SHOP-032,,8
NSD-005,SEED-SHOP-033,SEED-SHOP-033-1,5
NSD-005,SEED-SHOP-033,SEED-SHOP-033-2,0
NSD-005,SEED-SHOP-035,SEED-SHOP-035-1,12
NSD-005,SEED-SHOP-035,SEED-SHOP-035-2,5
NSD-005,SEED-SHOP-036,,11
NSD-005,SEED-SHOP-040,,3
NSD-005,SEED-SHOP-041,SEED-SHOP-041-1,0
NSD-005,SEED-SHOP-041,SEED-SHOP-041-2,9
NSD-005,SEED-SHOP-042,,0
NSD-005,SEED-SHOP-045,SEED-SHOP-045-1,4
NSD-005,SEED-SHOP-045,SEED-SHOP-045-2,6
NSD-005,SEED-SHOP-047,,0
NSD-005,SEED-SHOP-048,,3
NSD-005,SEED-SHOP-049,SEED-SHOP-049-1,11
NSD-005,SEED-SHOP-049,SEED-SHOP-049-2,0
NSD-005,SEED-SHOP-050,SEED-SHOP-050-1,0
NSD-005,SEED-SHOP-050,SEED-SHOP-050-2,1
NSD-005,SEED-SHOP-051,,8
NSD-005,SEED-SHOP-056,SEED-SHOP-056-1,0
NSD-005,SEED-SHOP-056,SEED-SHOP-056-2,7
NSD-005,SEED-SHOP-061,,12
NSD-005,SEED-SHOP-062,,5
NSD-005,SEED-SHOP-066,,7
NSD-005,SEED-SHOP-067,,0
NSD-005,SEED-SHOP-068,SEED-SHOP-068-1,3
NSD-005,SEED-SHOP-068,SEED-SHOP-068-2,11
NSD-005,SEED-SHOP-071,,4
NSD-005,SEED-SHOP-072,SEED-SHOP-072-1,0
NSD-005,SEED-SHOP-072,SEED-SHOP-072-2,3
NSD-005,SEED-SHOP-073,SEED-SHOP-073-1,0
NSD-005,SEED-SHOP-073,SEED-SHOP-073-2,5
NSD-005,SEED-SHOP-077,,0
NSD-005,SEED-SHOP-080,SEED-SHOP-080-1,6
NSD-006,SEED-SHOP-002,SEED-SHOP-002-1,4
NSD-006,SEED-SHOP-002,SEED-SHOP-002-2,5
NSD-006,SEED-SHOP-004,,1
NSD-006,SEED-SHOP-005,,8
NSD-006,SEED-SHOP-006,SEED-SHOP-006-1,10
NSD-006,SEED-SHOP-006,SEED-SHOP-006-2,5
NSD-006,SEED-SHOP-007,,2
NSD-006,SEED-SHOP-009,SEED-SHOP-009-1,2
NSD-006,SEED-SHOP-010,SEED-SHOP-010-1,4
NSD-006,SEED-SHOP-010,SEED-SHOP-010-2,0
NSD-006,SEED-SHOP-013,,5
NSD-006,SEED-SHOP-016,,0
NSD-006,SEED-SHOP-019,SEED-SHOP-019-1,3
NSD-006,SEED-SHOP-019,SEED-SHOP-019-2,6
NSD-006,SEED-SHOP-021,,0
NSD-006,SEED-SHOP-022,,0
NSD-006,SEED-SHOP-023,,3
NSD-006,SEED-SHOP-025,,0
NSD-006,SEED-SHOP-027,SEED-SHOP-027-1,12
NSD-006,SEED-SHOP-027,SEED-SHOP-027-2,3
NSD-006,SEED-SHOP-028,,10
NSD-006,SEED-SHOP-029,,0
NSD-006,SEED-SHOP-030,,0
NSD-006,SEED-SHOP-031,,7
NSD-006,SEED-SHOP-033,SEED-SHOP-033-1,5
NSD-006,SEED-SHOP-033,SEED-SHOP-033-2,0
NSD-006,SEED-SHOP-034,SEED-SHOP-034-1,10
NSD-006,SEED-SHOP-034,SEED-SHOP-034-2,1
NSD-006,SEED-SHOP-035,SEED-SHOP-035-1,0
NSD-006,SEED-SHOP-035,SEED-SHOP-035-2,7
NSD-006,SEED-SHOP-036,,4
NSD-006,SEED-SHOP-037,,12
NSD-006,SEED-SHOP-040,,8
NSD-006,SEED-SHOP-045,SEED-SHOP-045-1,10
NSD-006,SEED-SHOP-045,SEED-SHOP-045-2,5
NSD-006,SEED-SHOP-046,,0
NSD-006,SEED-SHOP-047,,0
NSD-006,SEED-SHOP-052,SEED-SHOP-052-1,11
NSD-006,SEED-SHOP-052,SEED-SHOP-052-2,2
NSD-006,SEED-SHOP-053,,0
NSD-006,SEED-SHOP-054,SEED-SHOP-054-1,0
NSD-006,SEED-SHOP-054,SEED-SHOP-054-2,0
NSD-006,SEED-SHOP-055,,0
NSD-006,SEED-SHOP-059,,2
NSD-006,SEED-SHOP-060,,0
NSD-006,SEED-SHOP-062,,8
NSD-006,SEED-SHOP-064,,6
NSD-006,SEED-SHOP-065,,4
NSD-006,SEED-SHOP-066,,4
NSD-006,SEED-SHOP-067,,11
NSD-006,SEED-SHOP-070,SEED-SHOP-070-1,10
NSD-006,SEED-SHOP-070,SEED-SHOP-070-2,0
NSD-006,SEED-SHOP-072,SEED-SHOP-072-1,3
NSD-006,SEED-SHOP-072,SEED-SHOP-072-2,0
NSD-006,SEED-SHOP-074,SEED-SHOP-074-1,9
NSD-006,SEED-SHOP-074,SEED-SHOP-074-2,6
NSD-006,SEED-SHOP-076,SEED-SHOP-076-1,0
NSD-006,SEED-SHOP-077,,0
NSD-006,SEED-SHOP-079,SEED-SHOP-079-1,6
NSD-006,SEED-SHOP-079,SEED-SHOP-079-2,7
NSD-007,SEED-SHOP-004,,1
NSD-007,SEED-SHOP-005,,0
NSD-007,SEED-SHOP-007,,9
NSD-007,SEED-SHOP-009,SEED-SHOP-009-1,6
NSD-007,SEED-SHOP-011,SEED-SHOP-011-1,9
NSD-007,SEED-SHOP-011,SEED-SHOP-011-2,11
NSD-007,SEED-SHOP-012,SEED-SHOP-012-1,0
NSD-007,SEED-SHOP-012,SEED-SHOP-012-2,0
NSD-007,SEED-SHOP-014,,7
NSD-007,SEED-SHOP-016,,0
NSD-007,SEED-SHOP-017,,0
NSD-007,SEED-SHOP-019,SEED-SHOP-019-1,4
NSD-007,SEED-SHOP-019,SEED-SHOP-019-2,7
NSD-007,SEED-SHOP-021,,9
NSD-007,SEED-SHOP-022,,9
NSD-007,SEED-SHOP-024,,8
NSD-007,SEED-SHOP-027,SEED-SHOP-027-1,0
NSD-007,SEED-SHOP-027,SEED-SHOP-027-2,3
NSD-007,SEED-SHOP-028,,0
NSD-007,SEED-SHOP-029,,5
NSD-007,SEED-SHOP-030,,3
NSD-007,SEED-SHOP-031,,7
NSD-007,SEED-SHOP-035,SEED-SHOP-035-1,0
NSD-007,SEED-SHOP-035,SEED-SHOP-035-2,6
NSD-007,SEED-SHOP-039,SEED-SHOP-039-1,2
NSD-007,SEED-SHOP-039,SEED-SHOP-039-2,2
NSD-007,SEED-SHOP-040,,8
NSD-007,SEED-SHOP-043,,3
NSD-007,SEED-SHOP-044,,3
NSD-007,SEED-SHOP-046,,0
NSD-007,SEED-SHOP-048,,0
NSD-007,SEED-SHOP-049,SEED-SHOP-049-1,9
NSD-007,SEED-SHOP-049,SEED-SHOP-049-2,10
NSD-007,SEED-SHOP-051,,1
NSD-007,SEED-SHOP-053,,2
NSD-007,SEED-SHOP-054,SEED-SHOP-054-1,0
NSD-007,SEED-SHOP-054,SEED-SHOP-054-2,12
NSD-007,SEED-SHOP-055,,1
NSD-007,SEED-SHOP-058,,0
NSD-007,SEED-SHOP-061,,10
NSD-007,SEED-SHOP-067,,8
NSD-007,SEED-SHOP-068,SEED-SHOP-068-1,0
NSD-007,SEED-SHOP-068,SEED-SHOP-068-2,11
NSD-007,SEED-SHOP-069,SEED-SHOP-069-1,12
NSD-007,SEED-SHOP-069,SEED-SHOP-069-2,7
NSD-007,SEED-SHOP-071,,10
NSD-007,SEED-SHOP-072,SEED-SHOP-072-1,12
NSD-007,SEED-SHOP-072,SEED-SHOP-072-2,2
NSD-007,SEED-SHOP-074,SEED-SHOP-074-1,0
NSD-007,SEED-SHOP-074,SEED-SHOP-074-2,6
NSD-007,SEED-SHOP-075,,1
NSD-008,SEED-SHOP-002,SEED-SHOP-002-1,1
NSD-008,SEED-SHOP-002,SEED-SHOP-002-2,12
NSD-008,SEED-SHOP-003,,2
NSD-008,SEED-SHOP-005,,10
NSD-008,SEED-SHOP-007,,0
NSD-008,SEED-SHOP-009,SEED-SHOP-009-1,0
NSD-008,SEED-SHOP-010,SEED-SHOP-010-1,0
NSD-008,SEED-SHOP-010,SEED-SHOP-010-2,7
NSD-008,SEED-SHOP-011,SEED-SHOP-011-1,9
NSD-008,SEED-SHOP-011,SEED-SHOP-011-2,2
NSD-008,SEED-SHOP-012,SEED-SHOP-012-1,7
NSD-008,SEED-SHOP-012,SEED-SHOP-012-2,0
NSD-008,SEED-SHOP-013,,2
NSD-008,SEED-SHOP-016,,2
NSD-008,SEED-SHOP-017,,7
NSD-008,SEED-SHOP-018,,1
NSD-008,SEED-SHOP-021,,5
NSD-008,SEED-SHOP-022,,9
NSD-008,SEED-SHOP-023,,9
NSD-008,SEED-SHOP-024,,4
NSD-008,SEED-SHOP-025,,4
NSD-008,SEED-SHOP-026,SEED-SHOP-026-1,3
NSD-008,SEED-SHOP-026,SEED-SHOP-026-2,1
NSD-008,SEED-SHOP-029,,3
NSD-008,SEED-SHOP-030,,4
NSD-008,SEED-SHOP-031,,0
NSD-008,SEED-SHOP-032,,1
NSD-008,SEED-SHOP-033,SEED-SHOP-033-1,1
NSD-008,SEED-SHOP-033,SEED-SHOP-033-2,0
NSD-008,SEED-SHOP-034,SEED-SHOP-034-1,0
NSD-008,SEED-SHOP-034,SEED-SHOP-034-2,0
NSD-008,SEED-SHOP-038,SEED-SHOP-038-1,0
NSD-008,SEED-SHOP-038,SEED-SHOP-038-2,7
NSD-008,SEED-SHOP-039,SEED-SHOP-039-1,0
NSD-008,SEED-SHOP-039,SEED-SHOP-039-2,6
NSD-008,SEED-SHOP-042,,0
NSD-008,SEED-SHOP-043,,2
NSD-008,SEED-SHOP-045,SEED-SHOP-045-1,3
NSD-008,SEED-SHOP-045,SEED-SHOP-045-2,3
NSD-008,SEED-SHOP-051,,2
NSD-008,SEED-SHOP-056,SEED-SHOP-056-1,8
NSD-008,SEED-SHOP-056,SEED-SHOP-056-2,9
NSD-008,SEED-SHOP-059,,12
NSD-008,SEED-SHOP-062,,6
NSD-008,SEED-SHOP-063,SEED-SHOP-063-1,0
NSD-008,SEED-SHOP-063,SEED-SHOP-063-2,6
NSD-008,SEED-SHOP-064,,12
NSD-008,SEED-SHOP-065,,0
NSD-008,SEED-SHOP-067,,12
NSD-008,SEED-SHOP-068,SEED-SHOP-068-1,0
NSD-008,SEED-SHOP-068,SEED-SHOP-068-2,3
NSD-008,SEED-SHOP-071,,0
NSD-008,SEED-SHOP-076,SEED-SHOP-076-1,9
NSD-008,SEED-SHOP-078,,7
GNY-001,SEED-SHOP-001,,1
GNY-001,SEED-SHOP-002,SEED-SHOP-002-1,0
GNY-001,SEED-SHOP-002,SEED-SHOP-002-2,5
GNY-001,SEED-SHOP-003,,10
GNY-001,SEED-SHOP-007,,10
GNY-001,SEED-SHOP-008,SEED-SHOP-008-1,0
GNY-001,SEED-SHOP-010,SEED-SHOP-010-1,0
GNY-001,SEED-SHOP-010,SEED-SHOP-010-2,5
GNY-001,SEED-SHOP-013,,11
GNY-001,SEED-SHOP-017,,6
GNY-001,SEED-SHOP-018,,2
GNY-001,SEED-SHOP-019,SEED-SHOP-019-1,12
GNY-001,SEED-SHOP-019,SEED-SHOP-019-2,11
GNY-001,SEED-SHOP-020,,3
GNY-001,SEED-SHOP-024,,12
GNY-001,SEED-SHOP-027,SEED-SHOP-027-1,12
GNY-001,SEED-SHOP-027,SEED-SHOP-027-2,10
GNY-001,SEED-SHOP-028,,0
GNY-001,SEED-SHOP-030,,4
GNY-001,SEED-SHOP-032,,0
GNY-001,SEED-SHOP-035,SEED-SHOP-035-1,0
GNY-001,SEED-SHOP-035,SEED-SHOP-035-2,5
GNY-001,SEED-SHOP-036,,0
GNY-001,SEED-SHOP-037,,9
GNY-001,SEED-SHOP-039,SEED-SHOP-039-1,7
GNY-001,SEED-SHOP-039,SEED-SHOP-039-2,2
GNY-001,SEED-SHOP-040,,1
GNY-001,SEED-SHOP-043,,9
GNY-001,SEED-SHOP-044,,0
GNY-001,SEED-SHOP-048,,11
GNY-001,SEED-SHOP-050,SEED-SHOP-050-1,12
GNY-001,SEED-SHOP-050,SEED-SHOP-050-2,6
GNY-001,SEED-SHOP-054,SEED-SHOP-054-1,4
GNY-001,SEED-SHOP-054,SEED-SHOP-054-2,0
GNY-001,SEED-SHOP-057,SEED-SHOP-057-1,12
GNY-001,SEED-SHOP-057,SEED-SHOP-057-2,5
GNY-001,SEED-SHOP-059,,4
GNY-001,SEED-SHOP-060,,1
GNY-001,SEED-SHOP-061,,6
GNY-001,SEED-SHOP-064,,1
GNY-001,SEED-SHOP-065,,12
GNY-001,SEED-SHOP-067,,0
GNY-001,SEED-SHOP-068,SEED-SHOP-068-1,0
GNY-001,SEED-SHOP-068,SEED-SHOP-068-2,9
GNY-001,SEED-SHOP-069,SEED-SHOP-069-1,0
GNY-001,SEED-SHOP-069,SEED-SHOP-069-2,4
GNY-001,SEED-SHOP-070,SEED-SHOP-070-1,0
GNY-001,SEED-SHOP-070,SEED-SHOP-070-2,6
GNY-001,SEED-SHOP-071,,0
GNY-001,SEED-SHOP-072,SEED-SHOP-072-1,1
GNY-001,SEED-SHOP-072,SEED-SHOP-072-2,11
GNY-001,SEED-SHOP-075,,11
GNY-001,SEED-SHOP-076,SEED-SHOP-076-1,12
GNY-001,SEED-SHOP-077,,11
GNY-002,SEED-SHOP-001,,6
GNY-002,SEED-SHOP-003,,5
GNY-002,SEED-SHOP-008,SEED-SHOP-008-1,0
GNY-002,SEED-SHOP-009,SEED-SHOP-009-1,0
GNY-002,SEED-SHOP-010,SEED-SHOP-010-1,5
GNY-002,SEED-SHOP-010,SEED-SHOP-010-2,10
GNY-002,SEED-SHOP-011,SEED-SHOP-011-1,10
GNY-002,SEED-SHOP-011,SEED-SHOP-011-2,10
GNY-002,SEED-SHOP-013,,8
GNY-002,SEED-SHOP-014,,0
GNY-002,SEED-SHOP-016,,0
GNY-002,SEED-SHOP-018,,0
GNY-002,SEED-SHOP-019,SEED-SHOP-019-1,1
GNY-002,SEED-SHOP-019,SEED-SHOP-019-2,5
GNY-002,SEED-SHOP-020,,0
GNY-002,SEED-SHOP-024,,5
GNY-002,SEED-SHOP-026,SEED-SHOP-026-1,2
GNY-002,SEED-SHOP-026,SEED-SHOP-026-2,1
GNY-002,SEED-SHOP-027,SEED-SHOP-027-1,0
GNY-002,SEED-SHOP-027,SEED-SHOP-027-2,0
GNY-002,SEED-SHOP-031,,9
GNY-002,SEED-SHOP-032,,0
GNY-002,SEED-SHOP-035,SEED-SHOP-035-1,0
GNY-002,SEED-SHOP-035,SEED-SHOP-035-2,10
GNY-002,SEED-SHOP-036,,8
GNY-002,SEED-SHOP-038,SEED-SHOP-038-1,6
GNY-002,SEED-SHOP-038,SEED-SHOP-038-2,12
GNY-002,SEED-SHOP-039,SEED-SHOP-039-1,0
GNY-002,SEED-SHOP-039,SEED-SHOP-039-2,2
GNY-002,SEED-SHOP-041,SEED-SHOP-041-1,10
GNY-002,SEED-SHOP-041,SEED-SHOP-041-2,11
GNY-002,SEED-SHOP-043,,0
GNY-002,SEED-SHOP-046,,7
GNY-002,SEED-SHOP-048,,3
GNY-002,SEED-SHOP-049,SEED-SHOP-049-1,12
GNY-002,SEED-SHOP-049,SEED-SHOP-049-2,7
GNY-002,SEED-SHOP-053,,9
GNY-002,SEED-SHOP-061,,10
GNY-002,SEED-SHOP-063,SEED-SHOP-063-1,11
GNY-002,SEED-SHOP-063,SEED-SHOP-063-2,1
GNY-002,SEED-SHOP-064,,0
GNY-002,SEED-SHOP-068,SEED-SHOP-068-1,11
GNY-002,SEED-SHOP-068,SEED-SHOP-068-2,0
GNY-002,SEED-SHOP-070,SEED-SHOP-070-1,7
GNY-002,SEED-SHOP-070,SEED-SHOP-070-2,8
GNY-002,SEED-SHOP-071,,6
GNY-002,SEED-SHOP-072,SEED-SHOP-072-1,7
GNY-002,SEED-SHOP-072,SEED-SHOP-072-2,0
GNY-002,SEED-SHOP-073,SEED-SHOP-073-1,10
GNY-002,SEED-SHOP-073,SEED-SHOP-073-2,2
GNY-002,SEED-SHOP-074,SEED-SHOP-074-1,6
GNY-002,SEED-SHOP-074,SEED-SHOP-074-2,0
GNY-002,SEED-SHOP-075,,0
GNY-002,SEED-SHOP-076,SEED-SHOP-076-1,6
GNY-002,SEED-SHOP-077,,0
GNY-002,SEED-SHOP-078,,0
GNY-002,SEED-SHOP-080,SEED-SHOP-080-1,8
GNY-003,SEED-SHOP-001,,12
GNY-003,SEED-SHOP-002,SEED-SHOP-002-1,6
GNY-003,SEED-SHOP-002,SEED-SHOP-002-2,3
GNY-003,SEED-SHOP-003,,0
GNY-003,SEED-SHOP-005,,4
GNY-003,SEED-SHOP-006,SEED-SHOP-006-1,7
GNY-003,SEED-SHOP-006,SEED-SHOP-006-2,0
GNY-003,SEED-SHOP-008,SEED-SHOP-008-1,0
GNY-003,SEED-SHOP-009,SEED-SHOP-009-1,5
GNY-003,SEED-SHOP-010,SEED-SHOP-010-1,1
GNY-003,SEED-SHOP-010,SEED-SHOP-010-2,11
GNY-003,SEED-SHOP-011,SEED-SHOP-011-1,5
GNY-003,SEED-SHOP-011,SEED-SHOP-011-2,5
GNY-003,SEED-SHOP-012,SEED-SHOP-012-1,4
GNY-003,SEED-SHOP-012,SEED-SHOP-012-2,9
GNY-003,SEED-SHOP-013,,1
GNY-003,SEED-SHOP-014,,0
GNY-003,SEED-SHOP-015,SEED-SHOP-015-1,7
GNY-003,SEED-SHOP-015,SEED-SHOP-015-2,0
GNY-003,SEED-SHOP-017,,5
GNY-003,SEED-SHOP-019,SEED-SHOP-019-1,0
GNY-003,SEED-SHOP-019,SEED-SHOP-019-2,0
GNY-003,SEED-SHOP-020,,8
GNY-003,SEED-SHOP-023,,10
GNY-003,SEED-SHOP-024,,9
GNY-003,SEED-SHOP-025,,1
GNY-003,SEED-SHOP-027,SEED-SHOP-027-1,8
GNY-003,SEED-SHOP-027,SEED-SHOP-027-2,0
GNY-003,SEED-SHOP-028,,3
GNY-003,SEED-SHOP-029,,2
GNY-003,SEED-SHOP-030,,12
GNY-003,SEED-SHOP-031,,0
GNY-003,SEED-SHOP-032,,10
GNY-003,SEED-SHOP-035,SEED-SHOP-035-1,8
GNY-003,SEED-SHOP-035,SEED-SHOP-035-2,9
GNY-003,SEED-SHOP-037,,11
GNY-003,SEED-SHOP-038,SEED-SHOP-038-1,0
GNY-003,SEED-SHOP-038,SEED-SHOP-038-2,5
GNY-003,SEED-SHOP-041,SEED-SHOP-041-1,6
GNY-003,SEED-SHOP-041,SEED-SHOP-041-2,0
GNY-003,SEED-SHOP-043,,1
GNY-003,SEED-SHOP-045,SEED-SHOP-045-1,1
GNY-003,SEED-SHOP-045,SEED-SHOP-045-2,0
GNY-003,SEED-SHOP-047,,0
GNY-003,SEED-SHOP-048,,11
GNY-003,SEED-SHOP-050,SEED-SHOP-050-1,2
GNY-003,SEED-SHOP-050,SEED-SHOP-050-2,0
GNY-003,SEED-SHOP-052,SEED-SHOP-052-1,0
GNY-003,SEED-SHOP-052,SEED-SHOP-052-2,10
GNY-003,SEED-SHOP-054,SEED-SHOP-054-1,11
GNY-003,SEED-SHOP-054,SEED-SHOP-054-2,9
GNY-003,SEED-SHOP-056,SEED-SHOP-056-1,0
GNY-003,SEED-SHOP-056,SEED-SHOP-056-2,2
GNY-003,SEED-SHOP-058,,0
GNY-003,SEED-SHOP-062,,0
GNY-003,SEED-SHOP-063,SEED-SHOP-063-1,0
GNY-003,SEED-SHOP-063,SEED-SHOP-063-2,0
GNY-003,SEED-SHOP-065,,3
GNY-003,SEED-SHOP-066,,1
GNY-003,SEED-SHOP-067,,0
GNY-003,SEED-SHOP-068,SEED-SHOP-068-1,0
GNY-003,SEED-SHOP-068,SEED-SHOP-068-2,0
GNY-003,SEED-SHOP-069,SEED-SHOP-069-1,5
GNY-003,SEED-SHOP-069,SEED-SHOP-069-2,9
GNY-003,SEED-SHOP-073,SEED-SHOP-073-1,4
GNY-003,SEED-SHOP-073,SEED-SHOP-073-2,3
GNY-003,SEED-SHOP-074,SEED-SHOP-074-1,12
GNY-003,SEED-SHOP-074,SEED-SHOP-074-2,0
GNY-003,SEED-SHOP-075,,7
GNY-003,SEED-SHOP-076,SEED-SHOP-076-1,2
GNY-003,SEED-SHOP-077,,0
GNY-003,SEED-SHOP-078,,0
GNY-003,SEED-SHOP-079,SEED-SHOP-079-1,0
GNY-003,SEED-SHOP-079,SEED-SHOP-079-2,10
GNY-004,SEED-SHOP-001,,6
GNY-004,SEED-SHOP-002,SEED-SHOP-002-1,8
GNY-004,SEED-SHOP-002,SEED-SHOP-002-2,7
GNY-004,SEED-SHOP-004,,2
GNY-004,SEED-SHOP-006,SEED-SHOP-006-1,1
GNY-004,SEED-SHOP-006,SEED-SHOP-006-2,5
GNY-004,SEED-SHOP-007,,0
GNY-004,SEED-SHOP-008,SEED-SHOP-008-1,0
GNY-004,SEED-SHOP-009,SEED-SHOP-009-1,0
GNY-004,SEED-SHOP-010,SEED-SHOP-010-1,2
GNY-004,SEED-SHOP-010,SEED-SHOP-010-2,9
GNY-004,SEED-SHOP-011,SEED-SHOP-011-1,12
GNY-004,SEED-SHOP-011,SEED-SHOP-011-2,0
GNY-004,SEED-SHOP-012,SEED-SHOP-012-1,6
GNY-004,SEED-SHOP-012,SEED-SHOP-012-2,4
GNY-004,SEED-SHOP-014,,2
GNY-004,SEED-SHOP-015,SEED-SHOP-015-1,1
GNY-004,SEED-SHOP-015,SEED-SHOP-015-2,6
GNY-004,SEED-SHOP-017,,2
GNY-004,SEED-SHOP-018,,10
GNY-004,SEED-SHOP-019,SEED-SHOP-019-1,4
GNY-004,SEED-SHOP-019,SEED-SHOP-019-2,12
GNY-004,SEED-SHOP-021,,0
GNY-004,SEED-SHOP-024,,10
GNY-004,SEED-SHOP-027,SEED-SHOP-027-1,0
GNY-004,SEED-SHOP-027,SEED-SHOP-027-2,0
GNY-004,SEED-SHOP-028,,2
GNY-004,SEED-SHOP-029,,12
GNY-004,SEED-SHOP-030,,8
GNY-004,SEED-SHOP-031,,12
GNY-004,SEED-SHOP-032,,0
GNY-004,SEED-SHOP-035,SEED-SHOP-035-1,0
GNY-004,SEED-SHOP-035,SEED-SHOP-035-2,0
GNY-004,SEED-SHOP-037,,10
GNY-004,SEED-SHOP-039,SEED-SHOP-039-1,12
GNY-004,SEED-SHOP-039,SEED-SHOP-039-2,10
GNY-004,SEED-SHOP-041,SEED-SHOP-041-1,0
GNY-004,SEED-SHOP-041,SEED-SHOP-041-2,4
GNY-004,SEED-SHOP-042,,0
GNY-004,SEED-SHOP-043,,0
GNY-004,SEED-SHOP-044,,0
GNY-004,SEED-SHOP-049,SEED-SHOP-049-1,10
GNY-004,SEED-SHOP-049,SEED-SHOP-049-2,4
GNY-004,SEED-SHOP-050,SEED-SHOP-050-1,2
GNY-004,SEED-SHOP-050,SEED-SHOP-050-2,3
GNY-004,SEED-SHOP-055,,11
GNY-004,SEED-SHOP-057,SEED-SHOP-057-1,8
GNY-004,SEED-SHOP-057,SEED-SHOP-057-2,0
GNY-004,SEED-SHOP-058,,0
GNY-004,SEED-SHOP-062,,6
GNY-004,SEED-SHOP-064,,0
GNY-004,SEED-SHOP-066,,8
GNY-004,SEED-SHOP-069,SEED-SHOP-069-1,1
GNY-004,SEED-SHOP-069,SEED-SHOP-069-2,6
GNY-004,SEED-SHOP-073,SEED-SHOP-073-1,9
GNY-004,SEED-SHOP-073,SEED-SHOP-073-2,8
GNY-004,SEED-SHOP-077,,5
GNY-004,SEED-SHOP-079,SEED-SHOP-079-1,0
GNY-004,SEED-SHOP-079,SEED-SHOP-079-2,0
GNY-005,SEED-SHOP-001,,0
GNY-005,SEED-SHOP-002,SEED-SHOP-002-1,7
GNY-005,SEED-SHOP-002,SEED-SHOP-002-2,0
GNY-005,SEED-SHOP-006,SEED-SHOP-006-1,1
GNY-005,SEED-SHOP-006,SEED-SHOP-006-2,4
GNY-005,SEED-SHOP-007,,9
GNY-005,SEED-SHOP-008,SEED-SHOP-008-1,0
GNY-005,SEED-SHOP-010,SEED-SHOP-010-1,12
GNY-005,SEED-SHOP-010,SEED-SHOP-010-2,4
GNY-005,SEED-SHOP-013,,0
GNY-005,SEED-SHOP-017,,11
GNY-005,SEED-SHOP-019,SEED-SHOP-019-1,0
GNY-005,SEED-SHOP-019,SEED-SHOP-019-2,7
GNY-005,SEED-SHOP-022,,11
GNY-005,SEED-SHOP-026,SEED-SHOP-026-1,6
GNY-005,SEED-SHOP-026,SEED-SHOP-026-2,0
GNY-005,SEED-SHOP-027,SEED-SHOP-027-1,4
GNY-005,SEED-SHOP-027,SEED-SHOP-027-2,0
GNY-005,SEED-SHOP-028,,0
GNY-005,SEED-SHOP-030,,12
GNY-005,SEED-SHOP-031,,12
GNY-005,SEED-SHOP-035,SEED-SHOP-035-1,6
GNY-005,SEED-SHOP-035,SEED-SHOP-035-2,6
GNY-005,SEED-SHOP-036,,3
GNY-005,SEED-SHOP-038,SEED-SHOP-038-1,5
GNY-005,SEED-SHOP-038,SEED-SHOP-038-2,9
GNY-005,SEED-SHOP-040,,10
GNY-005,SEED-SHOP-041,SEED-SHOP-041-1,4
GNY-005,SEED-SHOP-041,SEED-SHOP-041-2,9
GNY-005,SEED-SHOP-047,,0
GNY-005,SEED-SHOP-048,,1
GNY-005,SEED-SHOP-049,SEED-SHOP-049-1,4
GNY-005,SEED-SHOP-049,SEED-SHOP-049-2,0
GNY-005,SEED-SHOP-051,,11
GNY-005,SEED-SHOP-053,,4
GNY-005,SEED-SHOP-054,SEED-SHOP-054-1,11
GNY-005,SEED-SHOP-054,SEED-SHOP-054-2,12
GNY-005,SEED-SHOP-056,SEED-SHOP-056-1,11
GNY-005,SEED-SHOP-056,SEED-SHOP-056-2,3
GNY-005,SEED-SHOP-057,SEED-SHOP-057-1,5
GNY-005,SEED-SHOP-057,SEED-SHOP-057-2,11
GNY-005,SEED-SHOP-059,,0
GNY-005,SEED-SHOP-062,,7
GNY-005,SEED-SHOP-063,SEED-SHOP-063-1,0
GNY-005,SEED-SHOP-063,SEED-SHOP-063-2,8
GNY-005,SEED-SHOP-066,,0
GNY-005,SEED-SHOP-070,SEED-SHOP-070-1,9
GNY-005,SEED-SHOP-070,SEED-SHOP-070-2,1
GNY-005,SEED-SHOP-074,SEED-SHOP-074-1,3
GNY-005,SEED-SHOP-074,SEED-SHOP-074-2,12
GNY-005,SEED-SHOP-076,SEED-SHOP-076-1,10
GNY-006,SEED-SHOP-001,,10
GNY-006,SEED-SHOP-002,SEED-SHOP-002-1,0
GNY-006,SEED-SHOP-002,SEED-SHOP-002-2,3
GNY-006,SEED-SHOP-006,SEED-SHOP-006-1,4
GNY-006,SEED-SHOP-006,SEED-SHOP-006-2,0
GNY-006,SEED-SHOP-007,,0
GNY-006,SEED-SHOP-008,SEED-SHOP-008-1,0
GNY-006,SEED-SHOP-010,SEED-SHOP-010-1,9
GNY-006,SEED-SHOP-010,SEED-SHOP-010-2,6
GNY-006,SEED-SHOP-011,SEED-SHOP-011-1,3
GNY-006,SEED-SHOP-011,SEED-SHOP-011-2,3
GNY-006,SEED-SHOP-012,SEED-SHOP-012-1,8
GNY-006,SEED-SHOP-012,SEED-SHOP-012-2,0
GNY-006,SEED-SHOP-014,,1
GNY-006,SEED-SHOP-015,SEED-SHOP-015-1,12
GNY-006,SEED-SHOP-015,SEED-SHOP-015-2,7
GNY-006,SEED-SHOP-017,,0
GNY-006,SEED-SHOP-018,,0
GNY-006,SEED-SHOP-019,SEED-SHOP-019-1,1
GNY-006,SEED-SHOP-019,SEED-SHOP-019-2,11
GNY-006,SEED-SHOP-023,,11
GNY-006,SEED-SHOP-025,,1
GNY-006,SEED-SHOP-026,SEED-SHOP-026-1,0
GNY-006,SEED-SHOP-026,SEED-SHOP-026-2,10
GNY-006,SEED-SHOP-028,,0
GNY-006,SEED-SHOP-030,,0
GNY-006,SEED-SHOP-032,,0
GNY-006,SEED-SHOP-034,SEED-SHOP-034-1,9
GNY-006,SEED-SHOP-034,SEED-SHOP-034-2,7
GNY-006,SEED-SHOP-035,SEED-SHOP-035-1,2
GNY-006,SEED-SHOP-035,SEED-SHOP-035-2,12
GNY-006,SEED-SHOP-036,,11
GNY-006,SEED-SHOP-038,SEED-SHOP-038-1,0
GNY-006,SEED-SHOP-038,SEED-SHOP-038-2,5
GNY-006,SEED-SHOP-040,,11
GNY-006,SEED-SHOP-041,SEED-SHOP-041-1,0
GNY-006,SEED-SHOP-041,SEED-SHOP-041-2,2
GNY-006,SEED-SHOP-044,,9
GNY-006,SEED-SHOP-045,SEED-SHOP-045-1,0
GNY-006,SEED-SHOP-045,SEED-SHOP-045-2,1
GNY-006,SEED-SHOP-046,,0
GNY-006,SEED-SHOP-047,,0
GNY-006,SEED-SHOP-048,,9
GNY-006,SEED-SHOP-049,SEED-SHOP-049-1,0
GNY-006,SEED-SHOP-049,SEED-SHOP-049-2,6
GNY-006,SEED-SHOP-051,,11
GNY-006,SEED-SHOP-054,SEED-SHOP-054-1,10
GNY-006,SEED-SHOP-054,SEED-SHOP-054-2,6
GNY-006,SEED-SHOP-055,,0
GNY-006,SEED-SHOP-059,,1
GNY-006,SEED-SHOP-063,SEED-SHOP-063-1,12
GNY-006,SEED-SHOP-063,SEED-SHOP-063-2,10
GNY-006,SEED-SHOP-064,,10
GNY-006,SEED-SHOP-066,,7
GNY-006,SEED-SHOP-067,,12
GNY-006,SEED-SHOP-069,SEED-SHOP-069-1,0
GNY-006,SEED-SHOP-069,SEED-SHOP-069-2,12
GNY-006,SEED-SHOP-070,SEED-SHOP-070-1,11
GNY-006,SEED-SHOP-070,SEED-SHOP-070-2,9
GNY-006,SEED-SHOP-071,,4
GNY-006,SEED-SHOP-072,SEED-SHOP-072-1,12
GNY-006,SEED-SHOP-072,SEED-SHOP-072-2,8
GNY-006,SEED-SHOP-073,SEED-SHOP-073-1,10
GNY-006,SEED-SHOP-073,SEED-SHOP-073-2,7
GNY-006,SEED-SHOP-077,,0
GNY-006,SEED-SHOP-078,,6
GNY-006,SEED-SHOP-080,SEED-SHOP-080-1,0
GNY-007,SEED-SHOP-001,,2
GNY-007,SEED-SHOP-002,SEED-SHOP-002-1,0
GNY-007,SEED-SHOP-002,SEED-SHOP-002-2,12
GNY-007,SEED-SHOP-003,,8
GNY-007,SEED-SHOP-004,,7
GNY-007,SEED-SHOP-005,,3
GNY-007,SEED-SHOP-006,SEED-SHOP-006-1,5
GNY-007,SEED-SHOP-006,SEED-SHOP-006-2,8
GNY-007,SEED-SHOP-007,,11
GNY-007,SEED-SHOP-009,SEED-SHOP-009-1,0
GNY-007,SEED-SHOP-010,SEED-SHOP-010-1,8
GNY-007,SEED-SHOP-010,SEED-SHOP-010-2,1
GNY-007,SEED-SHOP-011,SEED-SHOP-011-1,5
GNY-007,SEED-SHOP-011,SEED-SHOP-011-2,10
GNY-007,SEED-SHOP-012,SEED-SHOP-012-1,5
GNY-007,SEED-SHOP-012,SEED-SHOP-012-2,10
GNY-007,SEED-SHOP-015,SEED-SHOP-015-1,5
GNY-007,SEED-SHOP-015,SEED-SHOP-015-2,10
GNY-007,SEED-SHOP-016,,0
GNY-007,SEED-SHOP-017,,0
GNY-007,SEED-SHOP-018,,10
GNY-007,SEED-SHOP-019,SEED-SHOP-019-1,0
GNY-007,SEED-SHOP-019,SEED-SHOP-019-2,1
GNY-007,SEED-SHOP-021,,6
GNY-007,SEED-SHOP-025,,0
GNY-007,SEED-SHOP-026,SEED-SHOP-026-1,3
GNY-007,SEED-SHOP-026,SEED-SHOP-026-2,6
GNY-007,SEED-SHOP-027,SEED-SHOP-027-1,0
GNY-007,SEED-SHOP-027,SEED-SHOP-027-2,2
GNY-007,SEED-SHOP-029,,0
GNY-007,SEED-SHOP-031,,4
GNY-007,SEED-SHOP-032,,0
GNY-007,SEED-SHOP-033,SEED-SHOP-033-1,0
GNY-007,SEED-SHOP-033,SEED-SHOP-033-2,10
GNY-007,SEED-SHOP-034,SEED-SHOP-034-1,10
GNY-007,SEED-SHOP-034,SEED-SHOP-034-2,11
GNY-007,SEED-SHOP-036,,1
GNY-007,SEED-SHOP-039,SEED-SHOP-039-1,7
GNY-007,SEED-SHOP-039,SEED-SHOP-039-2,6
GNY-007,SEED-SHOP-040,,9
GNY-007,SEED-SHOP-042,,0
GNY-007,SEED-SHOP-044,,0
GNY-007,SEED-SHOP-048,,3
GNY-007,SEED-SHOP-049,SEED-SHOP-049-1,0
GNY-007,SEED-SHOP-049,SEED-SHOP-049-2,6
GNY-007,SEED-SHOP-053,,3
GNY-007,SEED-SHOP-054,SEED-SHOP-054-1,2
GNY-007,SEED-SHOP-054,SEED-SHOP-054-2,0
GNY-007,SEED-SHOP-055,,2
GNY-007,SEED-SHOP-058,,0
GNY-007,SEED-SHOP-059,,0
GNY-007,SEED-SHOP-061,,1
GNY-007,SEED-SHOP-062,,6
GNY-007,SEED-SHOP-064,,10
GNY-007,SEED-SHOP-065,,12
GNY-007,SEED-SHOP-066,,0
GNY-007,SEED-SHOP-068,SEED-SHOP-068-1,0
GNY-007,SEED-SHOP-068,SEED-SHOP-068-2,1
GNY-007,SEED-SHOP-069,SEED-SHOP-069-1,0
GNY-007,SEED-SHOP-069,SEED-SHOP-069-2,9
GNY-007,SEED-SHOP-071,,2
GNY-007,SEED-SHOP-075,,9
GNY-007,SEED-SHOP-076,SEED-SHOP-076-1,0
GNY-007,SEED-SHOP-079,SEED-SHOP-079-1,3
GNY-007,SEED-SHOP-079,SEED-SHOP-079-2,11
GNY-007,SEED-SHOP-080,SEED-SHOP-080-1,6
GNY-008,SEED-SHOP-001,,9
GNY-008,SEED-SHOP-002,SEED-SHOP-002-1,1
GNY-008,SEED-SHOP-002,SEED-SHOP-002-2,0
GNY-008,SEED-SHOP-004,,0
GNY-008,SEED-SHOP-006,SEED-SHOP-006-1,11
GNY-008,SEED-SHOP-006,SEED-SHOP-006-2,12
GNY-008,SEED-SHOP-007,,0
GNY-008,SEED-SHOP-009,SEED-SHOP-009-1,6
GNY-008,SEED-SHOP-010,SEED-SHOP-010-1,6
GNY-008,SEED-SHOP-010,SEED-SHOP-010-2,11
GNY-008,SEED-SHOP-013,,0
GNY-008,SEED-SHOP-015,SEED-SHOP-015-1,1
GNY-008,SEED-SHOP-015,SEED-SHOP-015-2,0
GNY-008,SEED-SHOP-017,,12
GNY-008,SEED-SHOP-018,,0
GNY-008,SEED-SHOP-020,,0
GNY-008,SEED-SHOP-021,,5
GNY-008,SEED-SHOP-022,,0
GNY-008,SEED-SHOP-024,,0
GNY-008,SEED-SHOP-025,,3
GNY-008,SEED-SHOP-027,SEED-SHOP-027-1,5
GNY-008,SEED-SHOP-027,SEED-SHOP-027-2,7
GNY-008,SEED-SHOP-028,,7
GNY-008,SEED-SHOP-030,,8
GNY-008,SEED-SHOP-034,SEED-SHOP-034-1,2
GNY-008,SEED-SHOP-034,SEED-SHOP-034-2,8
GNY-008,SEED-SHOP-035,SEED-SHOP-035-1,0
GNY-008,SEED-SHOP-035,SEED-SHOP-035-2,6
GNY-008,SEED-SHOP-036,,6
GNY-008,SEED-SHOP-037,,7
GNY-008,SEED-SHOP-040,,5
GNY-008,SEED-SHOP-041,SEED-SHOP-041-1,11
GNY-008,SEED-SHOP-041,SEED-SHOP-041-2,0
GNY-008,SEED-SHOP-043,,9
GNY-008,SEED-SHOP-044,,11
GNY-008,SEED-SHOP-045,SEED-SHOP-045-1,2
GNY-008,SEED-SHOP-045,SEED-SHOP-045-2,2
GNY-008,SEED-SHOP-047,,0
GNY-008,SEED-SHOP-048,,4
GNY-008,SEED-SHOP-049,SEED-SHOP-049-1,2
GNY-008,SEED-SHOP-049,SEED-SHOP-049-2,4
GNY-008,SEED-SHOP-051,,0
GNY-008,SEED-SHOP-054,SEED-SHOP-054-1,2
GNY-008,SEED-SHOP-054,SEED-SHOP-054-2,0
GNY-008,SEED-SHOP-055,,8
GNY-008,SEED-SHOP-057,SEED-SHOP-057-1,9
GNY-008,SEED-SHOP-057,SEED-SHOP-057-2,0
GNY-008,SEED-SHOP-058,,0
GNY-008,SEED-SHOP-060,,11
GNY-008,SEED-SHOP-062,,3
GNY-008,SEED-SHOP-064,,0
GNY-008,SEED-SHOP-065,,0
GNY-008,SEED-SHOP-067,,4
GNY-008,SEED-SHOP-068,SEED-SHOP-068-1,3
GNY-008,SEED-SHOP-068,SEED-SHOP-068-2,7
GNY-008,SEED-SHOP-070,SEED-SHOP-070-1,12
GNY-008,SEED-SHOP-070,SEED-SHOP-070-2,7
GNY-008,SEED-SHOP-072,SEED-SHOP-072-1,0
GNY-008,SEED-SHOP-072,SEED-SHOP-072-2,0
GNY-008,SEED-SHOP-073,SEED-SHOP-073-1,0
GNY-008,SEED-SHOP-073,SEED-SHOP-073-2,0
GNY-008,SEED-SHOP-074,SEED-SHOP-074-1,6
GNY-008,SEED-SHOP-074,SEED-SHOP-074-2,12
GNY-008,SEED-SHOP-075,,6
GNY-008,SEED-SHOP-077,,7
GNY-008,SEED-SHOP-078,,7
GNY-008,SEED-SHOP-079,SEED-SHOP-079-1,12
GNY-008,SEED-SHOP-079,SEED-SHOP-079-2,5
GNY-008,SEED-SHOP-080,SEED-SHOP-080-1,0
KKG-001,SEED-SHOP-001,,3
KKG-001,SEED-SHOP-002,SEED-SHOP-002-1,12
KKG-001,SEED-SHOP-002,SEED-SHOP-002-2,4
KKG-001,SEED-SHOP-003,,6
KKG-001,SEED-SHOP-004,,0
KKG-001,SEED-SHOP-007,,0
KKG-001,SEED-SHOP-008,SEED-SHOP-008-1,0
KKG-001,SEED-SHOP-010,SEED-SHOP-010-1,3
KKG-001,SEED-SHOP-010,SEED-SHOP-010-2,11
KKG-001,SEED-SHOP-011,SEED-SHOP-011-1,8
KKG-001,SEED-SHOP-011,SEED-SHOP-011-2,4
KKG-001,SEED-SHOP-014,,0
KKG-001,SEED-SHOP-016,,0
KKG-001,SEED-SHOP-017,,3
KKG-001,SEED-SHOP-019,SEED-SHOP-019-1,12
KKG-001,SEED-SHOP-019,SEED-SHOP-019-2,0
KKG-001,SEED-SHOP-020,,5
KKG-001,SEED-SHOP-021,,0
KKG-001,SEED-SHOP-022,,8
KKG-001,SEED-SHOP-024,,11
KKG-001,SEED-SHOP-025,,0
KKG-001,SEED-SHOP-026,SEED-SHOP-026-1,0
KKG-001,SEED-SHOP-026,SEED-SHOP-026-2,0
KKG-001,SEED-SHOP-028,,10
KKG-001,SEED-SHOP-029,,0
KKG-001,SEED-SHOP-031,,0
KKG-001,SEED-SHOP-033,SEED-SHOP-033-1,4
KKG-001,SEED-SHOP-033,SEED-SHOP-033-2,6
KKG-001,SEED-SHOP-034,SEED-SHOP-034-1,11
KKG-001,SEED-SHOP-034,SEED-SHOP-034-2,0
KKG-001,SEED-SHOP-035,SEED-SHOP-035-1,2
KKG-001,SEED-SHOP-035,SEED-SHOP-035-2,4
KKG-001,SEED-SHOP-037,,6
KKG-001,SEED-SHOP-038,SEED-SHOP-038-1,2
KKG-001,SEED-SHOP-038,SEED-SHOP-038-2,0
KKG-001,SEED-SHOP-039,SEED-SHOP-039-1,2
KKG-001,SEED-SHOP-039,SEED-SHOP-039-2,6
KKG-001,SEED-SHOP-040,,12
KKG-001,SEED-SHOP-041,SEED-SHOP-041-1,6
KKG-001,SEED-SHOP-041,SEED-SHOP-041-2,7
KKG-001,SEED-SHOP-045,SEED-SHOP-045-1,7
KKG-001,SEED-SHOP-045,SEED-SHOP-045-2,5
KKG-001,SEED-SHOP-046,,0
KKG-001,SEED-SHOP-047,,0
KKG-001,SEED-SHOP-050,SEED-SHOP-050-1,7
KKG-001,SEED-SHOP-050,SEED-SHOP-050-2,2
KKG-001,SEED-SHOP-051,,0
KKG-001,SEED-SHOP-054,SEED-SHOP-054-1,12
KKG-001,SEED-SHOP-054,SEED-SHOP-054-2,10
KKG-001,SEED-SHOP-055,,0
KKG-001,SEED-SHOP-056,SEED-SHOP-056-1,11
KKG-001,SEED-SHOP-056,SEED-SHOP-056-2,4
KKG-001,SEED-SHOP-057,SEED-SHOP-057-1,3
KKG-001,SEED-SHOP-057,SEED-SHOP-057-2,9
KKG-001,SEED-SHOP-058,,0
KKG-001,SEED-SHOP-060,,4
KKG-001,SEED-SHOP-062,,11
KKG-001,SEED-SHOP-064,,0
KKG-001,SEED-SHOP-069,SEED-SHOP-069-1,11
KKG-001,SEED-SHOP-069,SEED-SHOP-069-2,10
KKG-001,SEED-SHOP-071,,9
KKG-001,SEED-SHOP-072,SEED-SHOP-072-1,0
KKG-001,SEED-SHOP-072,SEED-SHOP-072-2,4
KKG-001,SEED-SHOP-073,SEED-SHOP-073-1,8
KKG-001,SEED-SHOP-073,SEED-SHOP-073-2,1
KKG-001,SEED-SHOP-077,,0
KKG-001,SEED-SHOP-080,SEED-SHOP-080-1,0
KKG-002,SEED-SHOP-001,,8
KKG-002,SEED-SHOP-003,,4
KKG-002,SEED-SHOP-004,,4
KKG-002,SEED-SHOP-007,,1
KKG-002,SEED-SHOP-009,SEED-SHOP-009-1,4
KKG-002,SEED-SHOP-010,SEED-SHOP-010-1,10
KKG-002,SEED-SHOP-010,SEED-SHOP-010-2,0
KKG-002,SEED-SHOP-011,SEED-SHOP-011-1,0
KKG-002,SEED-SHOP-011,SEED-SHOP-011-2,9
KKG-002,SEED-SHOP-012,SEED-SHOP-012-1,7
KKG-002,SEED-SHOP-012,SEED-SHOP-012-2,1
KKG-002,SEED-SHOP-013,,0
KKG-002,SEED-SHOP-016,,0
KKG-002,SEED-SHOP-018,,0
KKG-002,SEED-SHOP-023,,9
KKG-002,SEED-SHOP-024,,1
KKG-002,SEED-SHOP-025,,2
KKG-002,SEED-SHOP-028,,0
KKG-002,SEED-SHOP-029,,10
KKG-002,SEED-SHOP-030,,9
KKG-002,SEED-SHOP-031,,10
KKG-002,SEED-SHOP-035,SEED-SHOP-035-1,0
KKG-002,SEED-SHOP-035,SEED-SHOP-035-2,12
KKG-002,SEED-SHOP-038,SEED-SHOP-038-1,4
KKG-002,SEED-SHOP-038,SEED-SHOP-038-2,10
KKG-002,SEED-SHOP-039,SEED-SHOP-039-1,1
KKG-002,SEED-SHOP-039,SEED-SHOP-039-2,10
KKG-002,SEED-SHOP-044,,6
KKG-002,SEED-SHOP-047,,0
KKG-002,SEED-SHOP-048,,7
KKG-002,SEED-SHOP-049,SEED-SHOP-049-1,0
KKG-002,SEED-SHOP-049,SEED-SHOP-049-2,4
KKG-002,SEED-SHOP-050,SEED-SHOP-050-1,0
KKG-002,SEED-SHOP-050,SEED-SHOP-050-2,5
KKG-002,SEED-SHOP-051,,0
KKG-002,SEED-SHOP-053,,5
KKG-002,SEED-SHOP-055,,3
KKG-002,SEED-SHOP-057,SEED-SHOP-057-1,0
KKG-002,SEED-SHOP-057,SEED-SHOP-057-2,11
KKG-002,SEED-SHOP-061,,10
KKG-002,SEED-SHOP-062,,0
KKG-002,SEED-SHOP-065,,10
KKG-002,SEED-SHOP-070,SEED-SHOP-070-1,1
KKG-002,SEED-SHOP-070,SEED-SHOP-070-2,6
KKG-002,SEED-SHOP-071,,1
KKG-002,SEED-SHOP-073,SEED-SHOP-073-1,0
KKG-002,SEED-SHOP-073,SEED-SHOP-073-2,3
KKG-002,SEED-SHOP-076,SEED-SHOP-076-1,11
KKG-002,SEED-SHOP-079,SEED-SHOP-079-1,7
KKG-002,SEED-SHOP-079,SEED-SHOP-079-2,0
KKG-003,SEED-SHOP-002,SEED-SHOP-002-1,5
KKG-003,SEED-SHOP-002,SEED-SHOP-002-2,3
KKG-003,SEED-SHOP-008,SEED-SHOP-008-1,0
KKG-003,SEED-SHOP-010,SEED-SHOP-010-1,4
KKG-003,SEED-SHOP-010,SEED-SHOP-010-2,9
KKG-003,SEED-SHOP-011,SEED-SHOP-011-1,1
KKG-003,SEED-SHOP-011,SEED-SHOP-011-2,0
KKG-003,SEED-SHOP-012,SEED-SHOP-012-1,5
KKG-003,SEED-SHOP-012,SEED-SHOP-012-2,0
KKG-003,SEED-SHOP-013,,0
KKG-003,SEED-SHOP-014,,11
KKG-003,SEED-SHOP-015,SEED-SHOP-015-1,11
KKG-003,SEED-SHOP-015,SEED-SHOP-015-2,1
KKG-003,SEED-SHOP-016,,0
KKG-003,SEED-SHOP-018,,9
KKG-003,SEED-SHOP-021,,0
KKG-003,SEED-SHOP-023,,8
KKG-003,SEED-SHOP-027,SEED-SHOP-027-1,12
KKG-003,SEED-SHOP-027,SEED-SHOP-027-2,7
KKG-003,SEED-SHOP-029,,6
KKG-003,SEED-SHOP-030,,5
KKG-003,SEED-SHOP-032,,8
KKG-003,SEED-SHOP-033,SEED-SHOP-033-1,11
KKG-003,SEED-SHOP-033,SEED-SHOP-033-2,9
KKG-003,SEED-SHOP-035,SEED-SHOP-035-1,8
KKG-003,SEED-SHOP-035,SEED-SHOP-035-2,8
KKG-003,SEED-SHOP-036,,3
KKG-003,SEED-SHOP-037,,7
KKG-003,SEED-SHOP-038,SEED-SHOP-038-1,0
KKG-003,SEED-SHOP-038,SEED-SHOP-038-2,1
KKG-003,SEED-SHOP-040,,10
KKG-003,SEED-SHOP-041,SEED-SHOP-041-1,0
KKG-003,SEED-SHOP-041,SEED-SHOP-041-2,0
KKG-003,SEED-SHOP-044,,0
KKG-003,SEED-SHOP-045,SEED-SHOP-045-1,9
KKG-003,SEED-SHOP-045,SEED-SHOP-045-2,1
KKG-003,SEED-SHOP-046,,0
KKG-003,SEED-SHOP-048,,8
KKG-003,SEED-SHOP-050,SEED-SHOP-050-1,12
KKG-003,SEED-SHOP-050,SEED-SHOP-050-2,6
KKG-003,SEED-SHOP-051,,0
KKG-003,SEED-SHOP-055,,2
KKG-003,SEED-SHOP-057,SEED-SHOP-057-1,7
KKG-003,SEED-SHOP-057,SEED-SHOP-057-2,8
KKG-003,SEED-SHOP-058,,0
KKG-003,SEED-SHOP-059,,0
KKG-003,SEED-SHOP-062,,12
KKG-003,SEED-SHOP-063,SEED-SHOP-063-1,0
KKG-003,SEED-SHOP-063,SEED-SHOP-063-2,0
KKG-003,SEED-SHOP-065,,0
KKG-003,SEED-SHOP-067,,3
KKG-003,SEED-SHOP-068,SEED-SHOP-068-1,1
KKG-003,SEED-SHOP-068,SEED-SHOP-068-2,8
KKG-003,SEED-SHOP-069,SEED-SHOP-069-1,3
KKG-003,SEED-SHOP-069,SEED-SHOP-069-2,0
KKG-003,SEED-SHOP-070,SEED-SHOP-070-1,0
KKG-003,SEED-SHOP-070,SEED-SHOP-070-2,6
KKG-003,SEED-SHOP-072,SEED-SHOP-072-1,3
KKG-003,SEED-SHOP-072,SEED-SHOP-072-2,1
KKG-003,SEED-SHOP-075,,2
KKG-003,SEED-SHOP-076,SEED-SHOP-076-1,2
KKG-003,SEED-SHOP-077,,6
KKG-003,SEED-SHOP-078,,6
KKG-004,SEED-SHOP-001,,12
KKG-004,SEED-SHOP-006,SEED-SHOP-006-1,0
KKG-004,SEED-SHOP-006,SEED-SHOP-006-2,5
KKG-004,SEED-SHOP-007,,0
KKG-004,SEED-SHOP-008,SEED-SHOP-008-1,0
KKG-004,SEED-SHOP-010,SEED-SHOP-010-1,2
KKG-004,SEED-SHOP-010,SEED-SHOP-010-2,11
KKG-004,SEED-SHOP-011,SEED-SHOP-011-1,0
KKG-004,SEED-SHOP-011,SEED-SHOP-011-2,10
KKG-004,SEED-SHOP-013,,0
KKG-004,SEED-SHOP-014,,0
KKG-004,SEED-SHOP-015,SEED-SHOP-015-1,0
KKG-004,SEED-SHOP-015,SEED-SHOP-015-2,1
KKG-004,SEED-SHOP-016,,0
KKG-004,SEED-SHOP-017,,0
KKG-004,SEED-SHOP-019,SEED-SHOP-019-1,8
KKG-004,SEED-SHOP-019,SEED-SHOP-019-2,11
KKG-004,SEED-SHOP-020,,11
KKG-004,SEED-SHOP-022,,9
KKG-004,SEED-SHOP-023,,0
KKG-004,SEED-SHOP-024,,1
KKG-004,SEED-SHOP-026,SEED-SHOP-026-1,8
KKG-004,SEED-SHOP-026,SEED-SHOP-026-2,0
KKG-004,SEED-SHOP-027,SEED-SHOP-027-1,10
KKG-004,SEED-SHOP-027,SEED-SHOP-027-2,0
KKG-004,SEED-SHOP-028,,3
KKG-004,SEED-SHOP-031,,7
KKG-004,SEED-SHOP-034,SEED-SHOP-034-1,8
KKG-004,SEED-SHOP-034,SEED-SHOP-034-2,0
KKG-004,SEED-SHOP-035,SEED-SHOP-035-1,8
KKG-004,SEED-SHOP-035,SEED-SHOP-035-2,8
KKG-004,SEED-SHOP-044,,1
KKG-004,SEED-SHOP-045,SEED-SHOP-045-1,0
KKG-004,SEED-SHOP-045,SEED-SHOP-045-2,8
KKG-004,SEED-SHOP-046,,8
KKG-004,SEED-SHOP-047,,0
KKG-004,SEED-SHOP-049,SEED-SHOP-049-1,11
KKG-004,SEED-SHOP-049,SEED-SHOP-049-2,8
KKG-004,SEED-SHOP-050,SEED-SHOP-050-1,10
KKG-004,SEED-SHOP-050,SEED-SHOP-050-2,0
KKG-004,SEED-SHOP-056,SEED-SHOP-056-1,10
KKG-004,SEED-SHOP-056,SEED-SHOP-056-2,0
KKG-004,SEED-SHOP-059,,0
KKG-004,SEED-SHOP-060,,2
KKG-004,SEED-SHOP-061,,1
KKG-004,SEED-SHOP-062,,0
KKG-004,SEED-SHOP-063,SEED-SHOP-063-1,11
KKG-004,SEED-SHOP-063,SEED-SHOP-063-2,10
KKG-004,SEED-SHOP-064,,1
KKG-004,SEED-SHOP-065,,6
KKG-004,SEED-SHOP-067,,4
KKG-004,SEED-SHOP-070,SEED-SHOP-070-1,3
KKG-004,SEED-SHOP-070,SEED-SHOP-070-2,0
KKG-004,SEED-SHOP-072,SEED-SHOP-072-1,0
KKG-004,SEED-SHOP-072,SEED-SHOP-072-2,6
KKG-004,SEED-SHOP-074,SEED-SHOP-074-1,6
KKG-004,SEED-SHOP-074,SEED-SHOP-074-2,7
KKG-004,SEED-SHOP-077,,3
KKG-004,SEED-SHOP-078,,12
KKG-004,SEED-SHOP-079,SEED-SHOP-079-1,9
KKG-004,SEED-SHOP-079,SEED-SHOP-079-2,0
KKG-004,SEED-SHOP-080,SEED-SHOP-080-1,2
KKG-005,SEED-SHOP-002,SEED-SHOP-002-1,3
KKG-005,SEED-SHOP-002,SEED-SHOP-002-2,0
KKG-005,SEED-SHOP-005,,3
KKG-005,SEED-SHOP-007,,0
KKG-005,SEED-SHOP-010,SEED-SHOP-010-1,10
KKG-005,SEED-SHOP-010,SEED-SHOP-010-2,10
KKG-005,SEED-SHOP-013,,0
KKG-005,SEED-SHOP-016,,7
KKG-005,SEED-SHOP-017,,0
KKG-005,SEED-SHOP-019,SEED-SHOP-019-1,8
KKG-005,SEED-SHOP-019,SEED-SHOP-019-2,8
KKG-005,SEED-SHOP-020,,2
KKG-005,SEED-SHOP-023,,6
KKG-005,SEED-SHOP-025,,0
KKG-005,SEED-SHOP-028,,9
KKG-005,SEED-SHOP-029,,0
KKG-005,SEED-SHOP-030,,1
KKG-005,SEED-SHOP-031,,7
KKG-005,SEED-SHOP-032,,0
KKG-005,SEED-SHOP-033,SEED-SHOP-033-1,0
KKG-005,SEED-SHOP-033,SEED-SHOP-033-2,6
KKG-005,SEED-SHOP-035,SEED-SHOP-035-1,12
KKG-005,SEED-SHOP-035,SEED-SHOP-035-2,9
KKG-005,SEED-SHOP-040,,6
KKG-005,SEED-SHOP-044,,4
KKG-005,SEED-SHOP-046,,12
KKG-005,SEED-SHOP-050,SEED-SHOP-050-1,0
KKG-005,SEED-SHOP-050,SEED-SHOP-050-2,5
KKG-005,SEED-SHOP-052,SEED-SHOP-052-1,0
KKG-005,SEED-SHOP-052,SEED-SHOP-052-2,7
KKG-005,SEED-SHOP-053,,10
KKG-005,SEED-SHOP-055,,4
KKG-005,SEED-SHOP-057,SEED-SHOP-057-1,9
KKG-005,SEED-SHOP-057,SEED-SHOP-057-2,7
KKG-005,SEED-SHOP-058,,0
KKG-005,SEED-SHOP-059,,4
KKG-005,SEED-SHOP-060,,8
KKG-005,SEED-SHOP-061,,2
KKG-005,SEED-SHOP-062,,10
KKG-005,SEED-SHOP-065,,10
KKG-005,SEED-SHOP-068,SEED-SHOP-068-1,4
KKG-005,SEED-SHOP-068,SEED-SHOP-068-2,1
KKG-005,SEED-SHOP-069,SEED-SHOP-069-1,8
KKG-005,SEED-SHOP-069,SEED-SHOP-069-2,4
KKG-005,SEED-SHOP-071,,2
KKG-005,SEED-SHOP-074,SEED-SHOP-074-1,4
KKG-005,SEED-SHOP-074,SEED-SHOP-074-2,8
KKG-005,SEED-SHOP-076,SEED-SHOP-076-1,12
KKG-005,SEED-SHOP-077,,0
KKG-006,SEED-SHOP-001,,2
KKG-006,SEED-SHOP-003,,9
KKG-006,SEED-SHOP-005,,0
KKG-006,SEED-SHOP-006,SEED-SHOP-006-1,5
KKG-006,SEED-SHOP-006,SEED-SHOP-006-2,10
KKG-006,SEED-SHOP-008,SEED-SHOP-008-1,0
KKG-006,SEED-SHOP-009,SEED-SHOP-009-1,0
KKG-006,SEED-SHOP-010,SEED-SHOP-010-1,9
KKG-006,SEED-SHOP-010,SEED-SHOP-010-2,0
KKG-006,SEED-SHOP-011,SEED-SHOP-011-1,0
KKG-006,SEED-SHOP-011,SEED-SHOP-011-2,4
KKG-006,SEED-SHOP-012,SEED-SHOP-012-1,11
KKG-006,SEED-SHOP-012,SEED-SHOP-012-2,0
KKG-006,SEED-SHOP-014,,5
KKG-006,SEED-SHOP-016,,0
KKG-006,SEED-SHOP-017,,0
KKG-006,SEED-SHOP-021,,11
KKG-006,SEED-SHOP-023,,5
KKG-006,SEED-SHOP-025,,2
KKG-006,SEED-SHOP-026,SEED-SHOP-026-1,0
KKG-006,SEED-SHOP-026,SEED-SHOP-026-2,0
KKG-006,SEED-SHOP-027,SEED-SHOP-027-1,6
KKG-006,SEED-SHOP-027,SEED-SHOP-027-2,0
KKG-006,SEED-SHOP-028,,12
KKG-006,SEED-SHOP-029,,10
KKG-006,SEED-SHOP-030,,11
KKG-006,SEED-SHOP-032,,0
KKG-006,SEED-SHOP-033,SEED-SHOP-033-1,0
KKG-006,SEED-SHOP-033,SEED-SHOP-033-2,6
KKG-006,SEED-SHOP-034,SEED-SHOP-034-1,0
KKG-006,SEED-SHOP-034,SEED-SHOP-034-2,2
KKG-006,SEED-SHOP-038,SEED-SHOP-038-1,0
KKG-006,SEED-SHOP-038,SEED-SHOP-038-2,8
KKG-006,SEED-SHOP-039,SEED-SHOP-039-1,9
KKG-006,SEED-SHOP-039,SEED-SHOP-039-2,0
KKG-006,SEED-SHOP-040,,5
KKG-006,SEED-SHOP-042,,0
KKG-006,SEED-SHOP-044,,9
KKG-006,SEED-SHOP-045,SEED-SHOP-045-1,0
KKG-006,SEED-SHOP-045,SEED-SHOP-045-2,3
KKG-006,SEED-SHOP-047,,0
KKG-006,SEED-SHOP-048,,1
KKG-006,SEED-SHOP-049,SEED-SHOP-049-1,0
KKG-006,SEED-SHOP-049,SEED-SHOP-049-2,0
KKG-006,SEED-SHOP-051,,12
KKG-006,SEED-SHOP-052,SEED-SHOP-052-1,9
KKG-006,SEED-SHOP-052,SEED-SHOP-052-2,10
KKG-006,SEED-SHOP-053,,8
KKG-006,SEED-SHOP-057,SEED-SHOP-057-1,1
KKG-006,SEED-SHOP-057,SEED-SHOP-057-2,1
KKG-006,SEED-SHOP-060,,1
KKG-006,SEED-SHOP-062,,1
KKG-006,SEED-SHOP-063,SEED-SHOP-063-1,4
KKG-006,SEED-SHOP-063,SEED-SHOP-063-2,8
KKG-006,SEED-SHOP-064,,2
KKG-006,SEED-SHOP-066,,2
KKG-006,SEED-SHOP-068,SEED-SHOP-068-1,3
KKG-006,SEED-SHOP-068,SEED-SHOP-068-2,5
KKG-006,SEED-SHOP-069,SEED-SHOP-069-1,0
KKG-006,SEED-SHOP-069,SEED-SHOP-069-2,10
KKG-006,SEED-SHOP-070,SEED-SHOP-070-1,3
KKG-006,SEED-SHOP-070,SEED-SHOP-070-2,8
KKG-006,SEED-SHOP-072,SEED-SHOP-072-1,2
KKG-006,SEED-SHOP-072,SEED-SHOP-072-2,4
KKG-006,SEED-SHOP-073,SEED-SHOP-073-1,11
KKG-006,SEED-SHOP-073,SEED-SHOP-073-2,5
KKG-006,SEED-SHOP-079,SEED-SHOP-079-1,12
KKG-006,SEED-SHOP-079,SEED-SHOP-079-2,7
KKG-007,SEED-SHOP-005,,0
KKG-007,SEED-SHOP-006,SEED-SHOP-006-1,2
KKG-007,SEED-SHOP-006,SEED-SHOP-006-2,4
KKG-007,SEED-SHOP-007,,7
KKG-007,SEED-SHOP-008,SEED-SHOP-008-1,0
KKG-007,SEED-SHOP-010,SEED-SHOP-010-1,0
KKG-007,SEED-SHOP-010,SEED-SHOP-010-2,0
KKG-007,SEED-SHOP-014,,3
KKG-007,SEED-SHOP-015,SEED-SHOP-015-1,5
KKG-007,SEED-SHOP-015,SEED-SHOP-015-2,4
KKG-007,SEED-SHOP-019,SEED-SHOP-019-1,0
KKG-007,SEED-SHOP-019,SEED-SHOP-019-2,11
KKG-007,SEED-SHOP-020,,0
KKG-007,SEED-SHOP-022,,0
KKG-007,SEED-SHOP-023,,12
KKG-007,SEED-SHOP-024,,10
KKG-007,SEED-SHOP-026,SEED-SHOP-026-1,7
KKG-007,SEED-SHOP-026,SEED-SHOP-026-2,0
KKG-007,SEED-SHOP-027,SEED-SHOP-027-1,3
KKG-007,SEED-SHOP-027,SEED-SHOP-027-2,12
KKG-007,SEED-SHOP-029,,0
KKG-007,SEED-SHOP-031,,9
KKG-007,SEED-SHOP-033,SEED-SHOP-033-1,5
KKG-007,SEED-SHOP-033,SEED-SHOP-033-2,0
KKG-007,SEED-SHOP-034,SEED-SHOP-034-1,1
KKG-007,SEED-SHOP-034,SEED-SHOP-034-2,0
KKG-007,SEED-SHOP-035,SEED-SHOP-035-1,5
KKG-007,SEED-SHOP-035,SEED-SHOP-035-2,7
KKG-007,SEED-SHOP-037,,1
KKG-007,SEED-SHOP-041,SEED-SHOP-041-1,11
KKG-007,SEED-SHOP-041,SEED-SHOP-041-2,11
KKG-007,SEED-SHOP-044,,0
KKG-007,SEED-SHOP-045,SEED-SHOP-045-1,12
KKG-007,SEED-SHOP-045,SEED-SHOP-045-2,9
KKG-007,SEED-SHOP-048,,1
KKG-007,SEED-SHOP-050,SEED-SHOP-050-1,3
KKG-007,SEED-SHOP-050,SEED-SHOP-050-2,0
KKG-007,SEED-SHOP-055,,0
KKG-007,SEED-SHOP-056,SEED-SHOP-056-1,0
KKG-007,SEED-SHOP-056,SEED-SHOP-056-2,0
KKG-007,SEED-SHOP-057,SEED-SHOP-057-1,6
KKG-007,SEED-SHOP-057,SEED-SHOP-057-2,0
KKG-007,SEED-SHOP-058,,0
KKG-007,SEED-SHOP-060,,3
KKG-007,SEED-SHOP-063,SEED-SHOP-063-1,0
KKG-007,SEED-SHOP-063,SEED-SHOP-063-2,0
KKG-007,SEED-SHOP-067,,2
KKG-007,SEED-SHOP-069,SEED-SHOP-069-1,12
KKG-007,SEED-SHOP-069,SEED-SHOP-069-2,4
KKG-007,SEED-SHOP-070,SEED-SHOP-070-1,0
KKG-007,SEED-SHOP-070,SEED-SHOP-070-2,0
KKG-007,SEED-SHOP-073,SEED-SHOP-073-1,6
KKG-007,SEED-SHOP-073,SEED-SHOP-073-2,11
KKG-008,SEED-SHOP-001,,10
KKG-008,SEED-SHOP-002,SEED-SHOP-002-1,9
KKG-008,SEED-SHOP-002,SEED-SHOP-002-2,7
KKG-008,SEED-SHOP-003,,3
KKG-008,SEED-SHOP-004,,0
KKG-008,SEED-SHOP-007,,8
KKG-008,SEED-SHOP-008,SEED-SHOP-008-1,0
KKG-008,SEED-SHOP-010,SEED-SHOP-010-1,8
KKG-008,SEED-SHOP-010,SEED-SHOP-010-2,11
KKG-008,SEED-SHOP-011,SEED-SHOP-011-1,0
KKG-008,SEED-SHOP-011,SEED-SHOP-011-2,0
KKG-008,SEED-SHOP-012,SEED-SHOP-012-1,3
KKG-008,SEED-SHOP-012,SEED-SHOP-012-2,0
KKG-008,SEED-SHOP-014,,0
KKG-008,SEED-SHOP-017,,12
KKG-008,SEED-SHOP-018,,1
KKG-008,SEED-SHOP-019,SEED-SHOP-019-1,11
KKG-008,SEED-SHOP-019,SEED-SHOP-019-2,12
KKG-008,SEED-SHOP-021,,7
KKG-008,SEED-SHOP-022,,0
KKG-008,SEED-SHOP-023,,3
KKG-008,SEED-SHOP-024,,8
KKG-008,SEED-SHOP-025,,12
KKG-008,SEED-SHOP-026,SEED-SHOP-026-1,9
KKG-008,SEED-SHOP-026,SEED-SHOP-026-2,12
KKG-008,SEED-SHOP-028,,3
KKG-008,SEED-SHOP-029,,8
KKG-008,SEED-SHOP-030,,10
KKG-008,SEED-SHOP-033,SEED-SHOP-033-1,2
KKG-008,SEED-SHOP-033,SEED-SHOP-033-2,8
KKG-008,SEED-SHOP-034,SEED-SHOP-034-1,4
KKG-008,SEED-SHOP-034,SEED-SHOP-034-2,10
KKG-008,SEED-SHOP-035,SEED-SHOP-035-1,7
KKG-008,SEED-SHOP-035,SEED-SHOP-035-2,12
KKG-008,SEED-SHOP-036,,12
KKG-008,SEED-SHOP-038,SEED-SHOP-038-1,4
KKG-008,SEED-SHOP-038,SEED-SHOP-038-2,0
KKG-008,SEED-SHOP-040,,6
KKG-008,SEED-SHOP-041,SEED-SHOP-041-1,0
KKG-008,SEED-SHOP-041,SEED-SHOP-041-2,4
KKG-008,SEED-SHOP-042,,0
KKG-008,SEED-SHOP-044,,5
KKG-008,SEED-SHOP-045,SEED-SHOP-045-1,3
KKG-008,SEED-SHOP-045,SEED-SHOP-045-2,0
KKG-008,SEED-SHOP-046,,6
KKG-008,SEED-SHOP-049,SEED-SHOP-049-1,4
KKG-008,SEED-SHOP-049,SEED-SHOP-049-2,0
KKG-008,SEED-SHOP-051,,7
KKG-008,SEED-SHOP-052,SEED-SHOP-052-1,7
KKG-008,SEED-SHOP-052,SEED-SHOP-052-2,12
KKG-008,SEED-SHOP-055,,0
KKG-008,SEED-SHOP-059,,10
KKG-008,SEED-SHOP-061,,1
KKG-008,SEED-SHOP-065,,5
KKG-008,SEED-SHOP-067,,3
KKG-008,SEED-SHOP-068,SEED-SHOP-068-1,0
KKG-008,SEED-SHOP-068,SEED-SHOP-068-2,2
KKG-008,SEED-SHOP-069,SEED-SHOP-069-1,0
KKG-008,SEED-SHOP-069,SEED-SHOP-069-2,0
KKG-008,SEED-SHOP-070,SEED-SHOP-070-1,0
KKG-008,SEED-SHOP-070,SEED-SHOP-070-2,3
KKG-008,SEED-SHOP-072,SEED-SHOP-072-1,6
KKG-008,SEED-SHOP-072,SEED-SHOP-072-2,5
KKG-008,SEED-SHOP-073,SEED-SHOP-073-1,0
KKG-008,SEED-SHOP-073,SEED-SHOP-073-2,0
KKG-008,SEED-SHOP-074,SEED-SHOP-074-1,1
KKG-008,SEED-SHOP-074,SEED-SHOP-074-2,9
KKG-008,SEED-SHOP-075,,12
KKG-008,SEED-SHOP-077,,0
KKG-008,SEED-SHOP-079,SEED-SHOP-079-1,9
KKG-008,SEED-SHOP-079,SEED-SHOP-079-2,5
NGR-001,SEED-SHOP-004,,0
NGR-001,SEED-SHOP-005,,5
NGR-001,SEED-SHOP-006,SEED-SHOP-006-1,7
NGR-001,SEED-SHOP-006,SEED-SHOP-006-2,12
NGR-001,SEED-SHOP-008,SEED-SHOP-008-1,0
NGR-001,SEED-SHOP-012,SEED-SHOP-012-1,5
NGR-001,SEED-SHOP-012,SEED-SHOP-012-2,10
NGR-001,SEED-SHOP-015,SEED-SHOP-015-1,10
NGR-001,SEED-SHOP-015,SEED-SHOP-015-2,5
NGR-001,SEED-SHOP-017,,2
NGR-001,SEED-SHOP-019,SEED-SHOP-019-1,6
NGR-001,SEED-SHOP-019,SEED-SHOP-019-2,7
NGR-001,SEED-SHOP-020,,0
NGR-001,SEED-SHOP-024,,10
NGR-001,SEED-SHOP-026,SEED-SHOP-026-1,2
NGR-001,SEED-SHOP-026,SEED-SHOP-026-2,0
NGR-001,SEED-SHOP-031,,0
NGR-001,SEED-SHOP-036,,6
NGR-001,SEED-SHOP-037,,12
NGR-001,SEED-SHOP-040,,9
NGR-001,SEED-SHOP-042,,0
NGR-001,SEED-SHOP-044,,5
NGR-001,SEED-SHOP-045,SEED-SHOP-045-1,7
NGR-001,SEED-SHOP-045,SEED-SHOP-045-2,3
NGR-001,SEED-SHOP-055,,5
NGR-001,SEED-SHOP-056,SEED-SHOP-056-1,5
NGR-001,SEED-SHOP-056,SEED-SHOP-056-2,0
NGR-001,SEED-SHOP-057,SEED-SHOP-057-1,0
NGR-001,SEED-SHOP-057,SEED-SHOP-057-2,8
NGR-001,SEED-SHOP-060,,8
NGR-001,SEED-SHOP-062,,11
NGR-001,SEED-SHOP-063,SEED-SHOP-063-1,4
NGR-001,SEED-SHOP-063,SEED-SHOP-063-2,10
NGR-001,SEED-SHOP-065,,0
NGR-001,SEED-SHOP-066,,5
NGR-001,SEED-SHOP-067,,9
NGR-001,SEED-SHOP-069,SEED-SHOP-069-1,4
NGR-001,SEED-SHOP-069,SEED-SHOP-069-2,0
NGR-001,SEED-SHOP-071,,0
NGR-001,SEED-SHOP-072,SEED-SHOP-072-1,2
NGR-001,SEED-SHOP-072,SEED-SHOP-072-2,0
NGR-001,SEED-SHOP-074,SEED-SHOP-074-1,9
NGR-001,SEED-SHOP-074,SEED-SHOP-074-2,3
NGR-001,SEED-SHOP-076,SEED-SHOP-076-1,0
NGR-001,SEED-SHOP-080,SEED-SHOP-080-1,0
NGR-002,SEED-SHOP-001,,9
NGR-002,SEED-SHOP-002,SEED-SHOP-002-1,11
NGR-002,SEED-SHOP-002,SEED-SHOP-002-2,0
NGR-002,SEED-SHOP-003,,0
NGR-002,SEED-SHOP-007,,0
NGR-002,SEED-SHOP-009,SEED-SHOP-009-1,0
NGR-002,SEED-SHOP-010,SEED-SHOP-010-1,0
NGR-002,SEED-SHOP-010,SEED-SHOP-010-2,3
NGR-002,SEED-SHOP-012,SEED-SHOP-012-1,8
NGR-002,SEED-SHOP-012,SEED-SHOP-012-2,0
NGR-002,SEED-SHOP-014,,8
NGR-002,SEED-SHOP-016,,0
NGR-002,SEED-SHOP-018,,0
NGR-002,SEED-SHOP-021,,0
NGR-002,SEED-SHOP-022,,5
NGR-002,SEED-SHOP-023,,0
NGR-002,SEED-SHOP-024,,5
NGR-002,SEED-SHOP-025,,0
NGR-002,SEED-SHOP-026,SEED-SHOP-026-1,0
NGR-002,SEED-SHOP-026,SEED-SHOP-026-2,4
NGR-002,SEED-SHOP-029,,12
NGR-002,SEED-SHOP-030,,6
NGR-002,SEED-SHOP-031,,0
NGR-002,SEED-SHOP-034,SEED-SHOP-034-1,8
NGR-002,SEED-SHOP-034,SEED-SHOP-034-2,1
NGR-002,SEED-SHOP-039,SEED-SHOP-039-1,0
NGR-002,SEED-SHOP-039,SEED-SHOP-039-2,9
NGR-002,SEED-SHOP-042,,0
NGR-002,SEED-SHOP-045,SEED-SHOP-045-1,0
NGR-002,SEED-SHOP-045,SEED-SHOP-045-2,3
NGR-002,SEED-SHOP-046,,8
NGR-002,SEED-SHOP-051,,3
NGR-002,SEED-SHOP-052,SEED-SHOP-052-1,5
NGR-002,SEED-SHOP-052,SEED-SHOP-052-2,5
NGR-002,SEED-SHOP-054,SEED-SHOP-054-1,7
NGR-002,SEED-SHOP-054,SEED-SHOP-054-2,1
NGR-002,SEED-SHOP-056,SEED-SHOP-056-1,7
NGR-002,SEED-SHOP-056,SEED-SHOP-056-2,7
NGR-002,SEED-SHOP-058,,0
NGR-002,SEED-SHOP-059,,7
NGR-002,SEED-SHOP-061,,0
NGR-002,SEED-SHOP-068,SEED-SHOP-068-1,10
NGR-002,SEED-SHOP-068,SEED-SHOP-068-2,8
NGR-002,SEED-SHOP-069,SEED-SHOP-069-1,11
NGR-002,SEED-SHOP-069,SEED-SHOP-069-2,0
NGR-002,SEED-SHOP-070,SEED-SHOP-070-1,0
NGR-002,SEED-SHOP-070,SEED-SHOP-070-2,6
NGR-002,SEED-SHOP-073,SEED-SHOP-073-1,5
NGR-002,SEED-SHOP-073,SEED-SHOP-073-2,10
NGR-002,SEED-SHOP-076,SEED-SHOP-076-1,0
NGR-003,SEED-SHOP-001,,0
NGR-003,SEED-SHOP-002,SEED-SHOP-002-1,0
NGR-003,SEED-SHOP-002,SEED-SHOP-002-2,7
NGR-003,SEED-SHOP-004,,0
NGR-003,SEED-SHOP-005,,0
NGR-003,SEED-SHOP-008,SEED-SHOP-008-1,0
NGR-003,SEED-SHOP-009,SEED-SHOP-009-1,0
NGR-003,SEED-SHOP-010,SEED-SHOP-010-1,3
NGR-003,SEED-SHOP-010,SEED-SHOP-010-2,7
NGR-003,SEED-SHOP-012,SEED-SHOP-012-1,0
NGR-003,SEED-SHOP-012,SEED-SHOP-012-2,2
NGR-003,SEED-SHOP-014,,0
NGR-003,SEED-SHOP-018,,5
NGR-003,SEED-SHOP-020,,5
NGR-003,SEED-SHOP-023,,0
NGR-003,SEED-SHOP-025,,0
NGR-003,SEED-SHOP-026,SEED-SHOP-026-1,11
NGR-003,SEED-SHOP-026,SEED-SHOP-026-2,3
NGR-003,SEED-SHOP-028,,10
NGR-003,SEED-SHOP-029,,0
NGR-003,SEED-SHOP-030,,4
NGR-003,SEED-SHOP-032,,8
NGR-003,SEED-SHOP-033,SEED-SHOP-033-1,10
NGR-003,SEED-SHOP-033,SEED-SHOP-033-2,7
NGR-003,SEED-SHOP-034,SEED-SHOP-034-1,0
NGR-003,SEED-SHOP-034,SEED-SHOP-034-2,0
NGR-003,SEED-SHOP-036,,1
NGR-003,SEED-SHOP-039,SEED-SHOP-039-1,0
NGR-003,SEED-SHOP-039,SEED-SHOP-039-2,2
NGR-003,SEED-SHOP-040,,0
NGR-003,SEED-SHOP-041,SEED-SHOP-041-1,12
NGR-003,SEED-SHOP-041,SEED-SHOP-041-2,9
NGR-003,SEED-SHOP-045,SEED-SHOP-045-1,1
NGR-003,SEED-SHOP-045,SEED-SHOP-045-2,7
NGR-003,SEED-SHOP-048,,0
NGR-003,SEED-SHOP-050,SEED-SHOP-050-1,0
NGR-003,SEED-SHOP-050,SEED-SHOP-050-2,3
NGR-003,SEED-SHOP-052,SEED-SHOP-052-1,0
NGR-003,SEED-SHOP-052,SEED-SHOP-052-2,11
NGR-003,SEED-SHOP-054,SEED-SHOP-054-1,12
NGR-003,SEED-SHOP-054,SEED-SHOP-054-2,8
NGR-003,SEED-SHOP-055,,3
NGR-003,SEED-SHOP-056,SEED-SHOP-056-1,0
NGR-003,SEED-SHOP-056,SEED-SHOP-056-2,0
NGR-003,SEED-SHOP-057,SEED-SHOP-057-1,6
NGR-003,SEED-SHOP-057,SEED-SHOP-057-2,6
NGR-003,SEED-SHOP-058,,0
NGR-003,SEED-SHOP-059,,6
NGR-003,SEED-SHOP-060,,5
NGR-003,SEED-SHOP-061,,0
NGR-003,SEED-SHOP-062,,8
NGR-003,SEED-SHOP-064,,10
NGR-003,SEED-SHOP-065,,5
NGR-003,SEED-SHOP-069,SEED-SHOP-069-1,12
NGR-003,SEED-SHOP-069,SEED-SHOP-069-2,0
NGR-003,SEED-SHOP-070,SEED-SHOP-070-1,5
NGR-003,SEED-SHOP-070,SEED-SHOP-070-2,12
NGR-003,SEED-SHOP-072,SEED-SHOP-072-1,0
NGR-003,SEED-SHOP-072,SEED-SHOP-072-2,0
NGR-003,SEED-SHOP-073,SEED-SHOP-073-1,2
NGR-003,SEED-SHOP-073,SEED-SHOP-073-2,4
NGR-003,SEED-SHOP-074,SEED-SHOP-074-1,12
NGR-003,SEED-SHOP-074,SEED-SHOP-074-2,10
NGR-003,SEED-SHOP-076,SEED-SHOP-076-1,9
NGR-003,SEED-SHOP-079,SEED-SHOP-079-1,10
NGR-003,SEED-SHOP-079,SEED-SHOP-079-2,0
NGR-003,SEED-SHOP-080,SEED-SHOP-080-1,7
NGR-004,SEED-SHOP-001,,5
NGR-004,SEED-SHOP-002,SEED-SHOP-002-1,8
NGR-004,SEED-SHOP-002,SEED-SHOP-002-2,5
NGR-004,SEED-SHOP-003,,2
NGR-004,SEED-SHOP-005,,11
NGR-004,SEED-SHOP-006,SEED-SHOP-006-1,2
NGR-004,SEED-SHOP-006,SEED-SHOP-006-2,5
NGR-004,SEED-SHOP-007,,1
NGR-004,SEED-SHOP-008,SEED-SHOP-008-1,0
NGR-004,SEED-SHOP-011,SEED-SHOP-011-1,1
NGR-004,SEED-SHOP-011,SEED-SHOP-011-2,11
NGR-004,SEED-SHOP-015,SEED-SHOP-015-1,6
NGR-004,SEED-SHOP-015,SEED-SHOP-015-2,9
NGR-004,SEED-SHOP-018,,1
NGR-004,SEED-SHOP-019,SEED-SHOP-019-1,0
NGR-004,SEED-SHOP-019,SEED-SHOP-019-2,11
NGR-004,SEED-SHOP-021,,9
NGR-004,SEED-SHOP-022,,0
NGR-004,SEED-SHOP-024,,10
NGR-004,SEED-SHOP-025,,1
NGR-004,SEED-SHOP-027,SEED-SHOP-027-1,4
NGR-004,SEED-SHOP-027,SEED-SHOP-027-2,0
NGR-004,SEED-SHOP-028,,10
NGR-004,SEED-SHOP-029,,11
NGR-004,SEED-SHOP-030,,8
NGR-004,SEED-SHOP-034,SEED-SHOP-034-1,11
NGR-004,SEED-SHOP-034,SEED-SHOP-034-2,1
NGR-004,SEED-SHOP-036,,1
NGR-004,SEED-SHOP-038,SEED-SHOP-038-1,0
NGR-004,SEED-SHOP-038,SEED-SHOP-038-2,11
NGR-004,SEED-SHOP-039,SEED-SHOP-039-1,8
NGR-004,SEED-SHOP-039,SEED-SHOP-039-2,6
NGR-004,SEED-SHOP-041,SEED-SHOP-041-1,7
NGR-004,SEED-SHOP-041,SEED-SHOP-041-2,1
NGR-004,SEED-SHOP-044,,12
NGR-004,SEED-SHOP-045,SEED-SHOP-045-1,8
NGR-004,SEED-SHOP-045,SEED-SHOP-045-2,7
NGR-004,SEED-SHOP-048,,7
NGR-004,SEED-SHOP-049,SEED-SHOP-049-1,6
NGR-004,SEED-SHOP-049,SEED-SHOP-049-2,0
NGR-004,SEED-SHOP-050,SEED-SHOP-050-1,7
NGR-004,SEED-SHOP-050,SEED-SHOP-050-2,0
NGR-004,SEED-SHOP-051,,6
NGR-004,SEED-SHOP-053,,3
NGR-004,SEED-SHOP-056,SEED-SHOP-056-1,10
NGR-004,SEED-SHOP-056,SEED-SHOP-056-2,1
NGR-004,SEED-SHOP-058,,0
NGR-004,SEED-SHOP-059,,10
NGR-004,SEED-SHOP-060,,10
NGR-004,SEED-SHOP-061,,6
NGR-004,SEED-SHOP-065,,3
NGR-004,SEED-SHOP-069,SEED-SHOP-069-1,1
NGR-004,SEED-SHOP-069,SEED-SHOP-069-2,11
NGR-004,SEED-SHOP-070,SEED-SHOP-070-1,4
NGR-004,SEED-SHOP-070,SEED-SHOP-070-2,4
NGR-004,SEED-SHOP-073,SEED-SHOP-073-1,0
NGR-004,SEED-SHOP-073,SEED-SHOP-073-2,4
NGR-004,SEED-SHOP-075,,11
NGR-004,SEED-SHOP-076,SEED-SHOP-076-1,6
NGR-004,SEED-SHOP-077,,7
NGR-004,SEED-SHOP-079,SEED-SHOP-079-1,9
NGR-004,SEED-SHOP-079,SEED-SHOP-079-2,2
NGR-004,SEED-SHOP-080,SEED-SHOP-080-1,6
NGR-005,SEED-SHOP-001,,2
NGR-005,SEED-SHOP-003,,5
NGR-005,SEED-SHOP-004,,10
NGR-005,SEED-SHOP-005,,9
NGR-005,SEED-SHOP-006,SEED-SHOP-006-1,3
NGR-005,SEED-SHOP-006,SEED-SHOP-006-2,4
NGR-005,SEED-SHOP-015,SEED-SHOP-015-1,0
NGR-005,SEED-SHOP-015,SEED-SHOP-015-2,1
NGR-005,SEED-SHOP-018,,2
NGR-005,SEED-SHOP-020,,6
NGR-005,SEED-SHOP-022,,12
NGR-005,SEED-SHOP-023,,4
NGR-005,SEED-SHOP-024,,9
NGR-005,SEED-SHOP-025,,2
NGR-005,SEED-SHOP-027,SEED-SHOP-027-1,0
NGR-005,SEED-SHOP-027,SEED-SHOP-027-2,7
NGR-005,SEED-SHOP-029,,4
NGR-005,SEED-SHOP-031,,3
NGR-005,SEED-SHOP-032,,4
NGR-005,SEED-SHOP-033,SEED-SHOP-033-1,8
NGR-005,SEED-SHOP-033,SEED-SHOP-033-2,1
NGR-005,SEED-SHOP-035,SEED-SHOP-035-1,0
NGR-005,SEED-SHOP-035,SEED-SHOP-035-2,1
NGR-005,SEED-SHOP-037,,5
NGR-005,SEED-SHOP-041,SEED-SHOP-041-1,0
NGR-005,SEED-SHOP-041,SEED-SHOP-041-2,12
NGR-005,SEED-SHOP-044,,0
NGR-005,SEED-SHOP-046,,7
NGR-005,SEED-SHOP-047,,0
NGR-005,SEED-SHOP-048,,10
NGR-005,SEED-SHOP-049,SEED-SHOP-049-1,3
NGR-005,SEED-SHOP-049,SEED-SHOP-049-2,4
NGR-005,SEED-SHOP-051,,0
NGR-005,SEED-SHOP-052,SEED-SHOP-052-1,3
NGR-005,SEED-SHOP-052,SEED-SHOP-052-2,0
NGR-005,SEED-SHOP-053,,3
NGR-005,SEED-SHOP-054,SEED-SHOP-054-1,3
NGR-005,SEED-SHOP-054,SEED-SHOP-054-2,0
NGR-005,SEED-SHOP-055,,11
NGR-005,SEED-SHOP-057,SEED-SHOP-057-1,0
NGR-005,SEED-SHOP-057,SEED-SHOP-057-2,1
NGR-005,SEED-SHOP-058,,0
NGR-005,SEED-SHOP-064,,0
NGR-005,SEED-SHOP-065,,10
NGR-005,SEED-SHOP-066,,6
NGR-005,SEED-SHOP-067,,5
NGR-005,SEED-SHOP-068,SEED-SHOP-068-1,0
NGR-005,SEED-SHOP-068,SEED-SHOP-068-2,11
NGR-005,SEED-SHOP-069,SEED-SHOP-069-1,0
NGR-005,SEED-SHOP-069,SEED-SHOP-069-2,11
NGR-005,SEED-SHOP-071,,0
NGR-005,SEED-SHOP-072,SEED-SHOP-072-1,0
NGR-005,SEED-SHOP-072,SEED-SHOP-072-2,10
NGR-005,SEED-SHOP-076,SEED-SHOP-076-1,2
NGR-005,SEED-SHOP-077,,9
NGR-005,SEED-SHOP-079,SEED-SHOP-079-1,0
NGR-005,SEED-SHOP-079,SEED-SHOP-079-2,8
NGR-006,SEED-SHOP-001,,4
NGR-006,SEED-SHOP-004,,12
NGR-006,SEED-SHOP-005,,10
NGR-006,SEED-SHOP-007,,4
NGR-006,SEED-SHOP-011,SEED-SHOP-011-1,4
NGR-006,SEED-SHOP-011,SEED-SHOP-011-2,0
NGR-006,SEED-SHOP-012,SEED-SHOP-012-1,9
NGR-006,SEED-SHOP-012,SEED-SHOP-012-2,4
NGR-006,SEED-SHOP-014,,0
NGR-006,SEED-SHOP-015,SEED-SHOP-015-1,5
NGR-006,SEED-SHOP-015,SEED-SHOP-015-2,2
NGR-006,SEED-SHOP-016,,0
NGR-006,SEED-SHOP-017,,0
NGR-006,SEED-SHOP-018,,0
NGR-006,SEED-SHOP-019,SEED-SHOP-019-1,6
NGR-006,SEED-SHOP-019,SEED-SHOP-019-2,0
NGR-006,SEED-SHOP-022,,3
NGR-006,SEED-SHOP-024,,0
NGR-006,SEED-SHOP-028,,8
NGR-006,SEED-SHOP-029,,0
NGR-006,SEED-SHOP-031,,5
NGR-006,SEED-SHOP-039,SEED-SHOP-039-1,0
NGR-006,SEED-SHOP-039,SEED-SHOP-039-2,8
NGR-006,SEED-SHOP-040,,10
NGR-006,SEED-SHOP-041,SEED-SHOP-041-1,0
NGR-006,SEED-SHOP-041,SEED-SHOP-041-2,5
NGR-006,SEED-SHOP-042,,0
NGR-006,SEED-SHOP-044,,12
NGR-006,SEED-SHOP-048,,2
NGR-006,SEED-SHOP-052,SEED-SHOP-052-1,5
NGR-006,SEED-SHOP-052,SEED-SHOP-052-2,0
NGR-006,SEED-SHOP-054,SEED-SHOP-054-1,6
NGR-006,SEED-SHOP-054,SEED-SHOP-054-2,0
NGR-006,SEED-SHOP-056,SEED-SHOP-056-1,0
NGR-006,SEED-SHOP-056,SEED-SHOP-056-2,2
NGR-006,SEED-SHOP-058,,0
NGR-006,SEED-SHOP-059,,0
NGR-006,SEED-SHOP-060,,11
NGR-006,SEED-SHOP-061,,9
NGR-006,SEED-SHOP-070,SEED-SHOP-070-1,10
NGR-006,SEED-SHOP-070,SEED-SHOP-070-2,9
NGR-006,SEED-SHOP-072,SEED-SHOP-072-1,0
NGR-006,SEED-SHOP-072,SEED-SHOP-072-2,0
NGR-006,SEED-SHOP-074,SEED-SHOP-074-1,10
NGR-006,SEED-SHOP-074,SEED-SHOP-074-2,10
NGR-006,SEED-SHOP-076,SEED-SHOP-076-1,1
NGR-007,SEED-SHOP-001,,0
NGR-007,SEED-SHOP-002,SEED-SHOP-002-1,5
NGR-007,SEED-SHOP-002,SEED-SHOP-002-2,7
NGR-007,SEED-SHOP-006,SEED-SHOP-006-1,0
NGR-007,SEED-SHOP-006,SEED-SHOP-006-2,7
NGR-007,SEED-SHOP-007,,1
NGR-007,SEED-SHOP-012,SEED-SHOP-012-1,2
NGR-007,SEED-SHOP-012,SEED-SHOP-012-2,3
NGR-007,SEED-SHOP-015,SEED-SHOP-015-1,4
NGR-007,SEED-SHOP-015,SEED-SHOP-015-2,0
NGR-007,SEED-SHOP-017,,9
NGR-007,SEED-SHOP-019,SEED-SHOP-019-1,4
NGR-007,SEED-SHOP-019,SEED-SHOP-019-2,11
NGR-007,SEED-SHOP-022,,4
NGR-007,SEED-SHOP-024,,0
NGR-007,SEED-SHOP-025,,8
NGR-007,SEED-SHOP-026,SEED-SHOP-026-1,8
NGR-007,SEED-SHOP-026,SEED-SHOP-026-2,2
NGR-007,SEED-SHOP-027,SEED-SHOP-027-1,1
NGR-007,SEED-SHOP-027,SEED-SHOP-027-2,12
NGR-007,SEED-SHOP-029,,12
NGR-007,SEED-SHOP-031,,10
NGR-007,SEED-SHOP-033,SEED-SHOP-033-1,0
NGR-007,SEED-SHOP-033,SEED-SHOP-033-2,8
NGR-007,SEED-SHOP-034,SEED-SHOP-034-1,12
NGR-007,SEED-SHOP-034,SEED-SHOP-034-2,5
NGR-007,SEED-SHOP-035,SEED-SHOP-035-1,8
NGR-007,SEED-SHOP-035,SEED-SHOP-035-2,10
NGR-007,SEED-SHOP-037,,10
NGR-007,SEED-SHOP-038,SEED-SHOP-038-1,5
NGR-007,SEED-SHOP-038,SEED-SHOP-038-2,0
NGR-007,SEED-SHOP-040,,12
NGR-007,SEED-SHOP-042,,0
NGR-007,SEED-SHOP-044,,1
NGR-007,SEED-SHOP-045,SEED-SHOP-045-1,0
NGR-007,SEED-SHOP-045,SEED-SHOP-045-2,10
NGR-007,SEED-SHOP-048,,10
NGR-007,SEED-SHOP-052,SEED-SHOP-052-1,0
NGR-007,SEED-SHOP-052,SEED-SHOP-052-2,3
NGR-007,SEED-SHOP-053,,0
NGR-007,SEED-SHOP-054,SEED-SHOP-054-1,2
NGR-007,SEED-SHOP-054,SEED-SHOP-054-2,0
NGR-007,SEED-SHOP-055,,6
NGR-007,SEED-SHOP-056,SEED-SHOP-056-1,3
NGR-007,SEED-SHOP-056,SEED-SHOP-056-2,12
NGR-007,SEED-SHOP-057,SEED-SHOP-057-1,2
NGR-007,SEED-SHOP-057,SEED-SHOP-057-2,3
NGR-007,SEED-SHOP-058,,0
NGR-007,SEED-SHOP-059,,6
NGR-007,SEED-SHOP-060,,5
NGR-007,SEED-SHOP-061,,9
NGR-007,SEED-SHOP-062,,6
NGR-007,SEED-SHOP-063,SEED-SHOP-063-1,0
NGR-007,SEED-SHOP-063,SEED-SHOP-063-2,12
NGR-007,SEED-SHOP-064,,5
NGR-007,SEED-SHOP-065,,9
NGR-007,SEED-SHOP-068,SEED-SHOP-068-1,7
NGR-007,SEED-SHOP-068,SEED-SHOP-068-2,8
NGR-007,SEED-SHOP-073,SEED-SHOP-073-1,7
NGR-007,SEED-SHOP-073,SEED-SHOP-073-2,3
NGR-007,SEED-SHOP-074,SEED-SHOP-074-1,6
NGR-007,SEED-SHOP-074,SEED-SHOP-074-2,2
NGR-007,SEED-SHOP-076,SEED-SHOP-076-1,6
NGR-007,SEED-SHOP-079,SEED-SHOP-079-1,9
NGR-007,SEED-SHOP-079,SEED-SHOP-079-2,2
NGR-008,SEED-SHOP-002,SEED-SHOP-002-1,5
NGR-008,SEED-SHOP-002,SEED-SHOP-002-2,5
NGR-008,SEED-SHOP-003,,8
NGR-008,SEED-SHOP-005,,7
NGR-008,SEED-SHOP-006,SEED-SHOP-006-1,0
NGR-008,SEED-SHOP-006,SEED-SHOP-006-2,8
NGR-008,SEED-SHOP-008,SEED-SHOP-008-1,0
NGR-008,SEED-SHOP-010,SEED-SHOP-010-1,2
NGR-008,SEED-SHOP-010,SEED-SHOP-010-2,0
NGR-008,SEED-SHOP-011,SEED-SHOP-011-1,0
NGR-008,SEED-SHOP-011,SEED-SHOP-011-2,1
NGR-008,SEED-SHOP-012,SEED-SHOP-012-1,0
NGR-008,SEED-SHOP-012,SEED-SHOP-012-2,0
NGR-008,SEED-SHOP-014,,0
NGR-008,SEED-SHOP-015,SEED-SHOP-015-1,0
NGR-008,SEED-SHOP-015,SEED-SHOP-015-2,0
NGR-008,SEED-SHOP-016,,3
NGR-008,SEED-SHOP-017,,8
NGR-008,SEED-SHOP-020,,11
NGR-008,SEED-SHOP-021,,0
NGR-008,SEED-SHOP-022,,10
NGR-008,SEED-SHOP-023,,8
NGR-008,SEED-SHOP-024,,4
NGR-008,SEED-SHOP-026,SEED-SHOP-026-1,11
NGR-008,SEED-SHOP-026,SEED-SHOP-026-2,12
NGR-008,SEED-SHOP-027,SEED-SHOP-027-1,0
NGR-008,SEED-SHOP-027,SEED-SHOP-027-2,7
NGR-008,SEED-SHOP-028,,0
NGR-008,SEED-SHOP-030,,11
NGR-008,SEED-SHOP-031,,12
NGR-008,SEED-SHOP-032,,6
NGR-008,SEED-SHOP-034,SEED-SHOP-034-1,1
NGR-008,SEED-SHOP-034,SEED-SHOP-034-2,1
NGR-008,SEED-SHOP-036,,5
NGR-008,SEED-SHOP-037,,0
NGR-008,SEED-SHOP-039,SEED-SHOP-039-1,0
NGR-008,SEED-SHOP-039,SEED-SHOP-039-2,4
NGR-008,SEED-SHOP-041,SEED-SHOP-041-1,9
NGR-008,SEED-SHOP-041,SEED-SHOP-041-2,7
NGR-008,SEED-SHOP-045,SEED-SHOP-045-1,9
NGR-008,SEED-SHOP-045,SEED-SHOP-045-2,0
NGR-008,SEED-SHOP-046,,0
NGR-008,SEED-SHOP-047,,0
NGR-008,SEED-SHOP-050,SEED-SHOP-050-1,4
NGR-008,SEED-SHOP-050,SEED-SHOP-050-2,8
NGR-008,SEED-SHOP-053,,5
NGR-008,SEED-SHOP-057,SEED-SHOP-057-1,10
NGR-008,SEED-SHOP-057,SEED-SHOP-057-2,0
NGR-008,SEED-SHOP-059,,8
NGR-008,SEED-SHOP-062,,2
NGR-008,SEED-SHOP-064,,0
NGR-008,SEED-SHOP-065,,2
NGR-008,SEED-SHOP-067,,0
NGR-008,SEED-SHOP-068,SEED-SHOP-068-1,7
NGR-008,SEED-SHOP-068,SEED-SHOP-068-2,6
NGR-008,SEED-SHOP-069,SEED-SHOP-069-1,6
NGR-008,SEED-SHOP-069,SEED-SHOP-069-2,1
NGR-008,SEED-SHOP-070,SEED-SHOP-070-1,6
NGR-008,SEED-SHOP-070,SEED-SHOP-070-2,1
NGR-008,SEED-SHOP-071,,8
NGR-008,SEED-SHOP-073,SEED-SHOP-073-1,1
NGR-008,SEED-SHOP-073,SEED-SHOP-073-2,0
NGR-008,SEED-SHOP-074,SEED-SHOP-074-1,0
NGR-008,SEED-SHOP-074,SEED-SHOP-074-2,2
NGR-008,SEED-SHOP-077,,6
NGR-008,SEED-SHOP-078,,4
NGR-008,SEED-SHOP-079,SEED-SHOP-079-1,11
NGR-008,SEED-SHOP-079,SEED-SHOP-079-2,0
NGR-008,SEED-SHOP-080,SEED-SHOP-080-1,1
