path	kind	status	location
/	page	200	
/about-us	page	200	
/account/basket	page	never	
/account/password/reset	page	never	
/account/register	page	never	
/catalogue	page	200	
/category	page	200	
/category/1-all-antique-maps	listing:category	200	
/category/1-all-antique-maps?o=newest	listing:category	not-fetched	
/category/1-all-antique-maps?p=highest	listing:category	not-fetched	
/category/1-all-antique-maps?p=lowest	listing:category	not-fetched	
/category/1-all-antique-maps?page=1	listing:category	200	
/category/1-all-antique-maps?page=10	listing:category	200	
/category/1-all-antique-maps?page=11	listing:category	200	
/category/1-all-antique-maps?page=2	listing:category	200	
/category/1-all-antique-maps?page=3	listing:category	200	
/category/1-all-antique-maps?page=4	listing:category	200	
/category/1-all-antique-maps?page=5	listing:category	200	
/category/1-all-antique-maps?page=6	listing:category	200	
/category/1-all-antique-maps?page=7	listing:category	200	
/category/1-all-antique-maps?page=8	listing:category	200	
/category/1-all-antique-maps?page=9	listing:category	200	
/category/1-all-antique-maps?s=sold	listing:category	200	
/category/1-all-antique-maps?s=sold&page=1	listing:category	200	
/category/1-all-antique-maps?s=sold&page=2	listing:category	200	
/category/1-all-antique-maps?s=sold&page=3	listing:category	200	
/category/1-all-antique-maps?s=sold&page=4	listing:category	200	
/category/1-all-antique-maps?s=sold&page=5	listing:category	200	
/category/1-all-antique-maps?s=unsold	listing:category	not-fetched	
/category/10-antique-prints-malaysia-malacca	listing:category	200	
/category/10-antique-prints-malaysia-malacca?o=newest	listing:category	not-fetched	
/category/10-antique-prints-malaysia-malacca?p=highest	listing:category	not-fetched	
/category/10-antique-prints-malaysia-malacca?p=lowest	listing:category	not-fetched	
/category/10-antique-prints-malaysia-malacca?s=sold	listing:category	200	
/category/10-antique-prints-malaysia-malacca?s=unsold	listing:category	not-fetched	
/category/100-europe-maps	listing:category	200	
/category/100-europe-maps?o=newest	listing:category	not-fetched	
/category/100-europe-maps?p=highest	listing:category	not-fetched	
/category/100-europe-maps?p=lowest	listing:category	not-fetched	
/category/100-europe-maps?s=sold	listing:category	200	
/category/100-europe-maps?s=unsold	listing:category	not-fetched	
/category/102-africa-maps	listing:category	200	
/category/102-africa-maps?o=newest	listing:category	not-fetched	
/category/102-africa-maps?p=highest	listing:category	not-fetched	
/category/102-africa-maps?p=lowest	listing:category	not-fetched	
/category/102-africa-maps?s=sold	listing:category	200	
/category/102-africa-maps?s=unsold	listing:category	not-fetched	
/category/103-pre-1700-maps	listing:category	200	
/category/103-pre-1700-maps?o=newest	listing:category	not-fetched	
/category/103-pre-1700-maps?p=highest	listing:category	not-fetched	
/category/103-pre-1700-maps?p=lowest	listing:category	not-fetched	
/category/103-pre-1700-maps?page=1	listing:category	200	
/category/103-pre-1700-maps?page=2	listing:category	200	
/category/103-pre-1700-maps?page=3	listing:category	200	
/category/103-pre-1700-maps?s=sold	listing:category	200	
/category/103-pre-1700-maps?s=unsold	listing:category	not-fetched	
/category/104-sea-charts-maritime-maps	listing:category	200	
/category/104-sea-charts-maritime-maps?o=newest	listing:category	not-fetched	
/category/104-sea-charts-maritime-maps?p=highest	listing:category	not-fetched	
/category/104-sea-charts-maritime-maps?p=lowest	listing:category	not-fetched	
/category/104-sea-charts-maritime-maps?s=sold	listing:category	200	
/category/104-sea-charts-maritime-maps?s=unsold	listing:category	not-fetched	
/category/107-plants-trees-prints	listing:category	200	
/category/107-plants-trees-prints?o=newest	listing:category	not-fetched	
/category/107-plants-trees-prints?p=highest	listing:category	not-fetched	
/category/107-plants-trees-prints?p=lowest	listing:category	not-fetched	
/category/107-plants-trees-prints?page=1	listing:category	200	
/category/107-plants-trees-prints?page=2	listing:category	200	
/category/107-plants-trees-prints?page=3	listing:category	200	
/category/107-plants-trees-prints?page=4	listing:category	200	
/category/107-plants-trees-prints?page=5	listing:category	200	
/category/107-plants-trees-prints?page=6	listing:category	200	
/category/107-plants-trees-prints?page=7	listing:category	200	
/category/107-plants-trees-prints?page=8	listing:category	200	
/category/107-plants-trees-prints?s=sold	listing:category	200	
/category/107-plants-trees-prints?s=unsold	listing:category	not-fetched	
/category/108-leaves-prints	listing:category	200	
/category/108-leaves-prints?o=newest	listing:category	not-fetched	
/category/108-leaves-prints?p=highest	listing:category	not-fetched	
/category/108-leaves-prints?p=lowest	listing:category	not-fetched	
/category/108-leaves-prints?page=1	listing:category	200	
/category/108-leaves-prints?page=2	listing:category	200	
/category/108-leaves-prints?page=3	listing:category	200	
/category/108-leaves-prints?page=4	listing:category	200	
/category/108-leaves-prints?page=5	listing:category	200	
/category/108-leaves-prints?page=6	listing:category	200	
/category/108-leaves-prints?page=7	listing:category	200	
/category/108-leaves-prints?page=8	listing:category	200	
/category/108-leaves-prints?page=9	listing:category	200	
/category/108-leaves-prints?s=sold	listing:category	200	
/category/108-leaves-prints?s=unsold	listing:category	not-fetched	
/category/109-fruits-prints	listing:category	200	
/category/109-fruits-prints?o=newest	listing:category	not-fetched	
/category/109-fruits-prints?p=highest	listing:category	not-fetched	
/category/109-fruits-prints?p=lowest	listing:category	not-fetched	
/category/109-fruits-prints?page=1	listing:category	200	
/category/109-fruits-prints?page=2	listing:category	200	
/category/109-fruits-prints?page=3	listing:category	200	
/category/109-fruits-prints?s=sold	listing:category	200	
/category/109-fruits-prints?s=unsold	listing:category	not-fetched	
/category/11-antique-prints-singapore	listing:category	200	
/category/11-antique-prints-singapore?o=newest	listing:category	not-fetched	
/category/11-antique-prints-singapore?p=highest	listing:category	not-fetched	
/category/11-antique-prints-singapore?p=lowest	listing:category	not-fetched	
/category/11-antique-prints-singapore?page=1	listing:category	200	
/category/11-antique-prints-singapore?page=2	listing:category	200	
/category/11-antique-prints-singapore?s=sold	listing:category	200	
/category/11-antique-prints-singapore?s=unsold	listing:category	not-fetched	
/category/110-flowers-prints	listing:category	200	
/category/110-flowers-prints?o=newest	listing:category	not-fetched	
/category/110-flowers-prints?p=highest	listing:category	not-fetched	
/category/110-flowers-prints?p=lowest	listing:category	not-fetched	
/category/110-flowers-prints?page=1	listing:category	200	
/category/110-flowers-prints?page=2	listing:category	200	
/category/110-flowers-prints?page=3	listing:category	200	
/category/110-flowers-prints?page=4	listing:category	200	
/category/110-flowers-prints?page=5	listing:category	200	
/category/110-flowers-prints?page=6	listing:category	200	
/category/110-flowers-prints?s=sold	listing:category	200	
/category/110-flowers-prints?s=unsold	listing:category	not-fetched	
/category/111-spices-prints	listing:category	200	
/category/111-spices-prints?o=newest	listing:category	not-fetched	
/category/111-spices-prints?p=highest	listing:category	not-fetched	
/category/111-spices-prints?p=lowest	listing:category	not-fetched	
/category/111-spices-prints?page=1	listing:category	200	
/category/111-spices-prints?page=2	listing:category	200	
/category/111-spices-prints?s=sold	listing:category	200	
/category/111-spices-prints?s=unsold	listing:category	not-fetched	
/category/112-flores-komodo-maps	listing:category	200	
/category/112-flores-komodo-maps?o=newest	listing:category	not-fetched	
/category/112-flores-komodo-maps?p=highest	listing:category	not-fetched	
/category/112-flores-komodo-maps?p=lowest	listing:category	not-fetched	
/category/112-flores-komodo-maps?s=sold	listing:category	200	
/category/112-flores-komodo-maps?s=unsold	listing:category	not-fetched	
/category/113-mammal-prints	listing:category	200	
/category/113-mammal-prints?o=newest	listing:category	not-fetched	
/category/113-mammal-prints?p=highest	listing:category	not-fetched	
/category/113-mammal-prints?p=lowest	listing:category	not-fetched	
/category/113-mammal-prints?page=1	listing:category	200	
/category/113-mammal-prints?page=2	listing:category	200	
/category/113-mammal-prints?s=sold	listing:category	200	
/category/113-mammal-prints?s=unsold	listing:category	not-fetched	
/category/114-arabia-maps	listing:category	200	
/category/114-arabia-maps?o=newest	listing:category	not-fetched	
/category/114-arabia-maps?p=highest	listing:category	not-fetched	
/category/114-arabia-maps?p=lowest	listing:category	not-fetched	
/category/114-arabia-maps?s=sold	listing:category	200	
/category/114-arabia-maps?s=unsold	listing:category	not-fetched	
/category/15-antique-prints-posters	listing:category	200	
/category/15-antique-prints-posters?o=newest	listing:category	not-fetched	
/category/15-antique-prints-posters?p=highest	listing:category	not-fetched	
/category/15-antique-prints-posters?p=lowest	listing:category	not-fetched	
/category/15-antique-prints-posters?s=sold	listing:category	200	
/category/15-antique-prints-posters?s=unsold	listing:category	not-fetched	
/category/16-inhabitants	listing:category	200	
/category/16-inhabitants?o=newest	listing:category	not-fetched	
/category/16-inhabitants?p=highest	listing:category	not-fetched	
/category/16-inhabitants?p=lowest	listing:category	not-fetched	
/category/16-inhabitants?page=1	listing:category	200	
/category/16-inhabitants?page=10	listing:category	200	
/category/16-inhabitants?page=2	listing:category	200	
/category/16-inhabitants?page=3	listing:category	200	
/category/16-inhabitants?page=4	listing:category	200	
/category/16-inhabitants?page=5	listing:category	200	
/category/16-inhabitants?page=6	listing:category	200	
/category/16-inhabitants?page=7	listing:category	200	
/category/16-inhabitants?page=8	listing:category	200	
/category/16-inhabitants?page=9	listing:category	200	
/category/16-inhabitants?s=sold	listing:category	200	
/category/16-inhabitants?s=sold&page=1	listing:category	200	
/category/16-inhabitants?s=sold&page=2	listing:category	200	
/category/16-inhabitants?s=unsold	listing:category	not-fetched	
/category/17-antique-prints-naval-maritime	listing:category	200	
/category/17-antique-prints-naval-maritime?o=newest	listing:category	not-fetched	
/category/17-antique-prints-naval-maritime?p=highest	listing:category	not-fetched	
/category/17-antique-prints-naval-maritime?p=lowest	listing:category	not-fetched	
/category/17-antique-prints-naval-maritime?page=1	listing:category	200	
/category/17-antique-prints-naval-maritime?page=2	listing:category	200	
/category/17-antique-prints-naval-maritime?page=3	listing:category	200	
/category/17-antique-prints-naval-maritime?page=4	listing:category	200	
/category/17-antique-prints-naval-maritime?s=sold	listing:category	200	
/category/17-antique-prints-naval-maritime?s=unsold	listing:category	not-fetched	
/category/18-antique-prints-architectural	listing:category	200	
/category/18-antique-prints-architectural?o=newest	listing:category	not-fetched	
/category/18-antique-prints-architectural?p=highest	listing:category	not-fetched	
/category/18-antique-prints-architectural?p=lowest	listing:category	not-fetched	
/category/18-antique-prints-architectural?page=1	listing:category	200	
/category/18-antique-prints-architectural?page=2	listing:category	200	
/category/18-antique-prints-architectural?page=3	listing:category	200	
/category/18-antique-prints-architectural?page=4	listing:category	200	
/category/18-antique-prints-architectural?page=5	listing:category	200	
/category/18-antique-prints-architectural?page=6	listing:category	200	
/category/18-antique-prints-architectural?s=sold	listing:category	200	
/category/18-antique-prints-architectural?s=unsold	listing:category	not-fetched	
/category/19-antique-prints-temples-in-indonesia	listing:category	200	
/category/19-antique-prints-temples-in-indonesia?o=newest	listing:category	not-fetched	
/category/19-antique-prints-temples-in-indonesia?p=highest	listing:category	not-fetched	
/category/19-antique-prints-temples-in-indonesia?p=lowest	listing:category	not-fetched	
/category/19-antique-prints-temples-in-indonesia?page=1	listing:category	200	
/category/19-antique-prints-temples-in-indonesia?page=2	listing:category	200	
/category/19-antique-prints-temples-in-indonesia?page=3	listing:category	200	
/category/19-antique-prints-temples-in-indonesia?page=4	listing:category	200	
/category/19-antique-prints-temples-in-indonesia?s=sold	listing:category	200	
/category/19-antique-prints-temples-in-indonesia?s=unsold	listing:category	not-fetched	
/category/2-antique-prints	listing:category	200	
/category/2-antique-prints?o=newest	listing:category	not-fetched	
/category/2-antique-prints?p=highest	listing:category	not-fetched	
/category/2-antique-prints?p=lowest	listing:category	not-fetched	
/category/2-antique-prints?page=1	listing:category	200	
/category/2-antique-prints?page=10	listing:category	200	
/category/2-antique-prints?page=2	listing:category	200	
/category/2-antique-prints?page=3	listing:category	200	
/category/2-antique-prints?page=4	listing:category	200	
/category/2-antique-prints?page=5	listing:category	200	
/category/2-antique-prints?page=6	listing:category	200	
/category/2-antique-prints?page=7	listing:category	200	
/category/2-antique-prints?page=8	listing:category	200	
/category/2-antique-prints?page=9	listing:category	200	
/category/2-antique-prints?s=sold	listing:category	200	
/category/2-antique-prints?s=sold&page=1	listing:category	200	
/category/2-antique-prints?s=sold&page=2	listing:category	200	
/category/2-antique-prints?s=sold&page=3	listing:category	200	
/category/2-antique-prints?s=unsold	listing:category	not-fetched	
/category/20-views-landscapes	listing:category	200	
/category/20-views-landscapes?o=newest	listing:category	not-fetched	
/category/20-views-landscapes?p=highest	listing:category	not-fetched	
/category/20-views-landscapes?p=lowest	listing:category	not-fetched	
/category/20-views-landscapes?page=1	listing:category	200	
/category/20-views-landscapes?page=2	listing:category	200	
/category/20-views-landscapes?page=3	listing:category	200	
/category/20-views-landscapes?page=4	listing:category	200	
/category/20-views-landscapes?page=5	listing:category	200	
/category/20-views-landscapes?s=sold	listing:category	200	
/category/20-views-landscapes?s=unsold	listing:category	not-fetched	
/category/21-flora-fauna	listing:category	200	
/category/21-flora-fauna?o=newest	listing:category	not-fetched	
/category/21-flora-fauna?p=highest	listing:category	not-fetched	
/category/21-flora-fauna?p=lowest	listing:category	not-fetched	
/category/21-flora-fauna?page=1	listing:category	200	
/category/21-flora-fauna?page=10	listing:category	200	
/category/21-flora-fauna?page=11	listing:category	200	
/category/21-flora-fauna?page=12	listing:category	200	
/category/21-flora-fauna?page=13	listing:category	200	
/category/21-flora-fauna?page=14	listing:category	200	
/category/21-flora-fauna?page=15	listing:category	200	
/category/21-flora-fauna?page=16	listing:category	200	
/category/21-flora-fauna?page=17	listing:category	200	
/category/21-flora-fauna?page=18	listing:category	200	
/category/21-flora-fauna?page=19	listing:category	200	
/category/21-flora-fauna?page=2	listing:category	200	
/category/21-flora-fauna?page=20	listing:category	200	
/category/21-flora-fauna?page=3	listing:category	200	
/category/21-flora-fauna?page=4	listing:category	200	
/category/21-flora-fauna?page=5	listing:category	200	
/category/21-flora-fauna?page=6	listing:category	200	
/category/21-flora-fauna?page=7	listing:category	200	
/category/21-flora-fauna?page=8	listing:category	200	
/category/21-flora-fauna?page=9	listing:category	200	
/category/21-flora-fauna?s=sold	listing:category	200	
/category/21-flora-fauna?s=sold&page=1	listing:category	200	
/category/21-flora-fauna?s=sold&page=2	listing:category	200	
/category/21-flora-fauna?s=unsold	listing:category	not-fetched	
/category/22-indonesia	listing:category	200	
/category/22-indonesia?o=newest	listing:category	not-fetched	
/category/22-indonesia?p=highest	listing:category	not-fetched	
/category/22-indonesia?p=lowest	listing:category	not-fetched	
/category/22-indonesia?page=1	listing:category	200	
/category/22-indonesia?page=2	listing:category	200	
/category/22-indonesia?page=3	listing:category	200	
/category/22-indonesia?page=4	listing:category	200	
/category/22-indonesia?page=5	listing:category	200	
/category/22-indonesia?page=6	listing:category	200	
/category/22-indonesia?s=sold	listing:category	200	
/category/22-indonesia?s=sold&page=1	listing:category	200	
/category/22-indonesia?s=sold&page=2	listing:category	200	
/category/22-indonesia?s=sold&page=3	listing:category	200	
/category/22-indonesia?s=unsold	listing:category	not-fetched	
/category/23-malaysia-singapore	listing:category	200	
/category/23-malaysia-singapore?o=newest	listing:category	not-fetched	
/category/23-malaysia-singapore?p=highest	listing:category	not-fetched	
/category/23-malaysia-singapore?p=lowest	listing:category	not-fetched	
/category/23-malaysia-singapore?page=1	listing:category	200	
/category/23-malaysia-singapore?page=2	listing:category	200	
/category/23-malaysia-singapore?page=3	listing:category	200	
/category/23-malaysia-singapore?s=sold	listing:category	200	
/category/23-malaysia-singapore?s=unsold	listing:category	not-fetched	
/category/24-india-sri-lanka	listing:category	200	
/category/24-india-sri-lanka?o=newest	listing:category	not-fetched	
/category/24-india-sri-lanka?p=highest	listing:category	not-fetched	
/category/24-india-sri-lanka?p=lowest	listing:category	not-fetched	
/category/24-india-sri-lanka?s=sold	listing:category	200	
/category/24-india-sri-lanka?s=unsold	listing:category	not-fetched	
/category/25-philippines	listing:category	200	
/category/25-philippines?o=newest	listing:category	not-fetched	
/category/25-philippines?p=highest	listing:category	not-fetched	
/category/25-philippines?p=lowest	listing:category	not-fetched	
/category/25-philippines?s=sold	listing:category	200	
/category/25-philippines?s=unsold	listing:category	not-fetched	
/category/26-thailand	listing:category	200	
/category/26-thailand?o=newest	listing:category	not-fetched	
/category/26-thailand?p=highest	listing:category	not-fetched	
/category/26-thailand?p=lowest	listing:category	not-fetched	
/category/26-thailand?s=sold	listing:category	200	
/category/26-thailand?s=unsold	listing:category	not-fetched	
/category/27-china	listing:category	200	
/category/27-china?o=newest	listing:category	not-fetched	
/category/27-china?p=highest	listing:category	not-fetched	
/category/27-china?p=lowest	listing:category	not-fetched	
/category/27-china?page=1	listing:category	200	
/category/27-china?page=2	listing:category	200	
/category/27-china?s=sold	listing:category	200	
/category/27-china?s=unsold	listing:category	not-fetched	
/category/28-japan	listing:category	200	
/category/28-japan?o=newest	listing:category	not-fetched	
/category/28-japan?p=highest	listing:category	not-fetched	
/category/28-japan?p=lowest	listing:category	not-fetched	
/category/28-japan?s=sold	listing:category	200	
/category/28-japan?s=unsold	listing:category	not-fetched	
/category/29-korea	listing:category	200	
/category/29-korea?o=newest	listing:category	not-fetched	
/category/29-korea?p=highest	listing:category	not-fetched	
/category/29-korea?p=lowest	listing:category	not-fetched	
/category/29-korea?s=sold	listing:category	200	
/category/29-korea?s=unsold	listing:category	not-fetched	
/category/3-antique-books	listing:category	200	
/category/3-antique-books?o=newest	listing:category	not-fetched	
/category/3-antique-books?p=highest	listing:category	not-fetched	
/category/3-antique-books?p=lowest	listing:category	not-fetched	
/category/3-antique-books?page=1	listing:category	200	
/category/3-antique-books?page=2	listing:category	200	
/category/3-antique-books?s=sold	listing:category	200	
/category/3-antique-books?s=unsold	listing:category	not-fetched	
/category/31-the-old-batavia	listing:category	200	
/category/31-the-old-batavia?o=newest	listing:category	not-fetched	
/category/31-the-old-batavia?p=highest	listing:category	not-fetched	
/category/31-the-old-batavia?p=lowest	listing:category	not-fetched	
/category/31-the-old-batavia?page=1	listing:category	200	
/category/31-the-old-batavia?page=2	listing:category	200	
/category/31-the-old-batavia?page=3	listing:category	200	
/category/31-the-old-batavia?page=4	listing:category	200	
/category/31-the-old-batavia?s=sold	listing:category	200	
/category/31-the-old-batavia?s=unsold	listing:category	not-fetched	
/category/32-bogor-buitenzorg	listing:category	200	
/category/32-bogor-buitenzorg?o=newest	listing:category	not-fetched	
/category/32-bogor-buitenzorg?p=highest	listing:category	not-fetched	
/category/32-bogor-buitenzorg?p=lowest	listing:category	not-fetched	
/category/32-bogor-buitenzorg?page=1	listing:category	200	
/category/32-bogor-buitenzorg?page=2	listing:category	200	
/category/32-bogor-buitenzorg?s=sold	listing:category	200	
/category/32-bogor-buitenzorg?s=unsold	listing:category	not-fetched	
/category/33-java	listing:category	200	
/category/33-java?o=newest	listing:category	not-fetched	
/category/33-java?p=highest	listing:category	not-fetched	
/category/33-java?p=lowest	listing:category	not-fetched	
/category/33-java?page=1	listing:category	200	
/category/33-java?page=10	listing:category	200	
/category/33-java?page=11	listing:category	200	
/category/33-java?page=12	listing:category	200	
/category/33-java?page=13	listing:category	200	
/category/33-java?page=14	listing:category	200	
/category/33-java?page=2	listing:category	200	
/category/33-java?page=3	listing:category	200	
/category/33-java?page=4	listing:category	200	
/category/33-java?page=5	listing:category	200	
/category/33-java?page=6	listing:category	200	
/category/33-java?page=7	listing:category	200	
/category/33-java?page=8	listing:category	200	
/category/33-java?page=9	listing:category	200	
/category/33-java?s=sold	listing:category	200	
/category/33-java?s=sold&page=1	listing:category	200	
/category/33-java?s=sold&page=2	listing:category	200	
/category/33-java?s=unsold	listing:category	not-fetched	
/category/34-bali	listing:category	200	
/category/34-bali?o=newest	listing:category	not-fetched	
/category/34-bali?p=highest	listing:category	not-fetched	
/category/34-bali?p=lowest	listing:category	not-fetched	
/category/34-bali?page=1	listing:category	200	
/category/34-bali?page=2	listing:category	200	
/category/34-bali?s=sold	listing:category	200	
/category/34-bali?s=unsold	listing:category	not-fetched	
/category/35-sumatra	listing:category	200	
/category/35-sumatra?o=newest	listing:category	not-fetched	
/category/35-sumatra?p=highest	listing:category	not-fetched	
/category/35-sumatra?p=lowest	listing:category	not-fetched	
/category/35-sumatra?page=1	listing:category	200	
/category/35-sumatra?page=2	listing:category	200	
/category/35-sumatra?s=sold	listing:category	200	
/category/35-sumatra?s=unsold	listing:category	not-fetched	
/category/36-borneo	listing:category	200	
/category/36-borneo?o=newest	listing:category	not-fetched	
/category/36-borneo?p=highest	listing:category	not-fetched	
/category/36-borneo?p=lowest	listing:category	not-fetched	
/category/36-borneo?page=1	listing:category	200	
/category/36-borneo?page=2	listing:category	200	
/category/36-borneo?page=3	listing:category	200	
/category/36-borneo?s=sold	listing:category	200	
/category/36-borneo?s=unsold	listing:category	not-fetched	
/category/37-moluccas-spice-islands	listing:category	200	
/category/37-moluccas-spice-islands?o=newest	listing:category	not-fetched	
/category/37-moluccas-spice-islands?p=highest	listing:category	not-fetched	
/category/37-moluccas-spice-islands?p=lowest	listing:category	not-fetched	
/category/37-moluccas-spice-islands?page=1	listing:category	200	
/category/37-moluccas-spice-islands?page=2	listing:category	200	
/category/37-moluccas-spice-islands?page=3	listing:category	200	
/category/37-moluccas-spice-islands?page=4	listing:category	200	
/category/37-moluccas-spice-islands?page=5	listing:category	200	
/category/37-moluccas-spice-islands?s=sold	listing:category	200	
/category/37-moluccas-spice-islands?s=unsold	listing:category	not-fetched	
/category/38-botanical	listing:category	200	
/category/38-botanical?o=newest	listing:category	not-fetched	
/category/38-botanical?p=highest	listing:category	not-fetched	
/category/38-botanical?p=lowest	listing:category	not-fetched	
/category/38-botanical?page=1	listing:category	200	
/category/38-botanical?page=10	listing:category	200	
/category/38-botanical?page=11	listing:category	200	
/category/38-botanical?page=12	listing:category	200	
/category/38-botanical?page=13	listing:category	200	
/category/38-botanical?page=2	listing:category	200	
/category/38-botanical?page=3	listing:category	200	
/category/38-botanical?page=4	listing:category	200	
/category/38-botanical?page=5	listing:category	200	
/category/38-botanical?page=6	listing:category	200	
/category/38-botanical?page=7	listing:category	200	
/category/38-botanical?page=8	listing:category	200	
/category/38-botanical?page=9	listing:category	200	
/category/38-botanical?s=sold	listing:category	200	
/category/38-botanical?s=sold&page=1	listing:category	200	
/category/38-botanical?s=sold&page=2	listing:category	200	
/category/38-botanical?s=unsold	listing:category	not-fetched	
/category/39-birds	listing:category	200	
/category/39-birds?o=newest	listing:category	not-fetched	
/category/39-birds?p=highest	listing:category	not-fetched	
/category/39-birds?p=lowest	listing:category	not-fetched	
/category/39-birds?page=1	listing:category	200	
/category/39-birds?page=2	listing:category	200	
/category/39-birds?page=3	listing:category	200	
/category/39-birds?page=4	listing:category	200	
/category/39-birds?page=5	listing:category	200	
/category/39-birds?page=6	listing:category	200	
/category/39-birds?page=7	listing:category	200	
/category/39-birds?page=8	listing:category	200	
/category/39-birds?s=sold	listing:category	200	
/category/39-birds?s=unsold	listing:category	not-fetched	
/category/4-asia	listing:category	200	
/category/4-asia?o=newest	listing:category	not-fetched	
/category/4-asia?p=highest	listing:category	not-fetched	
/category/4-asia?p=lowest	listing:category	not-fetched	
/category/4-asia?page=1	listing:category	200	
/category/4-asia?page=2	listing:category	200	
/category/4-asia?page=3	listing:category	200	
/category/4-asia?s=sold	listing:category	200	
/category/4-asia?s=sold&page=1	listing:category	200	
/category/4-asia?s=sold&page=2	listing:category	200	
/category/4-asia?s=unsold	listing:category	not-fetched	
/category/40-insects	listing:category	200	
/category/40-insects?o=newest	listing:category	not-fetched	
/category/40-insects?p=highest	listing:category	not-fetched	
/category/40-insects?p=lowest	listing:category	not-fetched	
/category/40-insects?s=sold	listing:category	200	
/category/40-insects?s=unsold	listing:category	not-fetched	
/category/41-sea-life	listing:category	200	
/category/41-sea-life?o=newest	listing:category	not-fetched	
/category/41-sea-life?p=highest	listing:category	not-fetched	
/category/41-sea-life?p=lowest	listing:category	not-fetched	
/category/41-sea-life?page=1	listing:category	200	
/category/41-sea-life?page=2	listing:category	200	
/category/41-sea-life?page=3	listing:category	200	
/category/41-sea-life?page=4	listing:category	200	
/category/41-sea-life?page=5	listing:category	200	
/category/41-sea-life?s=sold	listing:category	200	
/category/41-sea-life?s=unsold	listing:category	not-fetched	
/category/42-mammals	listing:category	200	
/category/42-mammals?o=newest	listing:category	not-fetched	
/category/42-mammals?p=highest	listing:category	not-fetched	
/category/42-mammals?p=lowest	listing:category	not-fetched	
/category/42-mammals?s=sold	listing:category	200	
/category/42-mammals?s=unsold	listing:category	not-fetched	
/category/43-the-old-batavia-jakarta	listing:category	200	
/category/43-the-old-batavia-jakarta?o=newest	listing:category	not-fetched	
/category/43-the-old-batavia-jakarta?p=highest	listing:category	not-fetched	
/category/43-the-old-batavia-jakarta?p=lowest	listing:category	not-fetched	
/category/43-the-old-batavia-jakarta?s=sold	listing:category	200	
/category/43-the-old-batavia-jakarta?s=unsold	listing:category	not-fetched	
/category/44-antique-maps-java	listing:category	200	
/category/44-antique-maps-java?o=newest	listing:category	not-fetched	
/category/44-antique-maps-java?p=highest	listing:category	not-fetched	
/category/44-antique-maps-java?p=lowest	listing:category	not-fetched	
/category/44-antique-maps-java?page=1	listing:category	200	
/category/44-antique-maps-java?page=2	listing:category	200	
/category/44-antique-maps-java?s=sold	listing:category	200	
/category/44-antique-maps-java?s=unsold	listing:category	not-fetched	
/category/45-antique-maps-sumatra	listing:category	200	
/category/45-antique-maps-sumatra?o=newest	listing:category	not-fetched	
/category/45-antique-maps-sumatra?p=highest	listing:category	not-fetched	
/category/45-antique-maps-sumatra?p=lowest	listing:category	not-fetched	
/category/45-antique-maps-sumatra?page=1	listing:category	200	
/category/45-antique-maps-sumatra?page=2	listing:category	200	
/category/45-antique-maps-sumatra?s=sold	listing:category	200	
/category/45-antique-maps-sumatra?s=unsold	listing:category	not-fetched	
/category/46-antique-maps-bali	listing:category	200	
/category/46-antique-maps-bali?o=newest	listing:category	not-fetched	
/category/46-antique-maps-bali?p=highest	listing:category	not-fetched	
/category/46-antique-maps-bali?p=lowest	listing:category	not-fetched	
/category/46-antique-maps-bali?s=sold	listing:category	200	
/category/46-antique-maps-bali?s=unsold	listing:category	not-fetched	
/category/47-antique-maps-borneo	listing:category	200	
/category/47-antique-maps-borneo?o=newest	listing:category	not-fetched	
/category/47-antique-maps-borneo?p=highest	listing:category	not-fetched	
/category/47-antique-maps-borneo?p=lowest	listing:category	not-fetched	
/category/47-antique-maps-borneo?s=sold	listing:category	200	
/category/47-antique-maps-borneo?s=unsold	listing:category	not-fetched	
/category/49-antique-maps-moluccas-spice-islands	listing:category	200	
/category/49-antique-maps-moluccas-spice-islands?o=newest	listing:category	not-fetched	
/category/49-antique-maps-moluccas-spice-islands?p=highest	listing:category	not-fetched	
/category/49-antique-maps-moluccas-spice-islands?p=lowest	listing:category	not-fetched	
/category/49-antique-maps-moluccas-spice-islands?page=1	listing:category	200	
/category/49-antique-maps-moluccas-spice-islands?page=2	listing:category	200	
/category/49-antique-maps-moluccas-spice-islands?s=sold	listing:category	200	
/category/49-antique-maps-moluccas-spice-islands?s=unsold	listing:category	not-fetched	
/category/5-south-east-asia	listing:category	200	
/category/5-south-east-asia?o=newest	listing:category	not-fetched	
/category/5-south-east-asia?p=highest	listing:category	not-fetched	
/category/5-south-east-asia?p=lowest	listing:category	not-fetched	
/category/5-south-east-asia?page=1	listing:category	200	
/category/5-south-east-asia?page=2	listing:category	200	
/category/5-south-east-asia?page=3	listing:category	200	
/category/5-south-east-asia?page=4	listing:category	200	
/category/5-south-east-asia?page=5	listing:category	200	
/category/5-south-east-asia?s=sold	listing:category	200	
/category/5-south-east-asia?s=sold&page=1	listing:category	200	
/category/5-south-east-asia?s=sold&page=2	listing:category	200	
/category/5-south-east-asia?s=sold&page=3	listing:category	200	
/category/5-south-east-asia?s=unsold	listing:category	not-fetched	
/category/50-antique-maps-papua	listing:category	200	
/category/50-antique-maps-papua?o=newest	listing:category	not-fetched	
/category/50-antique-maps-papua?p=highest	listing:category	not-fetched	
/category/50-antique-maps-papua?p=lowest	listing:category	not-fetched	
/category/50-antique-maps-papua?s=sold	listing:category	200	
/category/50-antique-maps-papua?s=unsold	listing:category	not-fetched	
/category/52-australia-maps	listing:category	200	
/category/52-australia-maps?o=newest	listing:category	not-fetched	
/category/52-australia-maps?p=highest	listing:category	not-fetched	
/category/52-australia-maps?p=lowest	listing:category	not-fetched	
/category/52-australia-maps?page=1	listing:category	200	
/category/52-australia-maps?page=2	listing:category	200	
/category/52-australia-maps?page=3	listing:category	200	
/category/52-australia-maps?s=sold	listing:category	200	
/category/52-australia-maps?s=unsold	listing:category	not-fetched	
/category/53-celebes-sulawesi	listing:category	200	
/category/53-celebes-sulawesi?o=newest	listing:category	not-fetched	
/category/53-celebes-sulawesi?p=highest	listing:category	not-fetched	
/category/53-celebes-sulawesi?p=lowest	listing:category	not-fetched	
/category/53-celebes-sulawesi?s=sold	listing:category	200	
/category/53-celebes-sulawesi?s=unsold	listing:category	not-fetched	
/category/54-australia-and-new-zealand	listing:category	200	
/category/54-australia-and-new-zealand?o=newest	listing:category	not-fetched	
/category/54-australia-and-new-zealand?p=highest	listing:category	not-fetched	
/category/54-australia-and-new-zealand?p=lowest	listing:category	not-fetched	
/category/54-australia-and-new-zealand?page=1	listing:category	200	
/category/54-australia-and-new-zealand?page=2	listing:category	200	
/category/54-australia-and-new-zealand?s=sold	listing:category	200	
/category/54-australia-and-new-zealand?s=unsold	listing:category	not-fetched	
/category/55-antique-photographs	listing:category	200	
/category/55-antique-photographs?o=newest	listing:category	not-fetched	
/category/55-antique-photographs?p=highest	listing:category	not-fetched	
/category/55-antique-photographs?p=lowest	listing:category	not-fetched	
/category/55-antique-photographs?page=1	listing:category	200	
/category/55-antique-photographs?page=2	listing:category	200	
/category/55-antique-photographs?page=3	listing:category	200	
/category/55-antique-photographs?page=4	listing:category	200	
/category/55-antique-photographs?page=5	listing:category	200	
/category/55-antique-photographs?page=6	listing:category	200	
/category/55-antique-photographs?s=sold	listing:category	200	
/category/55-antique-photographs?s=unsold	listing:category	not-fetched	
/category/56-singapore	listing:category	200	
/category/56-singapore?o=newest	listing:category	not-fetched	
/category/56-singapore?p=highest	listing:category	not-fetched	
/category/56-singapore?p=lowest	listing:category	not-fetched	
/category/56-singapore?page=1	listing:category	200	
/category/56-singapore?page=2	listing:category	200	
/category/56-singapore?page=3	listing:category	200	
/category/56-singapore?s=sold	listing:category	200	
/category/56-singapore?s=unsold	listing:category	not-fetched	
/category/57-indonesia-photo	listing:category	200	
/category/57-indonesia-photo?o=newest	listing:category	not-fetched	
/category/57-indonesia-photo?p=highest	listing:category	not-fetched	
/category/57-indonesia-photo?p=lowest	listing:category	not-fetched	
/category/57-indonesia-photo?s=sold	listing:category	200	
/category/57-indonesia-photo?s=unsold	listing:category	not-fetched	
/category/58-people	listing:category	200	
/category/58-people?o=newest	listing:category	not-fetched	
/category/58-people?p=highest	listing:category	not-fetched	
/category/58-people?p=lowest	listing:category	not-fetched	
/category/58-people?s=sold	listing:category	200	
/category/58-people?s=unsold	listing:category	not-fetched	
/category/59-batavia	listing:category	200	
/category/59-batavia?o=newest	listing:category	not-fetched	
/category/59-batavia?p=highest	listing:category	not-fetched	
/category/59-batavia?p=lowest	listing:category	not-fetched	
/category/59-batavia?s=sold	listing:category	200	
/category/59-batavia?s=unsold	listing:category	not-fetched	
/category/60-surabaya	listing:category	200	
/category/60-surabaya?o=newest	listing:category	not-fetched	
/category/60-surabaya?p=highest	listing:category	not-fetched	
/category/60-surabaya?p=lowest	listing:category	not-fetched	
/category/60-surabaya?s=sold	listing:category	200	
/category/60-surabaya?s=unsold	listing:category	not-fetched	
/category/61-malaysia	listing:category	200	
/category/61-malaysia?o=newest	listing:category	not-fetched	
/category/61-malaysia?p=highest	listing:category	not-fetched	
/category/61-malaysia?p=lowest	listing:category	not-fetched	
/category/61-malaysia?s=sold	listing:category	200	
/category/61-malaysia?s=unsold	listing:category	not-fetched	
/category/62-architecture	listing:category	200	
/category/62-architecture?o=newest	listing:category	not-fetched	
/category/62-architecture?p=highest	listing:category	not-fetched	
/category/62-architecture?p=lowest	listing:category	not-fetched	
/category/62-architecture?page=1	listing:category	200	
/category/62-architecture?page=2	listing:category	200	
/category/62-architecture?s=sold	listing:category	200	
/category/62-architecture?s=unsold	listing:category	not-fetched	
/category/63-streets	listing:category	200	
/category/63-streets?o=newest	listing:category	not-fetched	
/category/63-streets?p=highest	listing:category	not-fetched	
/category/63-streets?p=lowest	listing:category	not-fetched	
/category/63-streets?s=sold	listing:category	200	
/category/63-streets?s=unsold	listing:category	not-fetched	
/category/64-views-landscapes-photo	listing:category	200	
/category/64-views-landscapes-photo?o=newest	listing:category	not-fetched	
/category/64-views-landscapes-photo?p=highest	listing:category	not-fetched	
/category/64-views-landscapes-photo?p=lowest	listing:category	not-fetched	
/category/64-views-landscapes-photo?s=sold	listing:category	200	
/category/64-views-landscapes-photo?s=unsold	listing:category	not-fetched	
/category/65-australia-and-new-zealand-photo	listing:category	200	
/category/65-australia-and-new-zealand-photo?o=newest	listing:category	not-fetched	
/category/65-australia-and-new-zealand-photo?p=highest	listing:category	not-fetched	
/category/65-australia-and-new-zealand-photo?p=lowest	listing:category	not-fetched	
/category/65-australia-and-new-zealand-photo?s=sold	listing:category	200	
/category/65-australia-and-new-zealand-photo?s=unsold	listing:category	not-fetched	
/category/66-java-photo	listing:category	200	
/category/66-java-photo?o=newest	listing:category	not-fetched	
/category/66-java-photo?p=highest	listing:category	not-fetched	
/category/66-java-photo?p=lowest	listing:category	not-fetched	
/category/66-java-photo?s=sold	listing:category	200	
/category/66-java-photo?s=unsold	listing:category	not-fetched	
/category/67-sumatra-photo	listing:category	200	
/category/67-sumatra-photo?o=newest	listing:category	not-fetched	
/category/67-sumatra-photo?p=highest	listing:category	not-fetched	
/category/67-sumatra-photo?p=lowest	listing:category	not-fetched	
/category/67-sumatra-photo?s=sold	listing:category	200	
/category/67-sumatra-photo?s=unsold	listing:category	not-fetched	
/category/69-wayang	listing:category	200	
/category/69-wayang?o=newest	listing:category	not-fetched	
/category/69-wayang?p=highest	listing:category	not-fetched	
/category/69-wayang?p=lowest	listing:category	not-fetched	
/category/69-wayang?page=1	listing:category	200	
/category/69-wayang?page=2	listing:category	200	
/category/69-wayang?s=sold	listing:category	200	
/category/69-wayang?s=unsold	listing:category	not-fetched	
/category/7-world-maps	listing:category	200	
/category/7-world-maps?o=newest	listing:category	not-fetched	
/category/7-world-maps?p=highest	listing:category	not-fetched	
/category/7-world-maps?p=lowest	listing:category	not-fetched	
/category/7-world-maps?s=sold	listing:category	200	
/category/7-world-maps?s=unsold	listing:category	not-fetched	
/category/70-ethnology	listing:category	200	
/category/70-ethnology?o=newest	listing:category	not-fetched	
/category/70-ethnology?p=highest	listing:category	not-fetched	
/category/70-ethnology?p=lowest	listing:category	not-fetched	
/category/70-ethnology?page=1	listing:category	200	
/category/70-ethnology?page=2	listing:category	200	
/category/70-ethnology?page=3	listing:category	200	
/category/70-ethnology?page=4	listing:category	200	
/category/70-ethnology?page=5	listing:category	200	
/category/70-ethnology?s=sold	listing:category	200	
/category/70-ethnology?s=unsold	listing:category	not-fetched	
/category/71-exploration	listing:category	200	
/category/71-exploration?o=newest	listing:category	not-fetched	
/category/71-exploration?p=highest	listing:category	not-fetched	
/category/71-exploration?p=lowest	listing:category	not-fetched	
/category/71-exploration?page=1	listing:category	200	
/category/71-exploration?page=2	listing:category	200	
/category/71-exploration?page=3	listing:category	200	
/category/71-exploration?page=4	listing:category	200	
/category/71-exploration?page=5	listing:category	200	
/category/71-exploration?s=sold	listing:category	200	
/category/71-exploration?s=unsold	listing:category	not-fetched	
/category/72-new-zealand	listing:category	200	
/category/72-new-zealand?o=newest	listing:category	not-fetched	
/category/72-new-zealand?p=highest	listing:category	not-fetched	
/category/72-new-zealand?p=lowest	listing:category	not-fetched	
/category/72-new-zealand?s=sold	listing:category	200	
/category/72-new-zealand?s=unsold	listing:category	not-fetched	
/category/73-tribal-art	listing:category	200	
/category/73-tribal-art?o=newest	listing:category	not-fetched	
/category/73-tribal-art?p=highest	listing:category	not-fetched	
/category/73-tribal-art?p=lowest	listing:category	not-fetched	
/category/73-tribal-art?page=1	listing:category	200	
/category/73-tribal-art?page=2	listing:category	200	
/category/73-tribal-art?page=3	listing:category	200	
/category/73-tribal-art?s=sold	listing:category	200	
/category/73-tribal-art?s=unsold	listing:category	not-fetched	
/category/74-papua-prints	listing:category	200	
/category/74-papua-prints?o=newest	listing:category	not-fetched	
/category/74-papua-prints?p=highest	listing:category	not-fetched	
/category/74-papua-prints?p=lowest	listing:category	not-fetched	
/category/74-papua-prints?page=1	listing:category	200	
/category/74-papua-prints?page=2	listing:category	200	
/category/74-papua-prints?page=3	listing:category	200	
/category/74-papua-prints?s=sold	listing:category	200	
/category/74-papua-prints?s=unsold	listing:category	not-fetched	
/category/75-dance-music	listing:category	200	
/category/75-dance-music?o=newest	listing:category	not-fetched	
/category/75-dance-music?p=highest	listing:category	not-fetched	
/category/75-dance-music?p=lowest	listing:category	not-fetched	
/category/75-dance-music?page=1	listing:category	200	
/category/75-dance-music?page=2	listing:category	200	
/category/75-dance-music?page=3	listing:category	200	
/category/75-dance-music?s=sold	listing:category	200	
/category/75-dance-music?s=unsold	listing:category	not-fetched	
/category/76-yogyakarta	listing:category	200	
/category/76-yogyakarta?o=newest	listing:category	not-fetched	
/category/76-yogyakarta?p=highest	listing:category	not-fetched	
/category/76-yogyakarta?p=lowest	listing:category	not-fetched	
/category/76-yogyakarta?page=1	listing:category	200	
/category/76-yogyakarta?page=2	listing:category	200	
/category/76-yogyakarta?page=3	listing:category	200	
/category/76-yogyakarta?page=4	listing:category	200	
/category/76-yogyakarta?s=sold	listing:category	200	
/category/76-yogyakarta?s=unsold	listing:category	not-fetched	
/category/77-sulawesi-celebes	listing:category	200	
/category/77-sulawesi-celebes?o=newest	listing:category	not-fetched	
/category/77-sulawesi-celebes?p=highest	listing:category	not-fetched	
/category/77-sulawesi-celebes?p=lowest	listing:category	not-fetched	
/category/77-sulawesi-celebes?s=sold	listing:category	200	
/category/77-sulawesi-celebes?s=unsold	listing:category	not-fetched	
/category/78-batik	listing:category	200	
/category/78-batik?o=newest	listing:category	not-fetched	
/category/78-batik?p=highest	listing:category	not-fetched	
/category/78-batik?p=lowest	listing:category	not-fetched	
/category/78-batik?page=1	listing:category	200	
/category/78-batik?page=2	listing:category	200	
/category/78-batik?page=3	listing:category	200	
/category/78-batik?page=4	listing:category	200	
/category/78-batik?s=sold	listing:category	200	
/category/78-batik?s=unsold	listing:category	not-fetched	
/category/79-oceania	listing:category	200	
/category/79-oceania?o=newest	listing:category	not-fetched	
/category/79-oceania?p=highest	listing:category	not-fetched	
/category/79-oceania?p=lowest	listing:category	not-fetched	
/category/79-oceania?s=sold	listing:category	200	
/category/79-oceania?s=unsold	listing:category	not-fetched	
/category/80-oceania-prints	listing:category	200	
/category/80-oceania-prints?o=newest	listing:category	not-fetched	
/category/80-oceania-prints?p=highest	listing:category	not-fetched	
/category/80-oceania-prints?p=lowest	listing:category	not-fetched	
/category/80-oceania-prints?page=1	listing:category	200	
/category/80-oceania-prints?page=2	listing:category	200	
/category/80-oceania-prints?page=3	listing:category	200	
/category/80-oceania-prints?s=sold	listing:category	200	
/category/80-oceania-prints?s=unsold	listing:category	not-fetched	
/category/81-south-pacific-islands	listing:category	200	
/category/81-south-pacific-islands?o=newest	listing:category	not-fetched	
/category/81-south-pacific-islands?p=highest	listing:category	not-fetched	
/category/81-south-pacific-islands?p=lowest	listing:category	not-fetched	
/category/81-south-pacific-islands?s=sold	listing:category	200	
/category/81-south-pacific-islands?s=unsold	listing:category	not-fetched	
/category/82-cooks-voyages	listing:category	200	
/category/82-cooks-voyages?o=newest	listing:category	not-fetched	
/category/82-cooks-voyages?p=highest	listing:category	not-fetched	
/category/82-cooks-voyages?p=lowest	listing:category	not-fetched	
/category/82-cooks-voyages?s=sold	listing:category	200	
/category/82-cooks-voyages?s=unsold	listing:category	not-fetched	
/category/83-cooks-voyages-prints	listing:category	200	
/category/83-cooks-voyages-prints?o=newest	listing:category	not-fetched	
/category/83-cooks-voyages-prints?p=highest	listing:category	not-fetched	
/category/83-cooks-voyages-prints?p=lowest	listing:category	not-fetched	
/category/83-cooks-voyages-prints?page=1	listing:category	200	
/category/83-cooks-voyages-prints?page=2	listing:category	200	
/category/83-cooks-voyages-prints?page=3	listing:category	200	
/category/83-cooks-voyages-prints?s=sold	listing:category	200	
/category/83-cooks-voyages-prints?s=unsold	listing:category	not-fetched	
/category/85-north-america	listing:category	200	
/category/85-north-america?o=newest	listing:category	not-fetched	
/category/85-north-america?p=highest	listing:category	not-fetched	
/category/85-north-america?p=lowest	listing:category	not-fetched	
/category/85-north-america?s=sold	listing:category	200	
/category/85-north-america?s=unsold	listing:category	not-fetched	
/category/86-central-america-caribbean	listing:category	200	
/category/86-central-america-caribbean?o=newest	listing:category	not-fetched	
/category/86-central-america-caribbean?p=highest	listing:category	not-fetched	
/category/86-central-america-caribbean?p=lowest	listing:category	not-fetched	
/category/86-central-america-caribbean?s=sold	listing:category	200	
/category/86-central-america-caribbean?s=unsold	listing:category	not-fetched	
/category/87-south-america	listing:category	200	
/category/87-south-america?o=newest	listing:category	not-fetched	
/category/87-south-america?p=highest	listing:category	not-fetched	
/category/87-south-america?p=lowest	listing:category	not-fetched	
/category/87-south-america?s=sold	listing:category	200	
/category/87-south-america?s=unsold	listing:category	not-fetched	
/category/89-traditional-costumes-attire	listing:category	200	
/category/89-traditional-costumes-attire?o=newest	listing:category	not-fetched	
/category/89-traditional-costumes-attire?p=highest	listing:category	not-fetched	
/category/89-traditional-costumes-attire?p=lowest	listing:category	not-fetched	
/category/89-traditional-costumes-attire?page=1	listing:category	200	
/category/89-traditional-costumes-attire?page=2	listing:category	200	
/category/89-traditional-costumes-attire?page=3	listing:category	200	
/category/89-traditional-costumes-attire?page=4	listing:category	200	
/category/89-traditional-costumes-attire?page=5	listing:category	200	
/category/89-traditional-costumes-attire?page=6	listing:category	200	
/category/89-traditional-costumes-attire?s=sold	listing:category	200	
/category/89-traditional-costumes-attire?s=unsold	listing:category	not-fetched	
/category/9-antique-prints-indonesia	listing:category	200	
/category/9-antique-prints-indonesia?o=newest	listing:category	not-fetched	
/category/9-antique-prints-indonesia?p=highest	listing:category	not-fetched	
/category/9-antique-prints-indonesia?p=lowest	listing:category	not-fetched	
/category/9-antique-prints-indonesia?page=1	listing:category	200	
/category/9-antique-prints-indonesia?page=10	listing:category	200	
/category/9-antique-prints-indonesia?page=11	listing:category	200	
/category/9-antique-prints-indonesia?page=12	listing:category	200	
/category/9-antique-prints-indonesia?page=13	listing:category	200	
/category/9-antique-prints-indonesia?page=14	listing:category	200	
/category/9-antique-prints-indonesia?page=15	listing:category	200	
/category/9-antique-prints-indonesia?page=16	listing:category	200	
/category/9-antique-prints-indonesia?page=2	listing:category	200	
/category/9-antique-prints-indonesia?page=3	listing:category	200	
/category/9-antique-prints-indonesia?page=4	listing:category	200	
/category/9-antique-prints-indonesia?page=5	listing:category	200	
/category/9-antique-prints-indonesia?page=6	listing:category	200	
/category/9-antique-prints-indonesia?page=7	listing:category	200	
/category/9-antique-prints-indonesia?page=8	listing:category	200	
/category/9-antique-prints-indonesia?page=9	listing:category	200	
/category/9-antique-prints-indonesia?s=sold	listing:category	200	
/category/9-antique-prints-indonesia?s=sold&page=1	listing:category	200	
/category/9-antique-prints-indonesia?s=sold&page=2	listing:category	200	
/category/9-antique-prints-indonesia?s=unsold	listing:category	not-fetched	
/category/90-china-prints	listing:category	200	
/category/90-china-prints?o=newest	listing:category	not-fetched	
/category/90-china-prints?p=highest	listing:category	not-fetched	
/category/90-china-prints?p=lowest	listing:category	not-fetched	
/category/90-china-prints?s=sold	listing:category	200	
/category/90-china-prints?s=unsold	listing:category	not-fetched	
/category/91-indian-prints	listing:category	200	
/category/91-indian-prints?o=newest	listing:category	not-fetched	
/category/91-indian-prints?p=highest	listing:category	not-fetched	
/category/91-indian-prints?p=lowest	listing:category	not-fetched	
/category/91-indian-prints?page=1	listing:category	200	
/category/91-indian-prints?page=2	listing:category	200	
/category/91-indian-prints?s=sold	listing:category	200	
/category/91-indian-prints?s=unsold	listing:category	not-fetched	
/category/92-philippines-prints	listing:category	200	
/category/92-philippines-prints?o=newest	listing:category	not-fetched	
/category/92-philippines-prints?p=highest	listing:category	not-fetched	
/category/92-philippines-prints?p=lowest	listing:category	not-fetched	
/category/92-philippines-prints?s=sold	listing:category	200	
/category/92-philippines-prints?s=unsold	listing:category	not-fetched	
/category/94-tribal-ethnographic-art	listing:category	200	
/category/94-tribal-ethnographic-art?o=newest	listing:category	not-fetched	
/category/94-tribal-ethnographic-art?p=highest	listing:category	not-fetched	
/category/94-tribal-ethnographic-art?p=lowest	listing:category	not-fetched	
/category/94-tribal-ethnographic-art?s=sold	listing:category	200	
/category/94-tribal-ethnographic-art?s=unsold	listing:category	not-fetched	
/category/95-new-zealand-prints	listing:category	200	
/category/95-new-zealand-prints?o=newest	listing:category	not-fetched	
/category/95-new-zealand-prints?p=highest	listing:category	not-fetched	
/category/95-new-zealand-prints?p=lowest	listing:category	not-fetched	
/category/95-new-zealand-prints?s=sold	listing:category	200	
/category/95-new-zealand-prints?s=unsold	listing:category	not-fetched	
/category/97-special-objects	listing:category	200	
/category/97-special-objects?o=newest	listing:category	not-fetched	
/category/97-special-objects?p=highest	listing:category	not-fetched	
/category/97-special-objects?p=lowest	listing:category	not-fetched	
/category/97-special-objects?page=1	listing:category	200	
/category/97-special-objects?page=2	listing:category	200	
/category/97-special-objects?page=3	listing:category	200	
/category/97-special-objects?page=4	listing:category	200	
/category/97-special-objects?s=sold	listing:category	200	
/category/97-special-objects?s=unsold	listing:category	not-fetched	
/category/98-australia-oceania	listing:category	200	
/category/98-australia-oceania?o=newest	listing:category	not-fetched	
/category/98-australia-oceania?p=highest	listing:category	not-fetched	
/category/98-australia-oceania?p=lowest	listing:category	not-fetched	
/category/98-australia-oceania?s=sold	listing:category	200	
/category/98-australia-oceania?s=unsold	listing:category	not-fetched	
/category/99-americas-maps	listing:category	200	
/category/99-americas-maps?o=newest	listing:category	not-fetched	
/category/99-americas-maps?p=highest	listing:category	not-fetched	
/category/99-americas-maps?p=lowest	listing:category	not-fetched	
/category/99-americas-maps?s=sold	listing:category	200	
/category/99-americas-maps?s=unsold	listing:category	not-fetched	
/contact-us	page	200	
/faq	page	200	
/logo.png	asset	not-fetched	
/mapmaker/1-Abraham%20Ortelius	listing:maker	200	
/mapmaker/1-Abraham%20Ortelius?o=newest	listing:maker	not-fetched	
/mapmaker/1-Abraham%20Ortelius?p=highest	listing:maker	not-fetched	
/mapmaker/1-Abraham%20Ortelius?p=lowest	listing:maker	not-fetched	
/mapmaker/1-Abraham%20Ortelius?s=sold	listing:maker	200	
/mapmaker/1-Abraham%20Ortelius?s=unsold	listing:maker	not-fetched	
/mapmaker/10-dirk-homberg	listing:maker	200	
/mapmaker/10-dirk-homberg?o=newest	listing:maker	not-fetched	
/mapmaker/10-dirk-homberg?p=highest	listing:maker	not-fetched	
/mapmaker/10-dirk-homberg?p=lowest	listing:maker	not-fetched	
/mapmaker/10-dirk-homberg?s=sold	listing:maker	200	
/mapmaker/10-dirk-homberg?s=unsold	listing:maker	not-fetched	
/mapmaker/100-peter-conradi	listing:maker	200	
/mapmaker/100-peter-conradi?o=newest	listing:maker	not-fetched	
/mapmaker/100-peter-conradi?p=highest	listing:maker	not-fetched	
/mapmaker/100-peter-conradi?p=lowest	listing:maker	not-fetched	
/mapmaker/100-peter-conradi?s=sold	listing:maker	200	
/mapmaker/100-peter-conradi?s=unsold	listing:maker	not-fetched	
/mapmaker/101-urban-dortet-de-tessan	listing:maker	200	
/mapmaker/101-urban-dortet-de-tessan?o=newest	listing:maker	not-fetched	
/mapmaker/101-urban-dortet-de-tessan?p=highest	listing:maker	not-fetched	
/mapmaker/101-urban-dortet-de-tessan?p=lowest	listing:maker	not-fetched	
/mapmaker/101-urban-dortet-de-tessan?s=sold	listing:maker	200	
/mapmaker/101-urban-dortet-de-tessan?s=unsold	listing:maker	not-fetched	
/mapmaker/102-augustins-petermann	listing:maker	200	
/mapmaker/102-augustins-petermann?o=newest	listing:maker	not-fetched	
/mapmaker/102-augustins-petermann?p=highest	listing:maker	not-fetched	
/mapmaker/102-augustins-petermann?p=lowest	listing:maker	not-fetched	
/mapmaker/102-augustins-petermann?s=sold	listing:maker	200	
/mapmaker/102-augustins-petermann?s=unsold	listing:maker	not-fetched	
/mapmaker/103-james-wyld	listing:maker	200	
/mapmaker/103-james-wyld?o=newest	listing:maker	not-fetched	
/mapmaker/103-james-wyld?p=highest	listing:maker	not-fetched	
/mapmaker/103-james-wyld?p=lowest	listing:maker	not-fetched	
/mapmaker/103-james-wyld?s=sold	listing:maker	200	
/mapmaker/103-james-wyld?s=unsold	listing:maker	not-fetched	
/mapmaker/104-royal-java-motor-club-association	listing:maker	200	
/mapmaker/104-royal-java-motor-club-association?o=newest	listing:maker	not-fetched	
/mapmaker/104-royal-java-motor-club-association?p=highest	listing:maker	not-fetched	
/mapmaker/104-royal-java-motor-club-association?p=lowest	listing:maker	not-fetched	
/mapmaker/104-royal-java-motor-club-association?s=sold	listing:maker	200	
/mapmaker/104-royal-java-motor-club-association?s=unsold	listing:maker	not-fetched	
/mapmaker/105-nicolas-sanson	listing:maker	200	
/mapmaker/105-nicolas-sanson?o=newest	listing:maker	not-fetched	
/mapmaker/105-nicolas-sanson?p=highest	listing:maker	not-fetched	
/mapmaker/105-nicolas-sanson?p=lowest	listing:maker	not-fetched	
/mapmaker/105-nicolas-sanson?s=sold	listing:maker	200	
/mapmaker/105-nicolas-sanson?s=unsold	listing:maker	not-fetched	
/mapmaker/106-john-stockdale	listing:maker	200	
/mapmaker/106-john-stockdale?o=newest	listing:maker	not-fetched	
/mapmaker/106-john-stockdale?p=highest	listing:maker	not-fetched	
/mapmaker/106-john-stockdale?p=lowest	listing:maker	not-fetched	
/mapmaker/106-john-stockdale?s=sold	listing:maker	200	
/mapmaker/106-john-stockdale?s=unsold	listing:maker	not-fetched	
/mapmaker/107-allain-manneson-mallet	listing:maker	200	
/mapmaker/107-allain-manneson-mallet?o=newest	listing:maker	not-fetched	
/mapmaker/107-allain-manneson-mallet?p=highest	listing:maker	not-fetched	
/mapmaker/107-allain-manneson-mallet?p=lowest	listing:maker	not-fetched	
/mapmaker/107-allain-manneson-mallet?s=sold	listing:maker	200	
/mapmaker/107-allain-manneson-mallet?s=unsold	listing:maker	not-fetched	
/mapmaker/108-augustine-torniello	listing:maker	200	
/mapmaker/108-augustine-torniello?o=newest	listing:maker	not-fetched	
/mapmaker/108-augustine-torniello?p=highest	listing:maker	not-fetched	
/mapmaker/108-augustine-torniello?p=lowest	listing:maker	not-fetched	
/mapmaker/108-augustine-torniello?s=sold	listing:maker	200	
/mapmaker/108-augustine-torniello?s=unsold	listing:maker	not-fetched	
/mapmaker/109-guillaume-de-l-isle	listing:maker	200	
/mapmaker/109-guillaume-de-l-isle?o=newest	listing:maker	not-fetched	
/mapmaker/109-guillaume-de-l-isle?p=highest	listing:maker	not-fetched	
/mapmaker/109-guillaume-de-l-isle?p=lowest	listing:maker	not-fetched	
/mapmaker/109-guillaume-de-l-isle?s=sold	listing:maker	200	
/mapmaker/109-guillaume-de-l-isle?s=unsold	listing:maker	not-fetched	
/mapmaker/11-stamford-raffles	listing:maker	200	
/mapmaker/11-stamford-raffles?o=newest	listing:maker	not-fetched	
/mapmaker/11-stamford-raffles?p=highest	listing:maker	not-fetched	
/mapmaker/11-stamford-raffles?p=lowest	listing:maker	not-fetched	
/mapmaker/11-stamford-raffles?s=sold	listing:maker	200	
/mapmaker/11-stamford-raffles?s=unsold	listing:maker	not-fetched	
/mapmaker/110-sj-baumgarten	listing:maker	200	
/mapmaker/110-sj-baumgarten?o=newest	listing:maker	not-fetched	
/mapmaker/110-sj-baumgarten?p=highest	listing:maker	not-fetched	
/mapmaker/110-sj-baumgarten?p=lowest	listing:maker	not-fetched	
/mapmaker/110-sj-baumgarten?s=sold	listing:maker	200	
/mapmaker/110-sj-baumgarten?s=unsold	listing:maker	not-fetched	
/mapmaker/111-rene-augustin-constantin-de-renneville	listing:maker	200	
/mapmaker/111-rene-augustin-constantin-de-renneville?o=newest	listing:maker	not-fetched	
/mapmaker/111-rene-augustin-constantin-de-renneville?p=highest	listing:maker	not-fetched	
/mapmaker/111-rene-augustin-constantin-de-renneville?p=lowest	listing:maker	not-fetched	
/mapmaker/111-rene-augustin-constantin-de-renneville?s=sold	listing:maker	200	
/mapmaker/111-rene-augustin-constantin-de-renneville?s=unsold	listing:maker	not-fetched	
/mapmaker/112-george-louis-le-rouge	listing:maker	200	
/mapmaker/112-george-louis-le-rouge?o=newest	listing:maker	not-fetched	
/mapmaker/112-george-louis-le-rouge?p=highest	listing:maker	not-fetched	
/mapmaker/112-george-louis-le-rouge?p=lowest	listing:maker	not-fetched	
/mapmaker/112-george-louis-le-rouge?s=sold	listing:maker	200	
/mapmaker/112-george-louis-le-rouge?s=unsold	listing:maker	not-fetched	
/mapmaker/113-jean-baptiste-dapres-de-mannevillette	listing:maker	200	
/mapmaker/113-jean-baptiste-dapres-de-mannevillette?o=newest	listing:maker	not-fetched	
/mapmaker/113-jean-baptiste-dapres-de-mannevillette?p=highest	listing:maker	not-fetched	
/mapmaker/113-jean-baptiste-dapres-de-mannevillette?p=lowest	listing:maker	not-fetched	
/mapmaker/113-jean-baptiste-dapres-de-mannevillette?s=sold	listing:maker	200	
/mapmaker/113-jean-baptiste-dapres-de-mannevillette?s=unsold	listing:maker	not-fetched	
/mapmaker/114-b-g-escher	listing:maker	200	
/mapmaker/114-b-g-escher?o=newest	listing:maker	not-fetched	
/mapmaker/114-b-g-escher?p=highest	listing:maker	not-fetched	
/mapmaker/114-b-g-escher?p=lowest	listing:maker	not-fetched	
/mapmaker/114-b-g-escher?s=sold	listing:maker	200	
/mapmaker/114-b-g-escher?s=unsold	listing:maker	not-fetched	
/mapmaker/115-william-guthrie	listing:maker	200	
/mapmaker/115-william-guthrie?o=newest	listing:maker	not-fetched	
/mapmaker/115-william-guthrie?p=highest	listing:maker	not-fetched	
/mapmaker/115-william-guthrie?p=lowest	listing:maker	not-fetched	
/mapmaker/115-william-guthrie?s=sold	listing:maker	200	
/mapmaker/115-william-guthrie?s=unsold	listing:maker	not-fetched	
/mapmaker/116-daniel-giraud-elliot	listing:maker	200	
/mapmaker/116-daniel-giraud-elliot?o=newest	listing:maker	not-fetched	
/mapmaker/116-daniel-giraud-elliot?p=highest	listing:maker	not-fetched	
/mapmaker/116-daniel-giraud-elliot?p=lowest	listing:maker	not-fetched	
/mapmaker/116-daniel-giraud-elliot?s=sold	listing:maker	200	
/mapmaker/116-daniel-giraud-elliot?s=unsold	listing:maker	not-fetched	
/mapmaker/119-hendrik-paulides	listing:maker	200	
/mapmaker/119-hendrik-paulides?o=newest	listing:maker	not-fetched	
/mapmaker/119-hendrik-paulides?p=highest	listing:maker	not-fetched	
/mapmaker/119-hendrik-paulides?p=lowest	listing:maker	not-fetched	
/mapmaker/119-hendrik-paulides?s=sold	listing:maker	200	
/mapmaker/119-hendrik-paulides?s=unsold	listing:maker	not-fetched	
/mapmaker/12-henri-abraham-chatelain	listing:maker	200	
/mapmaker/12-henri-abraham-chatelain?o=newest	listing:maker	not-fetched	
/mapmaker/12-henri-abraham-chatelain?p=highest	listing:maker	not-fetched	
/mapmaker/12-henri-abraham-chatelain?p=lowest	listing:maker	not-fetched	
/mapmaker/12-henri-abraham-chatelain?s=sold	listing:maker	200	
/mapmaker/12-henri-abraham-chatelain?s=unsold	listing:maker	not-fetched	
/mapmaker/120-willem-dooijewaard	listing:maker	200	
/mapmaker/120-willem-dooijewaard?o=newest	listing:maker	not-fetched	
/mapmaker/120-willem-dooijewaard?p=highest	listing:maker	not-fetched	
/mapmaker/120-willem-dooijewaard?p=lowest	listing:maker	not-fetched	
/mapmaker/120-willem-dooijewaard?s=sold	listing:maker	200	
/mapmaker/120-willem-dooijewaard?s=unsold	listing:maker	not-fetched	
/mapmaker/121-franz-wilhelm-junghuhn	listing:maker	200	
/mapmaker/121-franz-wilhelm-junghuhn?o=newest	listing:maker	not-fetched	
/mapmaker/121-franz-wilhelm-junghuhn?p=highest	listing:maker	not-fetched	
/mapmaker/121-franz-wilhelm-junghuhn?p=lowest	listing:maker	not-fetched	
/mapmaker/121-franz-wilhelm-junghuhn?s=sold	listing:maker	200	
/mapmaker/121-franz-wilhelm-junghuhn?s=unsold	listing:maker	not-fetched	
/mapmaker/122-hurat-blackett	listing:maker	200	
/mapmaker/122-hurat-blackett?o=newest	listing:maker	not-fetched	
/mapmaker/122-hurat-blackett?p=highest	listing:maker	not-fetched	
/mapmaker/122-hurat-blackett?p=lowest	listing:maker	not-fetched	
/mapmaker/122-hurat-blackett?s=sold	listing:maker	200	
/mapmaker/122-hurat-blackett?s=unsold	listing:maker	not-fetched	
/mapmaker/123-brisseau-de-mirbel	listing:maker	200	
/mapmaker/123-brisseau-de-mirbel?o=newest	listing:maker	not-fetched	
/mapmaker/123-brisseau-de-mirbel?p=highest	listing:maker	not-fetched	
/mapmaker/123-brisseau-de-mirbel?p=lowest	listing:maker	not-fetched	
/mapmaker/123-brisseau-de-mirbel?page=1	listing:maker	200	
/mapmaker/123-brisseau-de-mirbel?page=2	listing:maker	200	
/mapmaker/123-brisseau-de-mirbel?page=3	listing:maker	200	
/mapmaker/123-brisseau-de-mirbel?page=4	listing:maker	200	
/mapmaker/123-brisseau-de-mirbel?s=sold	listing:maker	200	
/mapmaker/123-brisseau-de-mirbel?s=unsold	listing:maker	not-fetched	
/mapmaker/124-charles-alexander-lesueur	listing:maker	200	
/mapmaker/124-charles-alexander-lesueur?o=newest	listing:maker	not-fetched	
/mapmaker/124-charles-alexander-lesueur?p=highest	listing:maker	not-fetched	
/mapmaker/124-charles-alexander-lesueur?p=lowest	listing:maker	not-fetched	
/mapmaker/124-charles-alexander-lesueur?page=1	listing:maker	200	
/mapmaker/124-charles-alexander-lesueur?page=2	listing:maker	200	
/mapmaker/124-charles-alexander-lesueur?s=sold	listing:maker	200	
/mapmaker/124-charles-alexander-lesueur?s=unsold	listing:maker	not-fetched	
/mapmaker/125-freycinet	listing:maker	200	
/mapmaker/125-freycinet?o=newest	listing:maker	not-fetched	
/mapmaker/125-freycinet?p=highest	listing:maker	not-fetched	
/mapmaker/125-freycinet?p=lowest	listing:maker	not-fetched	
/mapmaker/125-freycinet?s=sold	listing:maker	200	
/mapmaker/125-freycinet?s=unsold	listing:maker	not-fetched	
/mapmaker/126-nicolas-martin-petit	listing:maker	200	
/mapmaker/126-nicolas-martin-petit?o=newest	listing:maker	not-fetched	
/mapmaker/126-nicolas-martin-petit?p=highest	listing:maker	not-fetched	
/mapmaker/126-nicolas-martin-petit?p=lowest	listing:maker	not-fetched	
/mapmaker/126-nicolas-martin-petit?s=sold	listing:maker	200	
/mapmaker/126-nicolas-martin-petit?s=unsold	listing:maker	not-fetched	
/mapmaker/127-t-dixon	listing:maker	200	
/mapmaker/127-t-dixon?o=newest	listing:maker	not-fetched	
/mapmaker/127-t-dixon?p=highest	listing:maker	not-fetched	
/mapmaker/127-t-dixon?p=lowest	listing:maker	not-fetched	
/mapmaker/127-t-dixon?s=sold	listing:maker	200	
/mapmaker/127-t-dixon?s=unsold	listing:maker	not-fetched	
/mapmaker/128-van-de-velde	listing:maker	200	
/mapmaker/128-van-de-velde?o=newest	listing:maker	not-fetched	
/mapmaker/128-van-de-velde?p=highest	listing:maker	not-fetched	
/mapmaker/128-van-de-velde?p=lowest	listing:maker	not-fetched	
/mapmaker/128-van-de-velde?s=sold	listing:maker	200	
/mapmaker/128-van-de-velde?s=unsold	listing:maker	not-fetched	
/mapmaker/129-alexander-jamieson	listing:maker	200	
/mapmaker/129-alexander-jamieson?o=newest	listing:maker	not-fetched	
/mapmaker/129-alexander-jamieson?p=highest	listing:maker	not-fetched	
/mapmaker/129-alexander-jamieson?p=lowest	listing:maker	not-fetched	
/mapmaker/129-alexander-jamieson?s=sold	listing:maker	200	
/mapmaker/129-alexander-jamieson?s=unsold	listing:maker	not-fetched	
/mapmaker/130-antoine-francois-prevost	listing:maker	200	
/mapmaker/130-antoine-francois-prevost?o=newest	listing:maker	not-fetched	
/mapmaker/130-antoine-francois-prevost?p=highest	listing:maker	not-fetched	
/mapmaker/130-antoine-francois-prevost?p=lowest	listing:maker	not-fetched	
/mapmaker/130-antoine-francois-prevost?s=sold	listing:maker	200	
/mapmaker/130-antoine-francois-prevost?s=unsold	listing:maker	not-fetched	
/mapmaker/131-sir-frederick-aloysius-weld	listing:maker	200	
/mapmaker/131-sir-frederick-aloysius-weld?o=newest	listing:maker	not-fetched	
/mapmaker/131-sir-frederick-aloysius-weld?p=highest	listing:maker	not-fetched	
/mapmaker/131-sir-frederick-aloysius-weld?p=lowest	listing:maker	not-fetched	
/mapmaker/131-sir-frederick-aloysius-weld?page=1	listing:maker	200	
/mapmaker/131-sir-frederick-aloysius-weld?page=2	listing:maker	200	
/mapmaker/131-sir-frederick-aloysius-weld?s=sold	listing:maker	200	
/mapmaker/131-sir-frederick-aloysius-weld?s=unsold	listing:maker	not-fetched	
/mapmaker/132-ernest-hardouin	listing:maker	200	
/mapmaker/132-ernest-hardouin?o=newest	listing:maker	not-fetched	
/mapmaker/132-ernest-hardouin?p=highest	listing:maker	not-fetched	
/mapmaker/132-ernest-hardouin?p=lowest	listing:maker	not-fetched	
/mapmaker/132-ernest-hardouin?s=sold	listing:maker	200	
/mapmaker/132-ernest-hardouin?s=unsold	listing:maker	not-fetched	
/mapmaker/133-charles-dorbigny	listing:maker	200	
/mapmaker/133-charles-dorbigny?o=newest	listing:maker	not-fetched	
/mapmaker/133-charles-dorbigny?p=highest	listing:maker	not-fetched	
/mapmaker/133-charles-dorbigny?p=lowest	listing:maker	not-fetched	
/mapmaker/133-charles-dorbigny?page=1	listing:maker	200	
/mapmaker/133-charles-dorbigny?page=2	listing:maker	200	
/mapmaker/133-charles-dorbigny?page=3	listing:maker	200	
/mapmaker/133-charles-dorbigny?page=4	listing:maker	200	
/mapmaker/133-charles-dorbigny?page=5	listing:maker	200	
/mapmaker/133-charles-dorbigny?page=6	listing:maker	200	
/mapmaker/133-charles-dorbigny?page=7	listing:maker	200	
/mapmaker/133-charles-dorbigny?s=sold	listing:maker	200	
/mapmaker/133-charles-dorbigny?s=unsold	listing:maker	not-fetched	
/mapmaker/134-francois-xavier-habermann	listing:maker	200	
/mapmaker/134-francois-xavier-habermann?o=newest	listing:maker	not-fetched	
/mapmaker/134-francois-xavier-habermann?p=highest	listing:maker	not-fetched	
/mapmaker/134-francois-xavier-habermann?p=lowest	listing:maker	not-fetched	
/mapmaker/134-francois-xavier-habermann?s=sold	listing:maker	200	
/mapmaker/134-francois-xavier-habermann?s=unsold	listing:maker	not-fetched	
/mapmaker/14-claude-buffier	listing:maker	200	
/mapmaker/14-claude-buffier?o=newest	listing:maker	not-fetched	
/mapmaker/14-claude-buffier?p=highest	listing:maker	not-fetched	
/mapmaker/14-claude-buffier?p=lowest	listing:maker	not-fetched	
/mapmaker/14-claude-buffier?s=sold	listing:maker	200	
/mapmaker/14-claude-buffier?s=unsold	listing:maker	not-fetched	
/mapmaker/15-toms	listing:maker	200	
/mapmaker/15-toms?o=newest	listing:maker	not-fetched	
/mapmaker/15-toms?p=highest	listing:maker	not-fetched	
/mapmaker/15-toms?p=lowest	listing:maker	not-fetched	
/mapmaker/15-toms?s=sold	listing:maker	200	
/mapmaker/15-toms?s=unsold	listing:maker	not-fetched	
/mapmaker/16-lattre	listing:maker	200	
/mapmaker/16-lattre?o=newest	listing:maker	not-fetched	
/mapmaker/16-lattre?p=highest	listing:maker	not-fetched	
/mapmaker/16-lattre?p=lowest	listing:maker	not-fetched	
/mapmaker/16-lattre?s=sold	listing:maker	200	
/mapmaker/16-lattre?s=unsold	listing:maker	not-fetched	
/mapmaker/17-expilly	listing:maker	200	
/mapmaker/17-expilly?o=newest	listing:maker	not-fetched	
/mapmaker/17-expilly?p=highest	listing:maker	not-fetched	
/mapmaker/17-expilly?p=lowest	listing:maker	not-fetched	
/mapmaker/17-expilly?s=sold	listing:maker	200	
/mapmaker/17-expilly?s=unsold	listing:maker	not-fetched	
/mapmaker/18-jacques-nicolas-bellin	listing:maker	200	
/mapmaker/18-jacques-nicolas-bellin?o=newest	listing:maker	not-fetched	
/mapmaker/18-jacques-nicolas-bellin?p=highest	listing:maker	not-fetched	
/mapmaker/18-jacques-nicolas-bellin?p=lowest	listing:maker	not-fetched	
/mapmaker/18-jacques-nicolas-bellin?page=1	listing:maker	200	
/mapmaker/18-jacques-nicolas-bellin?page=2	listing:maker	200	
/mapmaker/18-jacques-nicolas-bellin?s=sold	listing:maker	200	
/mapmaker/18-jacques-nicolas-bellin?s=unsold	listing:maker	not-fetched	
/mapmaker/19-gregorio-leti-1630-1710	listing:maker	200	
/mapmaker/19-gregorio-leti-1630-1710?o=newest	listing:maker	not-fetched	
/mapmaker/19-gregorio-leti-1630-1710?p=highest	listing:maker	not-fetched	
/mapmaker/19-gregorio-leti-1630-1710?p=lowest	listing:maker	not-fetched	
/mapmaker/19-gregorio-leti-1630-1710?s=sold	listing:maker	200	
/mapmaker/19-gregorio-leti-1630-1710?s=unsold	listing:maker	not-fetched	
/mapmaker/2-van-keulen	listing:maker	200	
/mapmaker/2-van-keulen?o=newest	listing:maker	not-fetched	
/mapmaker/2-van-keulen?p=highest	listing:maker	not-fetched	
/mapmaker/2-van-keulen?p=lowest	listing:maker	not-fetched	
/mapmaker/2-van-keulen?s=sold	listing:maker	200	
/mapmaker/2-van-keulen?s=unsold	listing:maker	not-fetched	
/mapmaker/21-petrus-plancius-1552-1622	listing:maker	200	
/mapmaker/21-petrus-plancius-1552-1622?o=newest	listing:maker	not-fetched	
/mapmaker/21-petrus-plancius-1552-1622?p=highest	listing:maker	not-fetched	
/mapmaker/21-petrus-plancius-1552-1622?p=lowest	listing:maker	not-fetched	
/mapmaker/21-petrus-plancius-1552-1622?s=sold	listing:maker	200	
/mapmaker/21-petrus-plancius-1552-1622?s=unsold	listing:maker	not-fetched	
/mapmaker/22-jan-jansson-1588-1664	listing:maker	200	
/mapmaker/22-jan-jansson-1588-1664?o=newest	listing:maker	not-fetched	
/mapmaker/22-jan-jansson-1588-1664?p=highest	listing:maker	not-fetched	
/mapmaker/22-jan-jansson-1588-1664?p=lowest	listing:maker	not-fetched	
/mapmaker/22-jan-jansson-1588-1664?s=sold	listing:maker	200	
/mapmaker/22-jan-jansson-1588-1664?s=unsold	listing:maker	not-fetched	
/mapmaker/23-pieter-goos	listing:maker	200	
/mapmaker/23-pieter-goos?o=newest	listing:maker	not-fetched	
/mapmaker/23-pieter-goos?p=highest	listing:maker	not-fetched	
/mapmaker/23-pieter-goos?p=lowest	listing:maker	not-fetched	
/mapmaker/23-pieter-goos?s=sold	listing:maker	200	
/mapmaker/23-pieter-goos?s=unsold	listing:maker	not-fetched	
/mapmaker/25-sebastiaan-munster	listing:maker	200	
/mapmaker/25-sebastiaan-munster?o=newest	listing:maker	not-fetched	
/mapmaker/25-sebastiaan-munster?p=highest	listing:maker	not-fetched	
/mapmaker/25-sebastiaan-munster?p=lowest	listing:maker	not-fetched	
/mapmaker/25-sebastiaan-munster?s=sold	listing:maker	200	
/mapmaker/25-sebastiaan-munster?s=unsold	listing:maker	not-fetched	
/mapmaker/26-jodocus-hondius-1563-1612	listing:maker	200	
/mapmaker/26-jodocus-hondius-1563-1612?o=newest	listing:maker	not-fetched	
/mapmaker/26-jodocus-hondius-1563-1612?p=highest	listing:maker	not-fetched	
/mapmaker/26-jodocus-hondius-1563-1612?p=lowest	listing:maker	not-fetched	
/mapmaker/26-jodocus-hondius-1563-1612?s=sold	listing:maker	200	
/mapmaker/26-jodocus-hondius-1563-1612?s=unsold	listing:maker	not-fetched	
/mapmaker/27-isaak-tirion	listing:maker	200	
/mapmaker/27-isaak-tirion?o=newest	listing:maker	not-fetched	
/mapmaker/27-isaak-tirion?p=highest	listing:maker	not-fetched	
/mapmaker/27-isaak-tirion?p=lowest	listing:maker	not-fetched	
/mapmaker/27-isaak-tirion?s=sold	listing:maker	200	
/mapmaker/27-isaak-tirion?s=unsold	listing:maker	not-fetched	
/mapmaker/28-willem-janszoon-blaeu	listing:maker	200	
/mapmaker/28-willem-janszoon-blaeu?o=newest	listing:maker	not-fetched	
/mapmaker/28-willem-janszoon-blaeu?p=highest	listing:maker	not-fetched	
/mapmaker/28-willem-janszoon-blaeu?p=lowest	listing:maker	not-fetched	
/mapmaker/28-willem-janszoon-blaeu?s=sold	listing:maker	200	
/mapmaker/28-willem-janszoon-blaeu?s=unsold	listing:maker	not-fetched	
/mapmaker/29-jc-rappard	listing:maker	200	
/mapmaker/29-jc-rappard?o=newest	listing:maker	not-fetched	
/mapmaker/29-jc-rappard?p=highest	listing:maker	not-fetched	
/mapmaker/29-jc-rappard?p=lowest	listing:maker	not-fetched	
/mapmaker/29-jc-rappard?page=1	listing:maker	200	
/mapmaker/29-jc-rappard?page=2	listing:maker	200	
/mapmaker/29-jc-rappard?page=3	listing:maker	200	
/mapmaker/29-jc-rappard?page=4	listing:maker	200	
/mapmaker/29-jc-rappard?page=5	listing:maker	200	
/mapmaker/29-jc-rappard?s=sold	listing:maker	200	
/mapmaker/29-jc-rappard?s=unsold	listing:maker	not-fetched	
/mapmaker/3-theodore-de-bry	listing:maker	200	
/mapmaker/3-theodore-de-bry?o=newest	listing:maker	not-fetched	
/mapmaker/3-theodore-de-bry?p=highest	listing:maker	not-fetched	
/mapmaker/3-theodore-de-bry?p=lowest	listing:maker	not-fetched	
/mapmaker/3-theodore-de-bry?s=sold	listing:maker	200	
/mapmaker/3-theodore-de-bry?s=unsold	listing:maker	not-fetched	
/mapmaker/30-pa-van-der-lith	listing:maker	200	
/mapmaker/30-pa-van-der-lith?o=newest	listing:maker	not-fetched	
/mapmaker/30-pa-van-der-lith?p=highest	listing:maker	not-fetched	
/mapmaker/30-pa-van-der-lith?p=lowest	listing:maker	not-fetched	
/mapmaker/30-pa-van-der-lith?page=1	listing:maker	200	
/mapmaker/30-pa-van-der-lith?page=2	listing:maker	200	
/mapmaker/30-pa-van-der-lith?s=sold	listing:maker	200	
/mapmaker/30-pa-van-der-lith?s=unsold	listing:maker	not-fetched	
/mapmaker/31-jean-baptiste-de-mannevillette	listing:maker	200	
/mapmaker/31-jean-baptiste-de-mannevillette?o=newest	listing:maker	not-fetched	
/mapmaker/31-jean-baptiste-de-mannevillette?p=highest	listing:maker	not-fetched	
/mapmaker/31-jean-baptiste-de-mannevillette?p=lowest	listing:maker	not-fetched	
/mapmaker/31-jean-baptiste-de-mannevillette?s=sold	listing:maker	200	
/mapmaker/31-jean-baptiste-de-mannevillette?s=unsold	listing:maker	not-fetched	
/mapmaker/32-jacques-peeters	listing:maker	200	
/mapmaker/32-jacques-peeters?o=newest	listing:maker	not-fetched	
/mapmaker/32-jacques-peeters?p=highest	listing:maker	not-fetched	
/mapmaker/32-jacques-peeters?p=lowest	listing:maker	not-fetched	
/mapmaker/32-jacques-peeters?s=sold	listing:maker	200	
/mapmaker/32-jacques-peeters?s=unsold	listing:maker	not-fetched	
/mapmaker/33-johan-walch	listing:maker	200	
/mapmaker/33-johan-walch?o=newest	listing:maker	not-fetched	
/mapmaker/33-johan-walch?p=highest	listing:maker	not-fetched	
/mapmaker/33-johan-walch?p=lowest	listing:maker	not-fetched	
/mapmaker/33-johan-walch?s=sold	listing:maker	200	
/mapmaker/33-johan-walch?s=unsold	listing:maker	not-fetched	
/mapmaker/34-g-m-tuttini	listing:maker	200	
/mapmaker/34-g-m-tuttini?o=newest	listing:maker	not-fetched	
/mapmaker/34-g-m-tuttini?p=highest	listing:maker	not-fetched	
/mapmaker/34-g-m-tuttini?p=lowest	listing:maker	not-fetched	
/mapmaker/34-g-m-tuttini?s=sold	listing:maker	200	
/mapmaker/34-g-m-tuttini?s=unsold	listing:maker	not-fetched	
/mapmaker/35-giovanni-magini	listing:maker	200	
/mapmaker/35-giovanni-magini?o=newest	listing:maker	not-fetched	
/mapmaker/35-giovanni-magini?p=highest	listing:maker	not-fetched	
/mapmaker/35-giovanni-magini?p=lowest	listing:maker	not-fetched	
/mapmaker/35-giovanni-magini?s=sold	listing:maker	200	
/mapmaker/35-giovanni-magini?s=unsold	listing:maker	not-fetched	
/mapmaker/36-raden-saleh	listing:maker	200	
/mapmaker/36-raden-saleh?o=newest	listing:maker	not-fetched	
/mapmaker/36-raden-saleh?p=highest	listing:maker	not-fetched	
/mapmaker/36-raden-saleh?p=lowest	listing:maker	not-fetched	
/mapmaker/36-raden-saleh?s=sold	listing:maker	200	
/mapmaker/36-raden-saleh?s=unsold	listing:maker	not-fetched	
/mapmaker/37-robert-de-vaugondy	listing:maker	200	
/mapmaker/37-robert-de-vaugondy?o=newest	listing:maker	not-fetched	
/mapmaker/37-robert-de-vaugondy?p=highest	listing:maker	not-fetched	
/mapmaker/37-robert-de-vaugondy?p=lowest	listing:maker	not-fetched	
/mapmaker/37-robert-de-vaugondy?s=sold	listing:maker	200	
/mapmaker/37-robert-de-vaugondy?s=unsold	listing:maker	not-fetched	
/mapmaker/38-rigobert-bonne	listing:maker	200	
/mapmaker/38-rigobert-bonne?o=newest	listing:maker	not-fetched	
/mapmaker/38-rigobert-bonne?p=highest	listing:maker	not-fetched	
/mapmaker/38-rigobert-bonne?p=lowest	listing:maker	not-fetched	
/mapmaker/38-rigobert-bonne?s=sold	listing:maker	200	
/mapmaker/38-rigobert-bonne?s=unsold	listing:maker	not-fetched	
/mapmaker/39-lambert-co	listing:maker	200	
/mapmaker/39-lambert-co?o=newest	listing:maker	not-fetched	
/mapmaker/39-lambert-co?p=highest	listing:maker	not-fetched	
/mapmaker/39-lambert-co?p=lowest	listing:maker	not-fetched	
/mapmaker/39-lambert-co?s=sold	listing:maker	200	
/mapmaker/39-lambert-co?s=unsold	listing:maker	not-fetched	
/mapmaker/4-jan-huyghen-van-linschoten	listing:maker	200	
/mapmaker/4-jan-huyghen-van-linschoten?o=newest	listing:maker	not-fetched	
/mapmaker/4-jan-huyghen-van-linschoten?p=highest	listing:maker	not-fetched	
/mapmaker/4-jan-huyghen-van-linschoten?p=lowest	listing:maker	not-fetched	
/mapmaker/4-jan-huyghen-van-linschoten?s=sold	listing:maker	200	
/mapmaker/4-jan-huyghen-van-linschoten?s=unsold	listing:maker	not-fetched	
/mapmaker/40-john-gould	listing:maker	200	
/mapmaker/40-john-gould?o=newest	listing:maker	not-fetched	
/mapmaker/40-john-gould?p=highest	listing:maker	not-fetched	
/mapmaker/40-john-gould?p=lowest	listing:maker	not-fetched	
/mapmaker/40-john-gould?page=1	listing:maker	200	
/mapmaker/40-john-gould?page=2	listing:maker	200	
/mapmaker/40-john-gould?s=sold	listing:maker	200	
/mapmaker/40-john-gould?s=unsold	listing:maker	not-fetched	
/mapmaker/41-j-van-schley	listing:maker	200	
/mapmaker/41-j-van-schley?o=newest	listing:maker	not-fetched	
/mapmaker/41-j-van-schley?p=highest	listing:maker	not-fetched	
/mapmaker/41-j-van-schley?p=lowest	listing:maker	not-fetched	
/mapmaker/41-j-van-schley?s=sold	listing:maker	200	
/mapmaker/41-j-van-schley?s=unsold	listing:maker	not-fetched	
/mapmaker/42-emanuel-bowen	listing:maker	200	
/mapmaker/42-emanuel-bowen?o=newest	listing:maker	not-fetched	
/mapmaker/42-emanuel-bowen?p=highest	listing:maker	not-fetched	
/mapmaker/42-emanuel-bowen?p=lowest	listing:maker	not-fetched	
/mapmaker/42-emanuel-bowen?s=sold	listing:maker	200	
/mapmaker/42-emanuel-bowen?s=unsold	listing:maker	not-fetched	
/mapmaker/43-woodbury-and-page	listing:maker	200	
/mapmaker/43-woodbury-and-page?o=newest	listing:maker	not-fetched	
/mapmaker/43-woodbury-and-page?p=highest	listing:maker	not-fetched	
/mapmaker/43-woodbury-and-page?p=lowest	listing:maker	not-fetched	
/mapmaker/43-woodbury-and-page?s=sold	listing:maker	200	
/mapmaker/43-woodbury-and-page?s=unsold	listing:maker	not-fetched	
/mapmaker/44-wheeler-and-son	listing:maker	200	
/mapmaker/44-wheeler-and-son?o=newest	listing:maker	not-fetched	
/mapmaker/44-wheeler-and-son?p=highest	listing:maker	not-fetched	
/mapmaker/44-wheeler-and-son?p=lowest	listing:maker	not-fetched	
/mapmaker/44-wheeler-and-son?s=sold	listing:maker	200	
/mapmaker/44-wheeler-and-son?s=unsold	listing:maker	not-fetched	
/mapmaker/45-alfred-russel-wallace	listing:maker	200	
/mapmaker/45-alfred-russel-wallace?o=newest	listing:maker	not-fetched	
/mapmaker/45-alfred-russel-wallace?p=highest	listing:maker	not-fetched	
/mapmaker/45-alfred-russel-wallace?p=lowest	listing:maker	not-fetched	
/mapmaker/45-alfred-russel-wallace?s=sold	listing:maker	200	
/mapmaker/45-alfred-russel-wallace?s=unsold	listing:maker	not-fetched	
/mapmaker/46-de-wit	listing:maker	200	
/mapmaker/46-de-wit?o=newest	listing:maker	not-fetched	
/mapmaker/46-de-wit?p=highest	listing:maker	not-fetched	
/mapmaker/46-de-wit?p=lowest	listing:maker	not-fetched	
/mapmaker/46-de-wit?s=sold	listing:maker	200	
/mapmaker/46-de-wit?s=unsold	listing:maker	not-fetched	
/mapmaker/47-comte-de-buffon	listing:maker	200	
/mapmaker/47-comte-de-buffon?o=newest	listing:maker	not-fetched	
/mapmaker/47-comte-de-buffon?p=highest	listing:maker	not-fetched	
/mapmaker/47-comte-de-buffon?p=lowest	listing:maker	not-fetched	
/mapmaker/47-comte-de-buffon?s=sold	listing:maker	200	
/mapmaker/47-comte-de-buffon?s=unsold	listing:maker	not-fetched	
/mapmaker/48-abraham-salm	listing:maker	200	
/mapmaker/48-abraham-salm?o=newest	listing:maker	not-fetched	
/mapmaker/48-abraham-salm?p=highest	listing:maker	not-fetched	
/mapmaker/48-abraham-salm?p=lowest	listing:maker	not-fetched	
/mapmaker/48-abraham-salm?s=sold	listing:maker	200	
/mapmaker/48-abraham-salm?s=unsold	listing:maker	not-fetched	
/mapmaker/49-andreas-cellarius	listing:maker	200	
/mapmaker/49-andreas-cellarius?o=newest	listing:maker	not-fetched	
/mapmaker/49-andreas-cellarius?p=highest	listing:maker	not-fetched	
/mapmaker/49-andreas-cellarius?p=lowest	listing:maker	not-fetched	
/mapmaker/49-andreas-cellarius?s=sold	listing:maker	200	
/mapmaker/49-andreas-cellarius?s=unsold	listing:maker	not-fetched	
/mapmaker/5-francois-valentyn	listing:maker	200	
/mapmaker/5-francois-valentyn?o=newest	listing:maker	not-fetched	
/mapmaker/5-francois-valentyn?p=highest	listing:maker	not-fetched	
/mapmaker/5-francois-valentyn?p=lowest	listing:maker	not-fetched	
/mapmaker/5-francois-valentyn?page=1	listing:maker	200	
/mapmaker/5-francois-valentyn?page=2	listing:maker	200	
/mapmaker/5-francois-valentyn?page=3	listing:maker	200	
/mapmaker/5-francois-valentyn?page=4	listing:maker	200	
/mapmaker/5-francois-valentyn?s=sold	listing:maker	200	
/mapmaker/5-francois-valentyn?s=unsold	listing:maker	not-fetched	
/mapmaker/50-nicolas-engelhard	listing:maker	200	
/mapmaker/50-nicolas-engelhard?o=newest	listing:maker	not-fetched	
/mapmaker/50-nicolas-engelhard?p=highest	listing:maker	not-fetched	
/mapmaker/50-nicolas-engelhard?p=lowest	listing:maker	not-fetched	
/mapmaker/50-nicolas-engelhard?s=sold	listing:maker	200	
/mapmaker/50-nicolas-engelhard?s=unsold	listing:maker	not-fetched	
/mapmaker/51-gerhard-mercator	listing:maker	200	
/mapmaker/51-gerhard-mercator?o=newest	listing:maker	not-fetched	
/mapmaker/51-gerhard-mercator?p=highest	listing:maker	not-fetched	
/mapmaker/51-gerhard-mercator?p=lowest	listing:maker	not-fetched	
/mapmaker/51-gerhard-mercator?s=sold	listing:maker	200	
/mapmaker/51-gerhard-mercator?s=unsold	listing:maker	not-fetched	
/mapmaker/52-john-speed	listing:maker	200	
/mapmaker/52-john-speed?o=newest	listing:maker	not-fetched	
/mapmaker/52-john-speed?p=highest	listing:maker	not-fetched	
/mapmaker/52-john-speed?p=lowest	listing:maker	not-fetched	
/mapmaker/52-john-speed?s=sold	listing:maker	200	
/mapmaker/52-john-speed?s=unsold	listing:maker	not-fetched	
/mapmaker/53-kassian-cephas	listing:maker	200	
/mapmaker/53-kassian-cephas?o=newest	listing:maker	not-fetched	
/mapmaker/53-kassian-cephas?p=highest	listing:maker	not-fetched	
/mapmaker/53-kassian-cephas?p=lowest	listing:maker	not-fetched	
/mapmaker/53-kassian-cephas?page=1	listing:maker	200	
/mapmaker/53-kassian-cephas?page=2	listing:maker	200	
/mapmaker/53-kassian-cephas?page=3	listing:maker	200	
/mapmaker/53-kassian-cephas?s=sold	listing:maker	200	
/mapmaker/53-kassian-cephas?s=unsold	listing:maker	not-fetched	
/mapmaker/54-matthias-quad	listing:maker	200	
/mapmaker/54-matthias-quad?o=newest	listing:maker	not-fetched	
/mapmaker/54-matthias-quad?p=highest	listing:maker	not-fetched	
/mapmaker/54-matthias-quad?p=lowest	listing:maker	not-fetched	
/mapmaker/54-matthias-quad?s=sold	listing:maker	200	
/mapmaker/54-matthias-quad?s=unsold	listing:maker	not-fetched	
/mapmaker/55-peter-apian	listing:maker	200	
/mapmaker/55-peter-apian?o=newest	listing:maker	not-fetched	
/mapmaker/55-peter-apian?p=highest	listing:maker	not-fetched	
/mapmaker/55-peter-apian?p=lowest	listing:maker	not-fetched	
/mapmaker/55-peter-apian?s=sold	listing:maker	200	
/mapmaker/55-peter-apian?s=unsold	listing:maker	not-fetched	
/mapmaker/56-auguste-van-pers	listing:maker	200	
/mapmaker/56-auguste-van-pers?o=newest	listing:maker	not-fetched	
/mapmaker/56-auguste-van-pers?p=highest	listing:maker	not-fetched	
/mapmaker/56-auguste-van-pers?p=lowest	listing:maker	not-fetched	
/mapmaker/56-auguste-van-pers?s=sold	listing:maker	200	
/mapmaker/56-auguste-van-pers?s=unsold	listing:maker	not-fetched	
/mapmaker/57-john-tallis	listing:maker	200	
/mapmaker/57-john-tallis?o=newest	listing:maker	not-fetched	
/mapmaker/57-john-tallis?p=highest	listing:maker	not-fetched	
/mapmaker/57-john-tallis?p=lowest	listing:maker	not-fetched	
/mapmaker/57-john-tallis?s=sold	listing:maker	200	
/mapmaker/57-john-tallis?s=unsold	listing:maker	not-fetched	
/mapmaker/58-thomas-jeffreys	listing:maker	200	
/mapmaker/58-thomas-jeffreys?o=newest	listing:maker	not-fetched	
/mapmaker/58-thomas-jeffreys?p=highest	listing:maker	not-fetched	
/mapmaker/58-thomas-jeffreys?p=lowest	listing:maker	not-fetched	
/mapmaker/58-thomas-jeffreys?s=sold	listing:maker	200	
/mapmaker/58-thomas-jeffreys?s=unsold	listing:maker	not-fetched	
/mapmaker/59-cornelis-danckerts	listing:maker	200	
/mapmaker/59-cornelis-danckerts?o=newest	listing:maker	not-fetched	
/mapmaker/59-cornelis-danckerts?p=highest	listing:maker	not-fetched	
/mapmaker/59-cornelis-danckerts?p=lowest	listing:maker	not-fetched	
/mapmaker/59-cornelis-danckerts?s=sold	listing:maker	200	
/mapmaker/59-cornelis-danckerts?s=unsold	listing:maker	not-fetched	
/mapmaker/6-Berthe%20Hoola%20van%20Nooten	listing:maker	200	
/mapmaker/6-Berthe%20Hoola%20van%20Nooten?o=newest	listing:maker	not-fetched	
/mapmaker/6-Berthe%20Hoola%20van%20Nooten?p=highest	listing:maker	not-fetched	
/mapmaker/6-Berthe%20Hoola%20van%20Nooten?p=lowest	listing:maker	not-fetched	
/mapmaker/6-Berthe%20Hoola%20van%20Nooten?page=1	listing:maker	200	
/mapmaker/6-Berthe%20Hoola%20van%20Nooten?page=2	listing:maker	200	
/mapmaker/6-Berthe%20Hoola%20van%20Nooten?s=sold	listing:maker	200	
/mapmaker/6-Berthe%20Hoola%20van%20Nooten?s=unsold	listing:maker	not-fetched	
/mapmaker/60-arthus-bertrand	listing:maker	200	
/mapmaker/60-arthus-bertrand?o=newest	listing:maker	not-fetched	
/mapmaker/60-arthus-bertrand?p=highest	listing:maker	not-fetched	
/mapmaker/60-arthus-bertrand?p=lowest	listing:maker	not-fetched	
/mapmaker/60-arthus-bertrand?page=1	listing:maker	200	
/mapmaker/60-arthus-bertrand?page=2	listing:maker	200	
/mapmaker/60-arthus-bertrand?page=3	listing:maker	200	
/mapmaker/60-arthus-bertrand?s=sold	listing:maker	200	
/mapmaker/60-arthus-bertrand?s=unsold	listing:maker	not-fetched	
/mapmaker/61-carl-bock	listing:maker	200	
/mapmaker/61-carl-bock?o=newest	listing:maker	not-fetched	
/mapmaker/61-carl-bock?p=highest	listing:maker	not-fetched	
/mapmaker/61-carl-bock?p=lowest	listing:maker	not-fetched	
/mapmaker/61-carl-bock?page=1	listing:maker	200	
/mapmaker/61-carl-bock?page=2	listing:maker	200	
/mapmaker/61-carl-bock?s=sold	listing:maker	200	
/mapmaker/61-carl-bock?s=unsold	listing:maker	not-fetched	
/mapmaker/62-jan-poortenaar	listing:maker	200	
/mapmaker/62-jan-poortenaar?o=newest	listing:maker	not-fetched	
/mapmaker/62-jan-poortenaar?p=highest	listing:maker	not-fetched	
/mapmaker/62-jan-poortenaar?p=lowest	listing:maker	not-fetched	
/mapmaker/62-jan-poortenaar?s=sold	listing:maker	200	
/mapmaker/62-jan-poortenaar?s=unsold	listing:maker	not-fetched	
/mapmaker/63-cw-mieling	listing:maker	200	
/mapmaker/63-cw-mieling?o=newest	listing:maker	not-fetched	
/mapmaker/63-cw-mieling?p=highest	listing:maker	not-fetched	
/mapmaker/63-cw-mieling?p=lowest	listing:maker	not-fetched	
/mapmaker/63-cw-mieling?s=sold	listing:maker	200	
/mapmaker/63-cw-mieling?s=unsold	listing:maker	not-fetched	
/mapmaker/65-james-cook-captain	listing:maker	200	
/mapmaker/65-james-cook-captain?o=newest	listing:maker	not-fetched	
/mapmaker/65-james-cook-captain?p=highest	listing:maker	not-fetched	
/mapmaker/65-james-cook-captain?p=lowest	listing:maker	not-fetched	
/mapmaker/65-james-cook-captain?page=1	listing:maker	200	
/mapmaker/65-james-cook-captain?page=2	listing:maker	200	
/mapmaker/65-james-cook-captain?page=3	listing:maker	200	
/mapmaker/65-james-cook-captain?s=sold	listing:maker	200	
/mapmaker/65-james-cook-captain?s=unsold	listing:maker	not-fetched	
/mapmaker/66-r-soelardi	listing:maker	200	
/mapmaker/66-r-soelardi?o=newest	listing:maker	not-fetched	
/mapmaker/66-r-soelardi?p=highest	listing:maker	not-fetched	
/mapmaker/66-r-soelardi?p=lowest	listing:maker	not-fetched	
/mapmaker/66-r-soelardi?page=1	listing:maker	200	
/mapmaker/66-r-soelardi?page=2	listing:maker	200	
/mapmaker/66-r-soelardi?s=sold	listing:maker	200	
/mapmaker/66-r-soelardi?s=unsold	listing:maker	not-fetched	
/mapmaker/67-engelbert-kaempfer	listing:maker	200	
/mapmaker/67-engelbert-kaempfer?o=newest	listing:maker	not-fetched	
/mapmaker/67-engelbert-kaempfer?p=highest	listing:maker	not-fetched	
/mapmaker/67-engelbert-kaempfer?p=lowest	listing:maker	not-fetched	
/mapmaker/67-engelbert-kaempfer?s=sold	listing:maker	200	
/mapmaker/67-engelbert-kaempfer?s=unsold	listing:maker	not-fetched	
/mapmaker/68-laplace-la-favorite	listing:maker	200	
/mapmaker/68-laplace-la-favorite?o=newest	listing:maker	not-fetched	
/mapmaker/68-laplace-la-favorite?p=highest	listing:maker	not-fetched	
/mapmaker/68-laplace-la-favorite?p=lowest	listing:maker	not-fetched	
/mapmaker/68-laplace-la-favorite?s=sold	listing:maker	200	
/mapmaker/68-laplace-la-favorite?s=unsold	listing:maker	not-fetched	
/mapmaker/69-jan-van-ryne	listing:maker	200	
/mapmaker/69-jan-van-ryne?o=newest	listing:maker	not-fetched	
/mapmaker/69-jan-van-ryne?p=highest	listing:maker	not-fetched	
/mapmaker/69-jan-van-ryne?p=lowest	listing:maker	not-fetched	
/mapmaker/69-jan-van-ryne?s=sold	listing:maker	200	
/mapmaker/69-jan-van-ryne?s=unsold	listing:maker	not-fetched	
/mapmaker/7-hermann-moll	listing:maker	200	
/mapmaker/7-hermann-moll?o=newest	listing:maker	not-fetched	
/mapmaker/7-hermann-moll?p=highest	listing:maker	not-fetched	
/mapmaker/7-hermann-moll?p=lowest	listing:maker	not-fetched	
/mapmaker/7-hermann-moll?s=sold	listing:maker	200	
/mapmaker/7-hermann-moll?s=unsold	listing:maker	not-fetched	
/mapmaker/70-rob-morden	listing:maker	200	
/mapmaker/70-rob-morden?o=newest	listing:maker	not-fetched	
/mapmaker/70-rob-morden?p=highest	listing:maker	not-fetched	
/mapmaker/70-rob-morden?p=lowest	listing:maker	not-fetched	
/mapmaker/70-rob-morden?s=sold	listing:maker	200	
/mapmaker/70-rob-morden?s=unsold	listing:maker	not-fetched	
/mapmaker/71-w-purser	listing:maker	200	
/mapmaker/71-w-purser?o=newest	listing:maker	not-fetched	
/mapmaker/71-w-purser?p=highest	listing:maker	not-fetched	
/mapmaker/71-w-purser?p=lowest	listing:maker	not-fetched	
/mapmaker/71-w-purser?s=sold	listing:maker	200	
/mapmaker/71-w-purser?s=unsold	listing:maker	not-fetched	
/mapmaker/72-pat-keely	listing:maker	200	
/mapmaker/72-pat-keely?o=newest	listing:maker	not-fetched	
/mapmaker/72-pat-keely?p=highest	listing:maker	not-fetched	
/mapmaker/72-pat-keely?p=lowest	listing:maker	not-fetched	
/mapmaker/72-pat-keely?s=sold	listing:maker	200	
/mapmaker/72-pat-keely?s=unsold	listing:maker	not-fetched	
/mapmaker/73-gerard-de-jode	listing:maker	200	
/mapmaker/73-gerard-de-jode?o=newest	listing:maker	not-fetched	
/mapmaker/73-gerard-de-jode?p=highest	listing:maker	not-fetched	
/mapmaker/73-gerard-de-jode?p=lowest	listing:maker	not-fetched	
/mapmaker/73-gerard-de-jode?s=sold	listing:maker	200	
/mapmaker/73-gerard-de-jode?s=unsold	listing:maker	not-fetched	
/mapmaker/75-pieter-van-der-aa	listing:maker	200	
/mapmaker/75-pieter-van-der-aa?o=newest	listing:maker	not-fetched	
/mapmaker/75-pieter-van-der-aa?p=highest	listing:maker	not-fetched	
/mapmaker/75-pieter-van-der-aa?p=lowest	listing:maker	not-fetched	
/mapmaker/75-pieter-van-der-aa?page=1	listing:maker	200	
/mapmaker/75-pieter-van-der-aa?page=2	listing:maker	200	
/mapmaker/75-pieter-van-der-aa?s=sold	listing:maker	200	
/mapmaker/75-pieter-van-der-aa?s=unsold	listing:maker	not-fetched	
/mapmaker/76-claudius-ptolemaeus-ptolemy	listing:maker	200	
/mapmaker/76-claudius-ptolemaeus-ptolemy?o=newest	listing:maker	not-fetched	
/mapmaker/76-claudius-ptolemaeus-ptolemy?p=highest	listing:maker	not-fetched	
/mapmaker/76-claudius-ptolemaeus-ptolemy?p=lowest	listing:maker	not-fetched	
/mapmaker/76-claudius-ptolemaeus-ptolemy?s=sold	listing:maker	200	
/mapmaker/76-claudius-ptolemaeus-ptolemy?s=unsold	listing:maker	not-fetched	
/mapmaker/77-hendrik-adriaan-van-rheede-tot-drakenstein	listing:maker	200	
/mapmaker/77-hendrik-adriaan-van-rheede-tot-drakenstein?o=newest	listing:maker	not-fetched	
/mapmaker/77-hendrik-adriaan-van-rheede-tot-drakenstein?p=highest	listing:maker	not-fetched	
/mapmaker/77-hendrik-adriaan-van-rheede-tot-drakenstein?p=lowest	listing:maker	not-fetched	
/mapmaker/77-hendrik-adriaan-van-rheede-tot-drakenstein?page=1	listing:maker	200	
/mapmaker/77-hendrik-adriaan-van-rheede-tot-drakenstein?page=2	listing:maker	200	
/mapmaker/77-hendrik-adriaan-van-rheede-tot-drakenstein?s=sold	listing:maker	200	
/mapmaker/77-hendrik-adriaan-van-rheede-tot-drakenstein?s=unsold	listing:maker	not-fetched	
/mapmaker/78-rene-primevere-lesson	listing:maker	200	
/mapmaker/78-rene-primevere-lesson?o=newest	listing:maker	not-fetched	
/mapmaker/78-rene-primevere-lesson?p=highest	listing:maker	not-fetched	
/mapmaker/78-rene-primevere-lesson?p=lowest	listing:maker	not-fetched	
/mapmaker/78-rene-primevere-lesson?s=sold	listing:maker	200	
/mapmaker/78-rene-primevere-lesson?s=unsold	listing:maker	not-fetched	
/mapmaker/79-girolamo-ruscelli	listing:maker	200	
/mapmaker/79-girolamo-ruscelli?o=newest	listing:maker	not-fetched	
/mapmaker/79-girolamo-ruscelli?p=highest	listing:maker	not-fetched	
/mapmaker/79-girolamo-ruscelli?p=lowest	listing:maker	not-fetched	
/mapmaker/79-girolamo-ruscelli?s=sold	listing:maker	200	
/mapmaker/79-girolamo-ruscelli?s=unsold	listing:maker	not-fetched	
/mapmaker/8-vincenzo-maria-coronelli	listing:maker	200	
/mapmaker/8-vincenzo-maria-coronelli?o=newest	listing:maker	not-fetched	
/mapmaker/8-vincenzo-maria-coronelli?p=highest	listing:maker	not-fetched	
/mapmaker/8-vincenzo-maria-coronelli?p=lowest	listing:maker	not-fetched	
/mapmaker/8-vincenzo-maria-coronelli?s=sold	listing:maker	200	
/mapmaker/8-vincenzo-maria-coronelli?s=unsold	listing:maker	not-fetched	
/mapmaker/80-anselm-desing	listing:maker	200	
/mapmaker/80-anselm-desing?o=newest	listing:maker	not-fetched	
/mapmaker/80-anselm-desing?p=highest	listing:maker	not-fetched	
/mapmaker/80-anselm-desing?p=lowest	listing:maker	not-fetched	
/mapmaker/80-anselm-desing?s=sold	listing:maker	200	
/mapmaker/80-anselm-desing?s=unsold	listing:maker	not-fetched	
/mapmaker/81-pauli	listing:maker	200	
/mapmaker/81-pauli?o=newest	listing:maker	not-fetched	
/mapmaker/81-pauli?p=highest	listing:maker	not-fetched	
/mapmaker/81-pauli?p=lowest	listing:maker	not-fetched	
/mapmaker/81-pauli?s=sold	listing:maker	200	
/mapmaker/81-pauli?s=unsold	listing:maker	not-fetched	
/mapmaker/82-bertius	listing:maker	200	
/mapmaker/82-bertius?o=newest	listing:maker	not-fetched	
/mapmaker/82-bertius?p=highest	listing:maker	not-fetched	
/mapmaker/82-bertius?p=lowest	listing:maker	not-fetched	
/mapmaker/82-bertius?s=sold	listing:maker	200	
/mapmaker/82-bertius?s=unsold	listing:maker	not-fetched	
/mapmaker/83-john-payne	listing:maker	200	
/mapmaker/83-john-payne?o=newest	listing:maker	not-fetched	
/mapmaker/83-john-payne?p=highest	listing:maker	not-fetched	
/mapmaker/83-john-payne?p=lowest	listing:maker	not-fetched	
/mapmaker/83-john-payne?s=sold	listing:maker	200	
/mapmaker/83-john-payne?s=unsold	listing:maker	not-fetched	
/mapmaker/84-p-de-la-feuille	listing:maker	200	
/mapmaker/84-p-de-la-feuille?o=newest	listing:maker	not-fetched	
/mapmaker/84-p-de-la-feuille?p=highest	listing:maker	not-fetched	
/mapmaker/84-p-de-la-feuille?p=lowest	listing:maker	not-fetched	
/mapmaker/84-p-de-la-feuille?s=sold	listing:maker	200	
/mapmaker/84-p-de-la-feuille?s=unsold	listing:maker	not-fetched	
/mapmaker/85-heinrich-scherer	listing:maker	200	
/mapmaker/85-heinrich-scherer?o=newest	listing:maker	not-fetched	
/mapmaker/85-heinrich-scherer?p=highest	listing:maker	not-fetched	
/mapmaker/85-heinrich-scherer?p=lowest	listing:maker	not-fetched	
/mapmaker/85-heinrich-scherer?s=sold	listing:maker	200	
/mapmaker/85-heinrich-scherer?s=unsold	listing:maker	not-fetched	
/mapmaker/86-philipp-cluver	listing:maker	200	
/mapmaker/86-philipp-cluver?o=newest	listing:maker	not-fetched	
/mapmaker/86-philipp-cluver?p=highest	listing:maker	not-fetched	
/mapmaker/86-philipp-cluver?p=lowest	listing:maker	not-fetched	
/mapmaker/86-philipp-cluver?s=sold	listing:maker	200	
/mapmaker/86-philipp-cluver?s=unsold	listing:maker	not-fetched	
/mapmaker/87-ephraim-pagitt	listing:maker	200	
/mapmaker/87-ephraim-pagitt?o=newest	listing:maker	not-fetched	
/mapmaker/87-ephraim-pagitt?p=highest	listing:maker	not-fetched	
/mapmaker/87-ephraim-pagitt?p=lowest	listing:maker	not-fetched	
/mapmaker/87-ephraim-pagitt?s=sold	listing:maker	200	
/mapmaker/87-ephraim-pagitt?s=unsold	listing:maker	not-fetched	
/mapmaker/88-pierre-du-val	listing:maker	200	
/mapmaker/88-pierre-du-val?o=newest	listing:maker	not-fetched	
/mapmaker/88-pierre-du-val?p=highest	listing:maker	not-fetched	
/mapmaker/88-pierre-du-val?p=lowest	listing:maker	not-fetched	
/mapmaker/88-pierre-du-val?s=sold	listing:maker	200	
/mapmaker/88-pierre-du-val?s=unsold	listing:maker	not-fetched	
/mapmaker/89-christoph-keller	listing:maker	200	
/mapmaker/89-christoph-keller?o=newest	listing:maker	not-fetched	
/mapmaker/89-christoph-keller?p=highest	listing:maker	not-fetched	
/mapmaker/89-christoph-keller?p=lowest	listing:maker	not-fetched	
/mapmaker/89-christoph-keller?s=sold	listing:maker	200	
/mapmaker/89-christoph-keller?s=unsold	listing:maker	not-fetched	
/mapmaker/9-willem-g-hofker	listing:maker	200	
/mapmaker/9-willem-g-hofker?o=newest	listing:maker	not-fetched	
/mapmaker/9-willem-g-hofker?p=highest	listing:maker	not-fetched	
/mapmaker/9-willem-g-hofker?p=lowest	listing:maker	not-fetched	
/mapmaker/9-willem-g-hofker?page=1	listing:maker	200	
/mapmaker/9-willem-g-hofker?page=2	listing:maker	200	
/mapmaker/9-willem-g-hofker?s=sold	listing:maker	200	
/mapmaker/9-willem-g-hofker?s=unsold	listing:maker	not-fetched	
/mapmaker/90-matthaus-seutter	listing:maker	200	
/mapmaker/90-matthaus-seutter?o=newest	listing:maker	not-fetched	
/mapmaker/90-matthaus-seutter?p=highest	listing:maker	not-fetched	
/mapmaker/90-matthaus-seutter?p=lowest	listing:maker	not-fetched	
/mapmaker/90-matthaus-seutter?s=sold	listing:maker	200	
/mapmaker/90-matthaus-seutter?s=unsold	listing:maker	not-fetched	
/mapmaker/91-louis-brion	listing:maker	200	
/mapmaker/91-louis-brion?o=newest	listing:maker	not-fetched	
/mapmaker/91-louis-brion?p=highest	listing:maker	not-fetched	
/mapmaker/91-louis-brion?p=lowest	listing:maker	not-fetched	
/mapmaker/91-louis-brion?s=sold	listing:maker	200	
/mapmaker/91-louis-brion?s=unsold	listing:maker	not-fetched	
/mapmaker/92-nicolaas-witsen	listing:maker	200	
/mapmaker/92-nicolaas-witsen?o=newest	listing:maker	not-fetched	
/mapmaker/92-nicolaas-witsen?p=highest	listing:maker	not-fetched	
/mapmaker/92-nicolaas-witsen?p=lowest	listing:maker	not-fetched	
/mapmaker/92-nicolaas-witsen?s=sold	listing:maker	200	
/mapmaker/92-nicolaas-witsen?s=unsold	listing:maker	not-fetched	
/mapmaker/93-louis-de-freycinet	listing:maker	200	
/mapmaker/93-louis-de-freycinet?o=newest	listing:maker	not-fetched	
/mapmaker/93-louis-de-freycinet?p=highest	listing:maker	not-fetched	
/mapmaker/93-louis-de-freycinet?p=lowest	listing:maker	not-fetched	
/mapmaker/93-louis-de-freycinet?s=sold	listing:maker	200	
/mapmaker/93-louis-de-freycinet?s=unsold	listing:maker	not-fetched	
/mapmaker/94-iohann-matthias-christoph-reinecke	listing:maker	200	
/mapmaker/94-iohann-matthias-christoph-reinecke?o=newest	listing:maker	not-fetched	
/mapmaker/94-iohann-matthias-christoph-reinecke?p=highest	listing:maker	not-fetched	
/mapmaker/94-iohann-matthias-christoph-reinecke?p=lowest	listing:maker	not-fetched	
/mapmaker/94-iohann-matthias-christoph-reinecke?s=sold	listing:maker	200	
/mapmaker/94-iohann-matthias-christoph-reinecke?s=unsold	listing:maker	not-fetched	
/mapmaker/95-bucellino	listing:maker	200	
/mapmaker/95-bucellino?o=newest	listing:maker	not-fetched	
/mapmaker/95-bucellino?p=highest	listing:maker	not-fetched	
/mapmaker/95-bucellino?p=lowest	listing:maker	not-fetched	
/mapmaker/95-bucellino?s=sold	listing:maker	200	
/mapmaker/95-bucellino?s=unsold	listing:maker	not-fetched	
/mapmaker/96-british-admiralty-hydrographic-office	listing:maker	200	
/mapmaker/96-british-admiralty-hydrographic-office?o=newest	listing:maker	not-fetched	
/mapmaker/96-british-admiralty-hydrographic-office?p=highest	listing:maker	not-fetched	
/mapmaker/96-british-admiralty-hydrographic-office?p=lowest	listing:maker	not-fetched	
/mapmaker/96-british-admiralty-hydrographic-office?s=sold	listing:maker	200	
/mapmaker/96-british-admiralty-hydrographic-office?s=unsold	listing:maker	not-fetched	
/mapmaker/97-huang-shang	listing:maker	200	
/mapmaker/97-huang-shang?o=newest	listing:maker	not-fetched	
/mapmaker/97-huang-shang?p=highest	listing:maker	not-fetched	
/mapmaker/97-huang-shang?p=lowest	listing:maker	not-fetched	
/mapmaker/97-huang-shang?s=sold	listing:maker	200	
/mapmaker/97-huang-shang?s=unsold	listing:maker	not-fetched	
/mapmaker/98-thevenot	listing:maker	200	
/mapmaker/98-thevenot?o=newest	listing:maker	not-fetched	
/mapmaker/98-thevenot?p=highest	listing:maker	not-fetched	
/mapmaker/98-thevenot?p=lowest	listing:maker	not-fetched	
/mapmaker/98-thevenot?s=sold	listing:maker	200	
/mapmaker/98-thevenot?s=unsold	listing:maker	not-fetched	
/mapmaker/99-john-senex	listing:maker	200	
/mapmaker/99-john-senex?o=newest	listing:maker	not-fetched	
/mapmaker/99-john-senex?p=highest	listing:maker	not-fetched	
/mapmaker/99-john-senex?p=lowest	listing:maker	not-fetched	
/mapmaker/99-john-senex?s=sold	listing:maker	200	
/mapmaker/99-john-senex?s=unsold	listing:maker	not-fetched	
/new-additions	page	200	
/new-additions?p=highest	page	not-fetched	
/new-additions?p=lowest	page	not-fetched	
/new-additions?page=2	page	not-fetched	
/new-additions?s=sold	page	not-fetched	
/new-additions?s=unsold	page	not-fetched	
/newsletter	page	200	
/privacy-policy	page	200	
/product/10-asia	product	200	
/product/100-inhabitants-of-sumatra-year-1875	product	200	
/product/1000-bali-island-very-early-map	product	200	
/product/1001-southeast-asia-map-year-1661	product	200	
/product/1002-new-zealand-woman-and-warrior-year-1835	product	200	
/product/1003-beach-at-kororareka-new-zealand-year-1835	product	200	
/product/1004-church-in-manilla-philippines-set-of-10-prints	product	200	
/product/1005-set-of-10-philippines-prints-the-year-1835	product	200	
/product/1006-rafflesia-flower-by-sir-stanford-raffles-year-1830	product	200	
/product/1007-sir-thomas-stamford-raffles-portrait	product	200	
/product/1008-eastern-asia-and-india-early-map-year-1593	product	200	
/product/1009-indian-ocean-navigational-voc-sea-chart-year-1689	product	200	
/product/1010-batavia-set-of-7-early-prints-ca1740	product	200	
/product/1011-batavia-set-of-7-early-prints-ca1740-in-paris	product	200	
/product/1012-banda-neira-nutmeg-spice-islands	product	200	
/product/1013-banda-neira-fort-spice-islands	product	200	
/product/1015-asia-dutch-map-ca1690-1700	product	200	
/product/1016-macao-antique-prints-year-1835	product	200	
/product/1017-macao-antique-prints-the-year-1835	product	200	
/product/1018-bali-hotel-poster-by-willem-hofker	product	200	
/product/1019-balinese-candi-and-sawa-by-willem-g-hofker	product	200	
/product/102-asia-by-j-hondius-year-1623	product	200	
/product/1020-javanese-family-studio-portrait-circa-1880-90	product	200	
/product/1021-dayak-borneo-woman-studio-portrait-circa-1880-90	product	200	
/product/1022-dayak-borneo-woman-studio-portrait-circa-1880-90-2	product	200	
/product/1023-indonesian-woman-studio-portrait-circa-1880-90	product	200	
/product/1024-indonesian-girl-studio-portrait-circa-1880-90	product	200	
/product/1025-three-indonesian-woman-studio-portrait	product	200	
/product/1026-singapore-sea-chart-year-1857-extremely-rare-maritime-map	product	200	
/product/1027-singapore-nautical-chart-year-1847-extremely-rare-map	product	200	
/product/1028-the-bali-hotel-in-denpasar-bali-by-willem-hofker	product	200	
/product/1029-the-bali-hotel-in-denpasar-bali-by-willem-hofker-2	product	200	
/product/1030-nautical-chart-of-singapore-year-1852-dated	product	200	
/product/1031-klm-route-poster-amsterdam-to-batavia-year-1934	product	200	
/product/1032-colonial-exhibition-of-semarang-poster-java-1914	product	200	
/product/1033-sea-chart-of-the-eastern-part-of-east-india	product	200	
/product/1034-satin-pothos-or-silver-pothos-pothos-argyraea	product	200	
/product/1035-aphelandra-squarrosa-leave	product	200	
/product/1036-marbled-jewel-orchids-anoectochilus-botanical-print	product	200	
/product/1037-maranta-fasciata-leave-botanical-print	product	200	
/product/1038-caladium-argyrites-plant	product	200	
/product/1039-caladium-chantini-leave	product	200	
/product/1040-sonerila-margaritacea-plant	product	200	
/product/1041-china-early-map	product	200	
/product/1042-ship-building-and-navigation-instruments	product	200	
/product/1043-batavia-jakarta-map-of-the-city	product	200	
/product/1044-hornbill-birds-set	product	200	
/product/1045-singapore-sumatra-and-the-java-sunda-street	product	200	
/product/1046-asia-continent-circa-1750-map	product	200	
/product/1047-singapore-and-indonesia-map	product	200	
/product/1048-singapore-and-western-indonesia-map	product	200	
/product/1049-australia-fine-early-map	product	200	
/product/1050-ceylon-or-sumatra-taprobana-early-map	product	200	
/product/1051-indonesia-and-singapore-map	product	200	
/product/1052-indonesia-singapore-and-australia-map	product	200	
/product/1053-southeast-asia-decorative-map	product	200	
/product/1054-borobudur-temple-antique-etching	product	200	
/product/1055-map-of-indonesia-and-ternate-cloves-islands	product	200	
/product/1056-old-map-of-java-island	product	200	
/product/1057-southeast-asia-old-decorative-map	product	200	
/product/1058-begonia-rex-leave	product	200	
/product/1059-begonia-rex-leave-2	product	200	
/product/1060-ancectochilus-xanthophylls-plan	product	200	
/product/1061-calathea-zebrina-leave	product	200	
/product/1062-croton-variegata-leave	product	200	
/product/1063-dracaena-ferrea-versicolor-leave	product	200	
/product/1064-caladium-bicolor-splendens-leave	product	200	
/product/1065-maranta-pardina-leave	product	200	
/product/1066-gesnera-cinnabarina-leave	product	200	
/product/1067-funkia-sieboldiana-variegata-leave	product	200	
/product/1068-maranta-vittata-leave	product	200	
/product/1069-ancectochilus-lowii-leave	product	200	
/product/107-abel-tasman-journey-1724-26	product	200	
/product/1070-hoya-variegata-plant	product	200	
/product/1071-caladium-verschaffelti-leave	product	200	
/product/1072-dioscorea-discolor-leaves	product	200	
/product/1073-alocasia-metallica-leave	product	200	
/product/1074-spice-map-by-plancius-early-map-of-southeast-asia	product	200	
/product/1075-cissus-porphyrophylus-leave	product	200	
/product/1076-echites-nutans-plant	product	200	
/product/1077-pavetta-borbonica-leave	product	200	
/product/1078-australia-first-printed-map-of-the-continent	product	200	
/product/1079-croton-pictum-leave	product	200	
/product/108-japan-year-1679	product	200	
/product/1080-cyanophyllum-magnificum-leave	product	200	
/product/1081-maranta-warscewiczii-leave	product	200	
/product/1082-dracaena-ferrea-leave	product	200	
/product/1083-singapore-botanic-gardens-view-of-istana-tyersall	product	200	
/product/1084-istana-singapore-antique-singapore-photograph	product	200	
/product/1085-straits-chinese-dwelling-houses-singapore-photograph	product	200	
/product/1086-back-of-the-police-courts-singapore-photograph	product	200	
/product/1087-giant-water-lilies-in-whampoas-garden-singapore-photograph	product	200	
/product/1088-botanical-gardens-singapore-antique-photograph	product	200	
/product/1089-coleman-street-singapore-photograph	product	200	
/product/109-ambonese	product	200	
/product/1090-orchard-road-singapore-photograph	product	200	
/product/1091-bukit-timah-road-singapore-antique-photograph	product	200	
/product/1093-chinese-celestial-map-ca-1493	product	200	
/product/1094-riverside-scene-besuki-east-java-indonesia	product	200	
/product/1096-besuki-east-java-indonesia	product	200	
/product/1097-governors-mansion-in-surabaya-java-indonesia	product	200	
/product/1098-warriors-dance-in-bankalang-indonesia	product	200	
/product/1099-residence-in-besuki-situbondo-regency-east-java-indonesia	product	200	
/product/110-borobudur-temple-java-year-1883	product	200	
/product/1100-riverside-scene-in-besuki-east-java-indonesia	product	200	
/product/1101-estate-near-banyuwangi-east-java-indonesia	product	200	
/product/1102-maranta-porteana-leave	product	200	
/product/1104-maranta-porteana-leave-2	product	200	
/product/1105-sumatra-girl-photgraph	product	200	
/product/1106-woodcut-map-of-asia-by-munster	product	200	
/product/1107-asia-by-mercator-referring-to-marco-polos-travel	product	200	
/product/1108-southeast-asia-map-european-discovery-of-australia	product	200	
/product/1109-first-atlas-map-of-southeast-asia	product	200	
/product/111-indonesia-woman-year-1875	product	200	
/product/1110-america-early-map-by-mercator	product	200	
/product/1111-singapore-sumatra-and-malaysia-early-map	product	200	
/product/1112-japan-early-map	product	200	
/product/1113-begonia-marshallin-leave	product	200	
/product/1114-cissus-discolor-leave	product	200	
/product/1115-begonia-rex-leave-1	product	200	
/product/1116-hydrangea-japonica-variegata-leave	product	200	
/product/1117-begonia-rex-variety-grandis-leave	product	200	
/product/1118-ananassa-sativa-variegata-leave	product	200	
/product/1119-dieffenbachia-seguina-variety-maculata	product	200	
/product/112-banda-islands-year-1883	product	200	
/product/1120-farfugium-grande-leave	product	200	
/product/1121-maranta-alba-lineata-leave	product	200	
/product/1122-tussilago-farfara-foliis-variegata-leave	product	200	
/product/1123-variegated-ivies-leaves	product	200	
/product/1124-pteris-cretica-var-albo-lineata-leave	product	200	
/product/1125-cordyline-dracaena-indivica-leave	product	200	
/product/1126-yucca-aloifolia-variegata-leave	product	200	
/product/1127-daphne-mezereon-variegata-plant	product	200	
/product/1128-a-aeonymus-japonica-aeurea-variegata-b-maranta-micans-plant	product	200	
/product/1129-cratagus-prunifolia-variegata-plant	product	200	
/product/113-fishing-vessels-indonesia-year-1875	product	200	
/product/1130-pteris-tricolor-leaves	product	200	
/product/1131-graftophyllum-pictum-plant	product	200	
/product/1132-caladium-pictum-leave	product	200	
/product/1133-convaliaria-majalis-variegata-leave	product	200	
/product/1134-croton-variegatum-angustifolium-plant	product	200	
/product/1135-croton-variegatum-angustifolium-leave	product	200	
/product/1136-anaectochillus-striatus-plant	product	200	
/product/1137-pteris-argyraea-leave	product	200	
/product/1138-pandanys-javanicus-variegatus-leave	product	200	
/product/1139-poinsettia-pulcherrima-plant	product	200	
/product/114-indonesian-household-tools-year-1875	product	200	
/product/1140-central-mexico-map	product	200	
/product/1141-southern-mexico-central-america-map	product	200	
/product/1142-south-america-honduras-venezuela-and-colombia	product	200	
/product/1143--mid-america-florida-gulf-coast-and-the-caribbean	product	200	
/product/1144-caribbean-hispaniola-in-central-america	product	200	
/product/1145-central-america-guatemala-costa-rica-and-panama	product	200	
/product/1146-south-america-haiti-and-puerto-rico	product	200	
/product/1147-king-of-tonga-ceremony-captain-cook	product	200	
/product/1148-dancers-in-tahiti-captain-cook	product	200	
/product/1149-maori-family-new-zealand-captain-cook	product	200	
/product/1150-tongan-island-burial-mounds-captain-cook	product	200	
/product/1151-tanna-island-vanuatu-native-people-by-captain-cook	product	200	
/product/1152-new-zealand-village-with-people-by-captain-cook	product	200	
/product/1153-view-of-the-island-of-tahiti-by-james-cook	product	200	
/product/1154-tahitian-fleet-in-matavai-bay-tahiti-captain-cook	product	200	
/product/1155-boats-and-a-view-of-island-of-tahiti-by-james-cook	product	200	
/product/1156-winds-blowing-towards-earth-by-the-famous-ptolemy	product	200	
/product/1157-singapore-and-the-malay-peninsula-british-admiralty-nautical-chart	product	200	
/product/1158-singapore-malacca-and-malaysia-early-map	product	200	
/product/1159-singapore-secret-atlas-map	product	200	
/product/116-traditional-houses-in-indonesia-year-1875	product	200	
/product/1160-batik-craftswoman-on-java	product	200	
/product/1161-asia-continent-miniature-map	product	200	
/product/1162-fuzhou-china-print-named-fu-chew-fu	product	200	
/product/1163-bali-travel-brochure-in-english	product	200	
/product/1164-native-plants-pl14	product	200	
/product/1165-native-plants-pl-15	product	200	
/product/1166-butterfly-prints-tafel-ii	product	200	
/product/1167-butterfly-prints-tafel-i	product	200	
/product/1168-butterfly-prints-tafel-iii	product	200	
/product/1169-butterfly-prints-tafel-xviii	product	200	
/product/117-houses-on-west-java-year-1875	product	200	
/product/1170-butterfly-prints-tafel-viii	product	200	
/product/1171-butterfly-prints-tafel-xiv	product	200	
/product/1172-tafel-xii	product	200	
/product/1173-butterfly-prints-tafel-xiii	product	200	
/product/1174-butterfly-prints-tafel-xi	product	200	
/product/1175-butterfly-prints-tafel-xvii	product	200	
/product/1176-butterfly-prints-tafel-xvi	product	200	
/product/1177-tafel-xv	product	200	
/product/1178-butterfly-prints-tafel-vii	product	200	
/product/1179-sunbird-print-ca1876	product	200	
/product/118-old-batavia	product	200	
/product/1180-sunbird-print-ca1876-2	product	200	
/product/1181-sunbird-print-ca1876-3	product	200	
/product/1182-sunbird-print-ca1876-4	product	200	
/product/1183-native-plants-pl25	product	200	
/product/1184-native-plants-pl-12	product	200	
/product/1185-native-plants-pl-34	product	200	
/product/1186-native-plants-pl-16	product	200	
/product/1187-native-plants-pl-33	product	200	
/product/1188-native-plants-pl-38	product	200	
/product/1189-native-plants-pl-9	product	200	
/product/119-harbor-of-makassar	product	200	
/product/1190-native-plants-pl-18	product	200	
/product/1191-native-plants-pl-37	product	200	
/product/1192-native-plants-pl-22	product	200	
/product/1193-native-plants-pl-29	product	200	
/product/1194-native-plants-pl-19	product	200	
/product/1195-native-plants-pl-13	product	200	
/product/1196-native-plants-pl-1	product	200	
/product/1197-native-plants-pl-30	product	200	
/product/1198-native-plants-pl-2	product	200	
/product/1199-native-plants-pl-3	product	200	
/product/12-banda-islands-indonesia	product	200	
/product/1200-native-plants-pl-5	product	200	
/product/1201-native-plants-pl-27	product	200	
/product/1202-native-plants-pl-24	product	200	
/product/1203-native-plants-pl-17	product	200	
/product/1204-native-plants-pl-26	product	200	
/product/1205-australia-and-oceana-map	product	200	
/product/1206-colonial-exhibition-semarang-poster-java-1914	product	200	
/product/1207-marnix-van-staldegonde-nederland-line-deck-plan-1938	product	200	
/product/1208-koninklijke-rotterdamsche-lloyd-ms-willem-ruys-1949	product	200	
/product/1209-s-s-nieuw-amsterdam-holland-america-line	product	200	
/product/121-mount-bromo-yogyakarta	product	200	
/product/1210-brochure-ss-statendam-holland-amerika-lijn	product	200	
/product/1211-het-prinsenjacht-piet-hein-1937	product	200	
/product/1212-batavia-java-village-scene-charcoal-on-paper-by-willem-hofker	product	200	
/product/1213-a-fight-between-two-natives-of-hapaee-captain-cook	product	200	
/product/1214-princess-tynai-mai-of-raiatea-ulietea-island-by-captain-james-cook	product	200	
/product/1215-fatafehi-paulaho-the-tu-i-tonga-or-tongan-king-by-captain-cook	product	200	
/product/1216-the-javanese-sawa-by-hendrik-paulides	product	200	
/product/1217-chief-of-tahuata-island-santa-cristina-by-captain-cook	product	200	
/product/1218-a-man-of-new-caledonia-by-captain-james-cook	product	200	
/product/1219-man-of-easter-island-by-james-cook	product	200	
/product/122-indonesian-swords-and-daggers	product	200	
/product/1220-a-girl-of-tahaiti-dancing-by-captain-james-cook	product	200	
/product/1221-weapons-of-the-inhabitants-of-the-friendly-islands-by-captain-cook	product	200	
/product/1222-tools-and-musical-instruments-from-the-south-seas-islands	product	200	
/product/1223-weapons-and-tools-of-new-caledonia-by-captain-james-cook	product	200	
/product/1224-tools-and-ornaments-from-the-new-caledonia-islands-by-captain-james-cook	product	200	
/product/1225-warrior-ring-collar-of-the-south-seas-by-captain-cook	product	200	
/product/1226-fan-to-chase-off-flies-from-tahiti-by-captain-cook	product	200	
/product/1227-weapons-from-new-zealand-by-captain-cook	product	200	
/product/1228-coconut-tree-cocos-nucifera-year-1693	product	200	
/product/1229-australia-first-complete-map-by-freycinet-carte-generale-de-la-nouvelle-hollande	product	200	
/product/123-pepper-plant	product	200	
/product/1230-coconut-tree-cocos-nucifera-year-1693-2	product	200	
/product/1231-night-flowering-jasmine-or-nyctanthes-arbor-tristis-year-1693	product	200	
/product/1232-sea-island-cotton-or-gossypium-barbadense-year-1693	product	200	
/product/1233-true-indigo-plant-year-1693	product	200	
/product/1234-vegetable-hummingbird-sesbania-grandiflora-year-1693	product	200	
/product/1235-tender-wild-jack-or-pajanelia-year-1693	product	200	
/product/1236-headache-tree-or-premna-serratifolia-year-1693	product	200	
/product/1237-wild-forest-mango-or-spondias-pinnata-year-1693	product	200	
/product/1238-many-fruited-trevia-or-trevia-nudiflora-year-1693	product	200	
/product/1239-tamarind-plant-or-tamarindus-indica-year-1693	product	200	
/product/124-bird-of-paradise-hornbill	product	200	
/product/1240-malay-apple-or-syzygium-malaccense-year-1693	product	200	
/product/1241-wild-indigo-or-tephrosia-purpurea-year-1693	product	200	
/product/1242-chinese-herbal-tea-or-microcos-paniculata-year-1693	product	200	
/product/1243-mountain-ebony-or-bauhinia-variegata-year-1693	product	200	
/product/1244-portia-tree-indian-fruit-or-thespesia-populnea-year-1693	product	200	
/product/1245-sea-hibiscus-or-hibiscus-tiliaceus-year-1693	product	200	
/product/1246-fish-tail-palm-or-caryota-urens-year-1693	product	200	
/product/1247-white-orchid-tree-or-bauhinia-acuminata-year-1693	product	200	
/product/1248-tropical-chestnut-or-sterculia-foetida-year-1693	product	200	
/product/1249-indian-banyan-fig-or-ficus-benghalensis-year-1693	product	200	
/product/125-english-map-of-asia	product	200	
/product/1250-thorny-bamboo-or-bambusa-bambos-year-1693	product	200	
/product/1251-indian-mulberry-fruit-or-morinda-citrifolia-year-1693	product	200	
/product/1252-champak-or-magnolia-champaca-tree-year-1693	product	200	
/product/1253-bodhi-tree-or-ficus-religiosa-year-1693	product	200	
/product/1254-orchid-tree-or-bauhinia-purpurea-year-1693	product	200	
/product/1255-indian-trumpet-tree-or-oroxylum-indicum-year-1693	product	200	
/product/1256-yellow-bell-orchid-tree-or-bauhinia-tomentosa-year-1693-ngravings-include-the-names-of-the-plants-in-four-languages-latin-sanskrit-arabic-and-malayalam	product	200	
/product/1257-indian-gooseberry-or-phyllanthus-emblica-year-1693	product	200	
/product/1258-nag-kuda-tree-or-tabernaemontana-heyneana-year-1693	product	200	
/product/1259-malabar-tamarind-or-garcinia-gummi-gutta-year-1693	product	200	
/product/126-luwak	product	200	
/product/1260-sand-paper-tree-or-siamese-rough-bush-year-1693	product	200	
/product/1261-areca-palm-flower-or-areca-catechu-year-1693	product	200	
/product/1262-coconut-tree-plant-year-1693	product	200	
/product/1263-areca-nut-year-1693	product	200	
/product/1264-weeping-fig-or-ficus-benjamina-year-1693	product	200	
/product/1265-cinnamon-tree-or-cinnamomum-verum-year-1693	product	200	
/product/1266-poison-nut-tree-or-strychnos-nux-vomica-year-1693	product	200	
/product/1267-areca-palm-flower-or-areca-catechu-the-year-1693	product	200	
/product/1268-henna-tree-or-lawsonia-spinosa	product	200	
/product/1269-tellicherry-bark-or-wrightia-antidysenterica-year-1693	product	200	
/product/127-fort-rotterdam-makassar	product	200	
/product/1270-chinese-scholar-tree-or-styphnolobium-japonicum-year-1693	product	200	
/product/1271-spanish-cherry-or-mimusops-elengi-year-1693	product	200	
/product/1272-rose-malay-apple-or-syzygium-jambos-year-1693	product	200	
/product/1273-red-cluster-fig-or-ficus-racemosa-year-1693	product	200	
/product/1274-white-teak-kashmir-tree-or-gmelina-arborea-year-1693	product	200	
/product/1275-indian-golden-shower-tree-or-cassia-fistula-year-1693	product	200	
/product/1277-red-bird-of-paradise-le-paradisier-rouge-oiseaux-de-paradis-year-1835-rene-primevere-lesson-set-of-2	product	200	
/product/128-staged-tiger-fight-on-java	product	200	
/product/1280-uperb-paradise-bird-or-greater-lophorina-la-laphorine-superbe-oiseaux-de-paradis-year-1835-rene-primevere-lesson-set-of-2	product	200	
/product/1289-western-arfak-parotia-birds-of-paradise-le-sifilet-oiseaux-de-paradis-year-1835-rene-primevere-lesson-set-of-5-b	product	200	
/product/129-asia-woodcut-map	product	200	
/product/1291-king-bird-of-paradise-le-manucode-oiseaux-de-paradis-year-1835-rene-primevere-lesson-set-of-4-a	product	200	
/product/1297-twelve-wired-bird-of-paradise-la-falcinelle-multifil-oiseaux-de-paradis-year-1835-rene-primevere-lesson-set-of-4	product	200	
/product/13-a-map-of-the-east-indies-and-the-adjacent-countries-with-the-settlements-factories-and-territories-explaning-	product	200	
/product/130-english-map-of-indonesia	product	200	
/product/1301-northern-and-southern-philippines-carte-des-isles-philipines-year-1757	product	200	
/product/1302-northern-and-southern-philippines-carte-des-isles-philipines-year-1757-set-of-2-maps-	product	200	
/product/1303-magnificent-bird-of-paradise-le-difillode-magnifique-oiseaux-de-paradis-year-1835-rene-primevere-lesson-set-of-2	product	200	
/product/1305-lesser-bird-of-paradise-le-paradisier-petit-emeraude-oiseaux-de-paradis-year-1835-rene-primevere-lesson-set-of-4-a	product	200	
/product/1308-arfak-astrapia-bird-of-paradise-lastrapie-a-gorge-oiseaux-de-paradis-year-1835-rene-primevere-lesson-set-of-3	product	200	
/product/131-south-east-asia-first-english-map	product	200	
/product/1311-caracteres-du-genre-sericule-from-histoire-naturelle-des-oiseaux-de-paradis-the-year-1835-by-rene-primevere-lesson-paul-louis-oudart-and-jean-gabriel-pretre	product	200	
/product/1314-the-magnificent-riflebird-of-paradise-le-ptiloris-paradisier-year-1835-rene-primevere-lesson-set-of-3	product	200	
/product/1317-black-sicklebill-bird-of-paradise-le-caneliphage-papou-year-1835-rene-primevere-lesson-set-of-2	product	200	
/product/1319-masked-bowerbird-le-sericule-orange-year-1835-rene-primevere-lesson-set-of-3	product	200	
/product/132-china	product	200	
/product/1322-magnificent-riflebird-of-paradise-l-epimaque-promefil-year-1835-rene-primevere-lesson-set-of-4	product	200	
/product/1328-portrait-of-chief-potatau-of-punaauia-tahiti-by-captain-cook	product	200	
/product/1329-chief-otago-of-tongatapu-tonga-islands-in-1777-by-captain-cook	product	200	
/product/1330-woman-of-new-caledonia-visit-in-1774-by-captain-cook	product	200	
/product/1331-woman-of-tanna-isle-vanuatu-in-1774-by-captain-cook	product	200	
/product/1332-portrait-of-chief-tynah-otoo-of-tahiti-in-1769-by-captain-cook	product	200	
/product/1333-man-of-the-tanna-island-vanuatu-in-1774-by-captain-cook	product	200	
/product/1334-princess-of-tahuata-marquesas-isles-1774-by-captain-cook	product	200	
/product/1335-woman-of-new-zealand-by-captain-cook	product	200	
/product/1336-dancing-man-of-the-sandwich-islands-hawaii-by-captain-cook	product	200	
/product/1337-man-of-new-zealand-by-captain-cook	product	200	
/product/1338-woman-of-easter-island-by-captain-cook	product	200	
/product/1339-various-weapons-from-new-zealand-by-captain-cook	product	200	
/product/134-india-hindoostan	product	200	
/product/1340-indigenous-man-of-adventure-bay-bruny-island-tasmania-van-diemens-land-by-captain-cook	product	200	
/product/1341-indigenous-woman-child-of-adventure-bay-bruny-island-tasmania-van-diemens-land-by-captain-cook	product	200	
/product/1342-boxing-match-as-seen-on-an-island-in-the-ha-apai-group-of-the-tongan-islands-by-captain-cook	product	200	
/product/1343-kaneena-a-chief-of-the-sandwich-islands-hawaii-by-captain-cook	product	200	
/product/1344-woman-of-the-sandwich-islands-hawaii-by-captain-cook	product	200	
/product/1345-tools-of-the-inhabitants-of-the-sandwich-islands-by-captain-cook	product	200	
/product/1346-map-of-java-island-idee-de-lisle-de-java-year-ca1750	product	200	
/product/1347-jakarta-city-plan-carte-des-environs-de-batavia-year-ca1750	product	200	
/product/1348-isle-de-baly-ou-petite-java-bali-map-ca-1750	product	200	
/product/1349-plan-de-la-ville-et-du-chateau-de-batavia-year-1750	product	200	
/product/135-australia	product	200	
/product/1350-carte-des-isles-de-java-sumatra-borneo-by-jacques-nicolas-bellin	product	200	
/product/1351-india-tercera-nuova-tavola-early-southeast-asia-map	product	200	
/product/1352-carte-des-isles-philippines-antique-map	product	200	
/product/1353-carte-des-nouvelles-philippines-antique-map	product	200	
/product/1354-asia-continent-miniature-map-year-1733	product	200	
/product/1355-a-asia-continent-miniature-map-circa-year-1733	product	200	
/product/1356-cluverius-asia-antiqua-et-nova-asia-map	product	200	
/product/1357-carte-des-isles-de-la-sonde-map-of-indonesia	product	200	
/product/1358-javanese-woman-by-willem-hofker	product	200	
/product/1359-balinese-woman-offerings-on-bali-by-willem-gerard-hofker	product	200	
/product/136-australia-oceania	product	200	
/product/1360-balinese-temple-by-willem-gerard-hofker	product	200	
/product/1361-java-island-iava-maior-early-map	product	200	
/product/1362-nouvelles-galles-meridionale-ou-cote-orientale-de-la-nouvelle-hollande-map-of-australia	product	200	
/product/1363-east-indies-from-the-best-authorities-antique-maps-of-southeast-asia	product	200	
/product/1364-la-presquisle-de-linde-singapore-region-map	product	200	
/product/1365-lasie-la-feuille-asia-map	product	200	
/product/1366-java-antique-prints-by-raffles-set-of-4-gunong-salak-near-buitenzorg-the-river-chidami	product	200	
/product/1367-java-antique-prints-by-raffles-set-of-4-gunong-salak-near-buitenzorg-the-river-chidami-a	product	200	
/product/1368-java-antique-prints-by-raffles-set-of-4-view-of-gunong-gidi-the-river-chilwang-in-java-from-the-garden-at-buitenzorg	product	200	
/product/1369-java-antique-prints-by-raffles-set-of-4-view-of-the-peaks-near-anjir-in-the-bantam-province-of-java	product	200	
/product/137-celestial-and-terrestrial-globes	product	200	
/product/1370-het-land-tjitrap-assistent-residentie-buitenzorg-by-abraham-salm	product	200	
/product/1371-de-vulkaan-de-semeroe-genoman-uit-residentie-pasoeroean	product	200	
/product/1372-waterval-singahan-residentie-rembang	product	200	
/product/1373-de-suikerfabriek-pangka-residentie-tagal	product	200	
/product/1374-gezicht-op-het-land-tjiliboet-assistent-residentie-malang-residentie-pasoeroean	product	200	
/product/1375-de-kleine-baai-srigonjo-zuidkust-van-java-assistent-residentie-malang-residentie-pasoeroean	product	200	
/product/1376-anjer-straat-sunda-noordkust-van-java-residentie-bantam	product	200	
/product/1377-de-vuurspuwende-berg-bromo-in-1865-residentie-probolinggo	product	200	
/product/1378-gezicht-op-de-rivier-de-solo-assistent-residentie-toeban-residentie-rembang	product	200	
/product/1379-gezicht-op-het-kawische-gebergte-en-op-de-tabaks-onderneming-assistent-residentie-malang	product	200	
/product/1380-weg-van-buitenzorg-naar-de-vallei-van-den-salakh-residentie-buitenzorg	product	200	
/product/1381-landschap-in-the-bataviasche-ommelanden	product	200	
/product/1382-landschap-in-het-malangsche-residentie-pasoeroean	product	200	
/product/1383-huwelijks-optocht-in-de-de-vallei-van-de-salakh	product	200	
/product/1384-landschap-in-de-residentie-bantam	product	200	
/product/1385-gezicht-op-het-land-kedong-badak-en-den-grooten-weg-naar-buitenzorg	product	200	
/product/1386-dorpsfeest-in-de-omstreken-van-der-ardjoeno-residentie-soerabaja	product	200	
/product/1387-landschap-bij-maneschijn-in-de-omstreken-van-sumedang-preanger-regentschappen	product	200	
/product/1388-woest-landschap-oosthoek-van-java	product	200	
/product/1389-de-badplaats-wenditt-assistent-residentie-malang-residentie-pasoeroean	product	200	
/product/1390-in-het-tengersche-gebergte-oosthoek-van-java	product	200	
/product/1391-de-groove-weg-van-buitenzorg-langs-het-land-tjisaroa-over-dan-mogamendong-naar-de-preanger-regentschappen	product	200	
/product/1392-in-het-sumendangsche-preanger-regentschappen	product	200	
/product/1393-de-rivier-brantas-als-bergstroom-residentie-pasoroean	product	200	
/product/1394-south-coat-east-rongkop-central-java-zuidkust-beoosten-rankop-by-franz-wilhelm-junghuhn	product	200	
/product/1395-north-coast-near-semarang-central-java-noorder-kust-nabij-semaran-by-franz-wilhelm-junghuhn	product	200	
/product/1396-mount-gamping-limestone-central-java-gunong-gamping-by-franz-wilhelm-junghuhn	product	200	
/product/1397-mount-sewu-east-java-goenoeng-sewoe-by-franz-wilhelm-junghuhn	product	200	
/product/1398-mount-sumbing-central-java-gunong-sumbing-by-franz-wilhelm-junghuhn	product	200	
/product/1399-crater-patuha-kawa-patoeha-by-franz-wilhelm-junghuhn	product	200	
/product/14-Sea%20Chart%20of%20Sumatra	product	200	
/product/1400-mount-guntur-west-java-gunong-guntur-by-franz-wilhelm-junghuhn	product	200	
/product/1401-lake-patengan-west-java-telaga-patengan-by-franz-wilhelm-junguhn	product	200	
/product/1402-mount-gede-west-java-gunong-gedeh-by-franz-wilhelm-junghuhn	product	200	
/product/1403-mount-merapi-central-java-goenoeng-merapi-by-franz-wilhelm-junghuhn	product	200	
/product/1404-dieng-plateau-central-java-dieng-by-franz-wilhelm-junghuhn	product	200	
/product/1405-familie-des-palmi-fougeres	product	200	
/product/1406-coco-de-mer-coconut-ladoicca-maldivica-ca1795	product	200	
/product/1407-palm-tree-famille-des-palmiers-ca1795	product	200	
/product/1408-souchet-plant-ca1795	product	200	
/product/1409-xeranthemum-annuum-plant-ca1795	product	200	
/product/1410-steheline-douteuse-plant-ca-1795	product	200	
/product/1411-cannabis-plant-eupatorian-cannabinun-ca-1795	product	200	
/product/1412-scorzonera-hispanica-plant-ca-1795	product	200	
/product/1413-gnphale-des-jardins-plant-ca-1795	product	200	
/product/1414-jacobaea-vulgaris-plant-ca-1795	product	200	
/product/1415-la-verge-dor-du-canada-ca-1795	product	200	
/product/1416-laster-amelle-plant-ca-1795	product	200	
/product/1417-famille-des-massetes-plant-ca-1795	product	200	
/product/1418-famille-des-souchets-plant-ca-1795	product	200	
/product/1419-ranunculus-flower-ca-1795	product	200	
/product/1420-arroches-plant-ca-1795	product	200	
/product/1421-polygonum-aviculare-ca-1795	product	200	
/product/1422-patience-crepue-plant-ca-1795	product	200	
/product/1423-dirca-palustris-plant-ca-1795	product	200	
/product/1424-protea-mellifera-plant-ca-1795	product	200	
/product/1425-banksia-ericifolia-ca-1795	product	200	
/product/1426-hakea-glabra-plant-ca-1795	product	200	
/product/1427-elaeagnus-angustifolius-plant-ca-1795	product	200	
/product/1428-abronia-latifolia-ca-1795	product	200	
/product/1429-achyranthes-porrigens-ca-1795	product	200	
/product/1430-aristoloches-plant-ca-1795	product	200	
/product/1431-laetuca-sativa-plant-ca-1795	product	200	
/product/1432-pansy-flower-ca-1795	product	200	
/product/1433-guimauve-flower-ca-1795	product	200	
/product/1434-epilobe-flower-plant-ca-1795	product	200	
/product/1435-buckthorns-nerpruns-plant-ca-1795	product	200	
/product/1436-purple-loosestrife-salicaires-ca-1795	product	200	
/product/1437-statice-flower-plant-ca-1795	product	200	
/product/1438-geraniums-flower-ca-1795	product	200	
/product/1439-white-sanicle-flower-ca-1795	product	200	
/product/144-map-of-batavia-harbor	product	200	
/product/1440-arbousier-tree-ca-1795	product	200	
/product/1441-joubarbe-plant-ca-1795	product	200	
/product/1442-apocin-plant-ca-1795	product	200	
/product/1443-incarvillea-flower-ca-1795	product	200	
/product/1444-liseron-flower-ca-1795	product	200	
/product/1445-polimoine-flower-ca-1795	product	200	
/product/1446-pulmonaire-flower-ca-1795	product	200	
/product/1447-labiees-plant-ca-1795	product	200	
/product/1448-rotanga-palm-ca-1795	product	200	
/product/1449-vignes-wine-plant-ca-1795	product	200	
/product/145-sea-chart-of-java-island	product	200	
/product/1450-grenadier-grenade-fruit-ca-1795	product	200	
/product/1451-nutmeg-plant-ca-1795	product	200	
/product/1452-gentianes-gentian-flower-ca-1795	product	200	
/product/1453-rhododendron-plant-ca-1795	product	200	
/product/1454-juncus-joncs-plant-ca-1795	product	200	
/product/1455-gatiliers-plant-ca-1795	product	200	
/product/1458-jasmine-flower-ca-1795	product	200	
/product/1459-acanthacees-plant-ca-1795	product	200	
/product/146-papaya-fruit-plant	product	200	
/product/1460-le-riz-rise-plant-ca-1795	product	200	
/product/1461-peace-lily-aroides-ca-1795	product	200	
/product/1462-great-rhinanthe-rhinanthacees-plant-ca-1795	product	200	
/product/1463-convallaria-multiflora-plant-ca-1795	product	200	
/product/1464-commelina-communis-flower-ca-1795	product	200	
/product/1465-butomus-umbellatus-flowering-plant-ca-1795	product	200	
/product/1466-lily-flower-lilium-martagon-ca-1795	product	200	
/product/1467-tulipa-celsiana-flower-ca-1795	product	200	
/product/1468-lachenalia-tricolor-flower-ca-1795	product	200	
/product/1469-justicia-adhatoda-plant-ca-1795	product	200	
/product/147-scarlet-banana	product	200	
/product/1470-jasmine-flowering-plant-ca-1795	product	200	
/product/1471-petrea-flower-ca-1795	product	200	
/product/1472-citrus-mint-plant-ca-1794	product	200	
/product/1473-morelle-plant-ca-1795	product	200	
/product/1474-foxglove-flower-ca-1795	product	200	
/product/1475-cactus-cactiers-plant-ca-1795	product	200	
/product/1476-papaver-pavot-flower-ca-1795	product	200	
/product/1477-emperor-bird-of-paradise-le-paradisier-grand-emeraude-year-1835-rene-primevere-lesson-set-of-2	product	200	
/product/1478-banded-hare-wallaby-nouvelle-hollande-kangaroo-a-bandes	product	200	
/product/1479-king-island-wombat-nouvelle-hollande-ile-king-le-wombat	product	200	
/product/148-pomelo-fruit	product	200	
/product/1480-flying-fox-bats-timor-rhinolophe-crumenifere	product	200	
/product/1481-dwarf-emu-on-kangaroo-island-nouvelle-hollande-iles-decres	product	200	
/product/1482-platypuses-nouvelle-hollande-nelle-galles-du-sud	product	200	
/product/1483-australian-quolls-nouvelle-hollande-nouvelle-galles-du-sud	product	200	
/product/1484-dwarf-emu-on-kangaroo-island-nouvelle-hollande-iles-decres-a	product	200	
/product/1485-safflower-carthamus-tinctorius-ca-1795	product	200	
/product/1486-conyza-flowering-plant-ca-1795	product	200	
/product/1487-mossy-saxifrages-flowering-plant-ca-1795	product	200	
/product/1488-polygala-little-polly-plant-ca-1795	product	200	
/product/1489-centauree-odorante-flower-ca-1795	product	200	
/product/149-sugar-apple-custard-apple	product	200	
/product/1490-acacia-tree-ca-1795	product	200	
/product/1491-ice-plant-mesembryanthemum-ca-1795	product	200	
/product/1493-lily-flower-merenderes-ca-1795	product	200	
/product/1494-palm-tree-cocotier-des-indes-ca1795	product	200	
/product/1495-nieuwe-kaart-van-choromandel-ende-malabar-by-francois-valentyn	product	200	
/product/1496-australian-tribal-art-nouvelle-hollande-armes-et-ornemens-from-the-nicolas-baudin-expedition	product	200	
/product/1497-australian-aboriginal-warrior-nouvelle-hollande-norou-gal-derri-from-the-nicolas-baudin-expedition	product	200	
/product/1498-australian-tribal-art-nouvelle-hollande-vases-armes-peche-from-the-nicolas-baudin-expedition	product	200	
/product/15-dutch-pioneering-voyage-to-the-east-indies	product	200	
/product/150-yellow-mangosteen	product	200	
/product/1501-nouvelle-hollande-y-erran-gou-la-ga-from-the-nicolas-baudin-expedition-a	product	200	
/product/1502-nouvelle-hollande-cour-rou-bari-gal-from-the-nicolas-baudin-expedition	product	200	
/product/1503-van-diemen-island-terre-de-diemen	product	200	
/product/1504-earliest-view-of-sydney-nouvelle-hollande-nouvelle-galles-du-sud-de-la-ville-de-sydney-from-the-baudin-expedition	product	200	
/product/1505-timor-island-view-vue-de-la-rade-de-la-ville-et-du-fort-de-coupang-kupang-from-the-baudin-expedition	product	200	
/product/1506-early-map-of-sydney-plan-de-la-ville-de-sydney-capitale-des-colonies-anglaises-aux-terres-australes-from-the-baudin-expedition	product	200	
/product/1507-aboriginal-boat-terra-de-diemen-tasmania-from-the-baudin-expedition	product	200	
/product/1508-timor-girl-canda-jeune-fille-malaise-from-the-nicolas-baudin-expedition	product	200	
/product/1509-sea-elephants-australia-nouvelle-hollande-lelephant-marin-from-the-nicolas-baudin-expedition	product	200	
/product/151-custard-apple	product	200	
/product/1510-timor-naba-leba-roi-de-lile-solor-king-of-solor-island-indonesia	product	200	
/product/1511-sydney-early-view-nouvelle-hollande-vue-dune-partie-de-la-ville-de-sydney	product	200	
/product/1512-magnificent-bird-of-paradise-diphyllodes-speciosa-by-john-gould	product	200	
/product/1513-king-bird-of-paradise-cicinnurus-regius-by-john-gould	product	200	
/product/1514-twelve-wired-bird-of-paradise-seleucides-alba-by-john-gould	product	200	
/product/1515-regent-bowerbird-sericulus-melinus-by-john-gould	product	200	
/product/1516-great-sickle-bill-bird-of-paradise-epimachus-speciosus-by-john-gould	product	200	
/product/1517-parotia-bird-of-paradise-parotia-sexpennis-by-john-gould	product	200	
/product/1518-glossy-mantled-manucod-manucodia-atra-by-john-gould	product	200	
/product/1519-magnificent-bird-of-paradise-diphyllodes-speciosa-by-john-gould-1881	product	200	
/product/1520-standardwing-bird-of-paradise-semioptera-wallacii-by-john-gould	product	200	
/product/1521-raggiana-bird-of-paradise-paradisea-raggiana-by-john-gould	product	200	
/product/1522-greater-bird-of-paradise-paradisea-apoda-by-john-gould	product	200	
/product/1525-superb-bird-of-paradise-lophorina-atra-by-john-gould	product	200	
/product/1526-lesser-bird-of-paradise-paradisea-minor-by-john-gould	product	200	
/product/1527-long-tailed-paradigalla-paradigalla-carunculata-by-john-gould	product	200	
/product/1528-black-sicklebill-bird-of-paradise-epimachus-ellioti-by-john-gould	product	200	
/product/1529-black-billed-sicklebill-bird-of-paradise-drepanornis-albertisi-by-john-gould	product	200	
/product/153-cacao-tree	product	200	
/product/1530-wilsons-bird-of-paradise-diphyllodes-respublica-by-john-gould	product	200	
/product/1531-red-bird-of-paradise-paradisea-sanguinea-by-john-gould	product	200	
/product/1532-ailuraedus-buccoides-bird-by-john-gould	product	200	
/product/1533-magnificent-riflebird-of-paradise-ptiloris-magnificus-by-john-gould	product	200	
/product/1534-black-eared-catbird-ailuraedus-melantotus-by-john-gould	product	200	
/product/1535-rawnsleys-bowerbird-ptilonorhynchus-rawnsleyi-by-john-gould	product	200	
/product/1536-spotted-bowerbird-chlamydodera-nuchalis-by-john-gould	product	200	
/product/1537-riflebird-of-paradise-ptiloris-victoriae-by-john-gould	product	200	
/product/1538-aboriginal-man-terre-de-diemen-paraberi-from-the-nicolas-baudin-expedition	product	200	
/product/1539-tasmanian-aboriginal-terre-de-diemen-grou-agara-from-the-nicolas-baudin-expediti	product	200	
/product/1540-tasmania-aboriginaly-young-man-terre-de-diemen-ouriaga-from-the-nicolas-baudin-expedition	product	200	
/product/1541-tasmanian-aboriginal-terre-de-diemen-bara-ourou-from-the-nicolas-baudin-expedition	product	200	
/product/1542-aboriginal-tasmanian-woman-named-arra-maida-terre-de-dieman-arra-maida-from-the-nicolas-baudin-expedition	product	200	
/product/1543-terre-de-dieman-arra-maida	product	200	
/product/1544-van-diemens-land-tasmania-coastal-profile-nouvelle-hollande-terre-de-witt-terre-de-diemen-du-nord	product	200	
/product/1545-coastal-profile-of-australia-nouvelle-hollande-by-charles-alexander-lesueur	product	200	
/product/1546-coastal-profiles-of-australia-nouvelle-hollande-terre-napoleon-by-charles-alexander-lesueur	product	200	
/product/1547-terre-de-diemen-coastal-profiles-of-western-australia-and-tasmania-by-charles-alexander-lesueur	product	200	
/product/1549-van-diemens-land-tasmania-coastal-profile-terre-de-diemen-et-nouvelle-hollande-by-charles-alexander-lesueur	product	200	
/product/1550-a-javan-in-court-dress-by-sir-thomas-stamford-raffles-history-of-java	product	200	
/product/1552-moluccas-islands-indonesia-women-eine-molukkin	product	200	
/product/1553-java-man-with-sarong-antique-java-man-print	product	200	
/product/1554-nutmeg-spice-myristica-moschata-year-1898	product	200	
/product/1555-marine-life-mollusques-et-zoophytes-by-charles-alexandre-lesueur-from-the-nicolas-baudin-expedition	product	200	
/product/1556-marine-life-mollusques-et-zoophytes-by-charles-alexandre-lesueur-from-the-nicolas-baudin-expedition-1811	product	200	
/product/1557-marine-life-mollusques-et-zoophytes-by-charles-alexandre-lesueur-from-the-nicolas-baudin-expedition-year-1811	product	200	
/product/1558-kupang-bay-timor-esquisse-de-la-baie-de-coupang-from-the-nicolas-baudin-expedition	product	200	
/product/1559-tasmania-and-cape-barren-island-terre-de-diemen-plan-from-the-nicolas-baudin-expedition	product	200	
/product/156-jackfruit-breadfruit	product	200	
/product/1560-australia-maps-plan-des-iles-jerome-cumberland-berthier-from-the-nicolas-baudin-expedition	product	200	
/product/1561-victoria-and-murat-bay-in-south-australia-plan-dune-partie-de-la-terre-napoleon-from-the-nicolas-baudin-expedition	product	200	
/product/1562-swan-river-in-western-australia-plan-des-iles-louis-napoleon-et-de-la-riviere-des-cygnes-from-the-nicolas-baudin-expedition	product	200	
/product/1563-four-australia-maps-in-one-sheet-plan-dune-partie-de-larchipel-bonaparte-from-the-nicolas-baudin-expedition	product	200	
/product/1564-king-george-sound-and-geographe-bay-australia-plan-du-port-du-roi-george-plan-de-la-baie-du-geographe-from-the-nicolas-baudin-expedition	product	200	
/product/1565-western-australia-coastline-carte-de-la-baie-des-chiens-marins-from-the-nicolas-baudin-expedition	product	200	
/product/1566-kangaroo-island-map-plan-de-lile-decres-esquisse-des-iles-de-lintitut-from-the-nicolas-baudin-expedition	product	200	
/product/1567-tasmania-van-diemens-land-carte-generale-de-la-partie-sud-est-de-la-terre-de-diemen-from-the-nicolas-baudin-expedition	product	200	
/product/1568-laplace-bay-western-harbour-forestier-islands-and-champagny-harbour-from-the-nicolas-baudin-expedition	product	200	
/product/1569-south-australia-carte-generale-des-golfes-bonaparte-et-josephine-from-the-nicolas-baudin-expedition	product	200	
/product/157-yellow-saraca	product	200	
/product/1570-balinese-temple-hand-signed-by-willem-gerard-hofker	product	200	
/product/1571-offerings-in-bali-hand-signed-by-willem-gerard-hofker	product	200	
/product/1572-mammals-and-birds-from-australia-famous-nicolas-baudin-expedition-set-of-7-	product	200	
/product/1573-aboriginal-life-terre-de-diemen-habitations-from-the-nicolas-baudin-expedition	product	200	
/product/1574-native-aboriginal-huts-nouvelle-hollande-cabanes-des-naturels-from-the-baudin-expedition	product	200	
/product/1575-physique-thermobatometre-ou-appareil-pour-mesurer-la-temperature-de-la-mer-measuring-ocean-temperatures-at-great-depths	product	200	
/product/1576-nouvelle-hollande-galles-du-sud-navigation-from-the-nicolas-baudin-expedition	product	200	
/product/1577-view-of-the-city-of-batavia-antique-batavia-print-year-1818	product	200	
/product/1578-het-fort-rotterdam-te-makasser-fort-rotterdam-in-makassar-by-cwm-van-de-velde	product	200	
/product/1579-artificial-globes-celestial-and-terrestrial	product	200	
/product/158-buddhas-hand	product	200	
/product/1580-city-plan-of-batavia-plan-de-batavia-by-pieter-van-der-aa	product	200	
/product/1581-java-sumatra-and-borneo-map-het-eiland-java-zoo-als-federd-de-tyden-der-portugysen-by-pieter-van-der-aa	product	200	
/product/1582-china-antique-view-forteresse-de-tyen-tsing-wey-tree-de-nieuhof	product	200	
/product/1583-islands-around-tonga-coastal-profiles-isle-de-sir-charles-saunder-by-captain-james-cook	product	200	
/product/1584-balinese-girl-willem-hofker-ni-wiriah-balinese-pregnant-girl	product	200	
/product/1585-balinese-temple-by-willem-gerard-hofker-signed-by-hofker-	product	200	
/product/1586-balinese-dancer-by-willem-gerard-hofker	product	200	
/product/1587-balinese-scene-by-willem-hofker	product	200	
/product/1588-balinese-woman-sitting-by-willem-g-hofker	product	200	
/product/1589-balinese-ardja-dancer-ni-asoeg-in-ardja-by-willem-g-hofker	product	200	
/product/159-johore-berry	product	200	
/product/1590-woman-from-bali-by-willem-g-hofker	product	200	
/product/1591-borobudur-stupa-circa-1920-by-jan-poortenaar-set-of-6	product	200	
/product/1592-javanese-dance-de-sembah-der-bedajas-solo-	product	200	
/product/1593-javanese-dance-de-kapang-kapang-solo-	product	200	
/product/1594-javanese-dance-badaja-dans-solo	product	200	
/product/1595-javanese-dance-hatoer-hatoer-dolanan-sonder	product	200	
/product/1596-javanese-dance-48-keplok-tangan-49-antra-djamang	product	200	
/product/1597-javanese-dance-39oentaredja-en-gatotkatja	product	200	
/product/1598-javanese-dance-46-de-kalana-dans-uitgevoerd-door-vorst-dasa-wisesa	product	200	
/product/1599-javanese-dance-44-strijd-tusschen-srikandi-en-rarasati	product	200	
/product/160-a-hunt-on-java-by-raden-saleh	product	200	
/product/1600-javanese-dance-43-prinses-pregiwa-troost-prinses-pregiwati-staande-houding-	product	200	
/product/1601-javanese-dance-32-handbouding-na-de-sembah-in-de-wajang-madia	product	200	
/product/1602-javanese-dance-42-prinses-pregiwa-troost-prinses-pregiwati	product	200	
/product/1603-javanese-dance-41-houding-voor-den-dans-solo-	product	200	
/product/1604-javanese-dance-40-angkawidjaja-in-de-houding-voor-den-dans-jogja-	product	200	
/product/1605-javanese-dance-34-de-sabetan	product	200	
/product/1606-javanes-dance-20-prinses-srikandi-de-rechterhand-in-andha-prataka	product	200	
/product/1607-javanese-dance-21houding-en-handgebaar-bij-het-spreken-met-een-hoogeplaasts-persoon	product	200	
/product/1608-javanese-dance-22-houding-en-handgebaar-bij-het-gewone-spreken	product	200	
/product/1609-javanese-dance-25-de-sembah-26-de-ngapoerantjang	product	200	
/product/161-a-forest-fire-by-raden-saleh	product	200	
/product/1610-javanese-dance-23-gecombineerde-houding-der-biede-handen	product	200	
/product/1611-javanese-temple-2-civa-den-tandava-dansend	product	200	
/product/1612-javanese-dance-28-de-sjerp-in-sabet	product	200	
/product/1613-javanese-dance-4-barabodoer	product	200	
/product/1614-javanese-temple-5-baraboedoer-danseres	product	200	
/product/1615-javanese-temple-7-relief-van-den-ciwa-tempel-de-lara-djonggrang-groep	product	200	
/product/1616-javanese-temple-8-scheppingsdans-van-de-balustrade-der-lara-djonggrang-groep	product	200	
/product/1617-javanese-dance-9-wjang-wong-scene-aan-het-hof-van-paa-mangkoenagara-vii	product	200	
/product/1618-javanese-dance-11-vrouwelijke-kalana-dans-hatoer-hatoer-	product	200	
/product/1619-javanese-dance-13-vrouelijke-kalana-dans-dolanan-sonder	product	200	
/product/162-chinese-chestnut	product	200	
/product/1620-javanese-dance-15-de-ngroedji	product	200	
/product/1621-javanese-dance-19-het-turen-in-de-verte	product	200	
/product/1622-javanese-dance-60-strijd-tusschen-ardjoena-en-domangdjaja	product	200	
/product/1623-javanese-dance-61-de-gamelan-instrumenten	product	200	
/product/1624-javanese-dance-64-groep-van-wajang-wong-spelers	product	200	
/product/1625-javanese-dance-62-vogelvorst-garoeda-en-gatotkatja	product	200	
/product/1626-javanese-dance-65-badaja-dans	product	200	
/product/1627-javanese-dance-66-sarimpi-dans	product	200	
/product/1628-javanese-dance-71-srimpi-van-het-hof-van-paa-mangkoenagara-vii	product	200	
/product/1629-javanese-dance-72-sarimpi-van-het-hof-van-paa-mangkoenagara-vii	product	200	
/product/163-tassle-vine-poison-rope	product	200	
/product/1630-javanese-dance-29-de-houding-sampir-sampoer	product	200	
/product/1631-javanese-dance-30-prinses-srikandi-in-de-kitjat-beweging	product	200	
/product/1632-javanese-dance-31-de-ngojog	product	200	
/product/1633-javanese-dance-35-de-tandjak-in-den-krachtigen-dans	product	200	
/product/1634-javanese-dance-36-de-srisik-in-den-krachtigen-dans	product	200	
/product/1635-javanese-dance-38-overgang-van-een-actie-naar-links	product	200	
/product/1636-javanese-dance-52-atrap-soemping-53-oekel-tangan	product	200	
/product/1637-tjandi-prambanan-temple-yogyakarta-antique-photograph-by-kassian-cephas-1	product	200	
/product/1638-tjandi-prambanan-temple-yogyakarta-antique-photograph-by-kassian-cephas-2	product	200	
/product/1639-tjandi-prambanan-temple-yogyakarta-antique-photograph-by-kassian-cephas-3	product	200	
/product/1640-tjandi-prambanan-temple-yogyakarta-antique-photograph-by-kassian-cephas	product	200	
/product/1641-tjandi-prambanan-temple-yogyakarta-antique-photograph-by-kassian-cephas-4	product	200	
/product/1642-tjandi-prambanan-temple-yogyakarta-antique-photograph-by-kassian-cephas-5	product	200	
/product/1643-tjandi-prambanan-temple-yogyakarta-antique-photograph-by-kassian-cephas-6	product	200	
/product/1644-tjandi-prambanan-temple-yogyakarta-antique-photograph-by-kassian-cephas-7	product	200	
/product/1645-tjandi-prambanan-temple-yogyakarta-antique-photograph-by-kassian-cephas-8	product	200	
/product/1646-tjandi-prambanan-temple-yogyakarta-antique-photograph-by-kassian-cephas-9	product	200	
/product/1647-tjandi-prambanan-temple-yogyakarta-antique-photograph-by-kassian-cephas-10	product	200	
/product/1648-tjandi-prambanan-temple-yogyakarta-antique-photograph-by-kassian-cephas-11	product	200	
/product/1649-tjandi-prambanan-temple-yogyakarta-antique-photograph-by-kassian-cephas-12	product	200	
/product/1650-tjandi-prambanan-temple-yogyakarta-antique-photograph-by-kassian-cephas-13	product	200	
/product/1651-tjandi-prambanan-temple-yogyakarta-antique-photograph-by-kassian-cephas-14	product	200	
/product/1652-tjandi-prambanan-temple-yogyakarta-antique-photograph-by-kassian-cephas-15	product	200	
/product/1653-tjandi-prambanan-temple-yogyakarta-antique-photograph-by-kassian-cephas-17	product	200	
/product/1654-tjandi-prambanan-temple-yogyakarta-antique-photograph-by-kassian-cephas-16	product	200	
/product/1655-tjandi-prambanan-temple-yogyakarta-antique-photograph-by-kassian-cephas-18	product	200	
/product/1656-tjandi-prambanan-temple-yogyakarta-antique-photograph-by-kassian-cephas-19	product	200	
/product/1657-tjandi-prambanan-temple-yogyakarta-antique-photograph-by-kassian-cephas-20	product	200	
/product/1658-tjandi-prambanan-temple-yogyakarta-antique-photograph-by-kassian-cephas-21	product	200	
/product/1659-tjandi-prambanan-temple-yogyakarta-antique-photograph-by-kassian-cephas-22	product	200	
/product/166-angel-wings	product	200	
/product/1660-tjandi-prambanan-temple-yogyakarta-antique-photograph-by-kassian-cephas-23	product	200	
/product/1661-tjandi-prambanan-temple-yogyakarta-antique-photograph-by-kassian-cephas-24	product	200	
/product/1662-tjandi-prambanan-temple-yogyakarta-antique-photograph-by-kassian-cephas-25	product	200	
/product/1663-tjandi-prambanan-temple-yogyakarta-antique-photograph-by-kassian-cephas-26	product	200	
/product/1664-the-malay-archipelago-alfred-russel-wallace-rare-3rd-edition	product	200	
/product/1665-tjandi-prambanan-temple-yogyakarta-antique-photograph-by-kassian-cephas-27	product	200	
/product/1666-tjandi-prambanan-temple-yogyakarta-antique-photograph-by-kassian-cephas-28	product	200	
/product/1667-tjandi-prambanan-temple-yogyakarta-antique-photograph-by-kassian-cephas-29	product	200	
/product/1668-tjandi-prambanan-temple-yogyakarta-antique-photograph-by-kassian-cephas-30	product	200	
/product/1669-tjandi-prambanan-temple-yogyakarta-antique-photograph-by-kassian-cephas-31	product	200	
/product/167-java-apple-blossom	product	200	
/product/1670-tjandi-prambanan-temple-yogyakarta-antique-photograph-by-kassian-cephas-32	product	200	
/product/1671-tjandi-prambanan-temple-yogyakarta-antique-photograph-by-kassian-cephas-33	product	200	
/product/1672-tjandi-prambanan-temple-yogyakarta-antique-photograph-by-kassian-cephas-34	product	200	
/product/1673-tjandi-prambanan-temple-yogyakarta-antique-photograph-by-kassian-cephas-35	product	200	
/product/1674-tjandi-prambanan-temple-yogyakarta-antique-photograph-by-kassian-cephas-36	product	200	
/product/1675-tjandi-prambanan-temple-yogyakarta-antique-photograph-by-kassian-cephas-37	product	200	
/product/1676-tjandi-prambanan-temple-yogyakarta-antique-photograph-by-kassian-cephas-38	product	200	
/product/1677-tjandi-prambanan-temple-yogyakarta-antique-photograph-by-kassian-cephas-39	product	200	
/product/1678-tjandi-prambanan-temple-yogyakarta-antique-photograph-by-kassian-cephas-40	product	200	
/product/1679-tjandi-prambanan-temple-yogyakarta-antique-photograph-by-kassian-cephas-41	product	200	
/product/168-ceylon-sri-lanka	product	200	
/product/1680-tjandi-prambanan-temple-yogyakarta-antique-photograph-by-kassian-cephas-42	product	200	
/product/1681-tjandi-prambanan-temple-yogyakarta-antique-photograph-by-kassian-cephas-43	product	200	
/product/1682-tjandi-prambanan-temple-yogyakarta-antique-photograph-by-kassian-cephas-44	product	200	
/product/1683-tjandi-prambanan-temple-yogyakarta-antique-photograph-by-kassian-cephas-45	product	200	
/product/1684-tjandi-prambanan-temple-yogyakarta-antique-photograph-by-kassian-cephas-46	product	200	
/product/1685-tjandi-prambanan-temple-yogyakarta-antique-photograph-by-kassian-cephas-47	product	200	
/product/1686-tjandi-prambanan-temple-yogyakarta-antique-photograph-by-kassian-cephas-48	product	200	
/product/1687-tjandi-prambanan-temple-yogyakarta-antique-photograph-by-kassian-cephas-49	product	200	
/product/1688-kaart-van-het-eyland-borneo-map-of-the-island-borneo	product	200	
/product/1689-kaart-van-de-zuyd-ooster-eylanden-van-banda-map-of-banda-and-australia	product	200	
/product/169-orchid-flowers	product	200	
/product/1690-tjandi-prambanan-temple-yogyakarta-antique-photograph-by-kassian-cephas-50	product	200	
/product/1691-tjandi-prambanan-temple-yogyakarta-antique-photograph-by-kassian-cephas-51	product	200	
/product/1692-tjandi-prambanan-temple-yogyakarta-antique-photograph-by-kassian-cephas-52	product	200	
/product/1693-tjandi-prambanan-temple-yogyakarta-antique-photograph-by-kassian-cephas-53	product	200	
/product/1694-tjandi-prambanan-temple-yogyakarta-antique-photograph-by-kassian-cephas-54	product	200	
/product/1695-tjandi-prambanan-temple-yogyakarta-antique-photograph-by-kassian-cephas-55	product	200	
/product/1696-tjandi-prambanan-temple-yogyakarta-antique-photograph-by-kassian-cephas-56	product	200	
/product/1697-tjandi-prambanan-temple-yogyakarta-antique-photograph-by-kassian-cephas-57	product	200	
/product/1698-tjandi-prambanan-temple-yogyakarta-antique-photograph-by-kassian-cephas-58	product	200	
/product/1699-tjandi-prambanan-temple-yogyakarta-antique-photograph-by-kassian-cephas-59	product	200	
/product/17-kali-besar-batavia-etching-ca1920	product	200	
/product/170-josephs-coat-amaranthus	product	200	
/product/1700-tjandi-prambanan-temple-yogyakarta-antique-photograph-by-kassian-cephas-60	product	200	
/product/1701-map-of-florida-the-gulf-coast-and-the-caribbean-scheeps-togt-door-rodrigue-de-bastides	product	200	
/product/1702-map-of-afganistan-pakistan-and-northern-india-t-ryk-van-den-grooten-mogol-met-de-grenzen-van-cambaya-ent-koninkryk-deli	product	200	
/product/1703-india-ceylon-and-the-western-part-of-the-malay-peninsula-indien-binnen-de-ganges-vertoonende-konikryken-van-golconda-decan-bisgnaga-en-grenzen-van-mogol	product	200	
/product/1704-mouth-of-the-ganges-bay-of-bengal-t-koninkryk-van-bengale-en-landshcappen-aande-gangele-vloed-tussen-mogol-en-pegu-gelegen	product	200	
/product/1705-india-centred-on-the-bay-of-cambaia-h-koninkryk-van-guzaratte-met-dengte-van-cambaya-en-der-felver-vloeden-	product	200	
/product/1706-bali-island-large-map-kaart-van-het-eyland-bali	product	200	
/product/1707-indian-ocean-tabula-indiae-orientalis-et-regnorum-adjacentium	product	200	
/product/1708-ganges-and-the-bay-of-bengal-t-koninkryk-van-bengale-en-landshcappen-aande-gangele-vloed-tussen-	product	200	
/product/1709-india-nepal-bhutan-assam-and-bangladesh-de-land-reyse-door-benedictus-goes-van-lahor-gedaan-door-tartaryen-na-china	product	200	
/product/171-white-peace-lily	product	200	
/product/1710-middle-east-and-greece-de-zee-en-landreyse-van-loh-mildenhal-en-cartwrigt-na-persien-en-	product	200	
/product/1711-arabian-peninsula-and-the-indian-ocean-robert-covertes-swerf-reysen-na-gelede-schipbreuk-var-cambaya-te-land-door-opper-indien-persien-en-	product	200	
/product/1712-arabia-de-roode-zee-met-de-kusten-van-arabien-en-het-naauw-tussen-aden-en-zeila-tot-aan-bassora	product	200	
/product/1713-arabian-peninsula-de-roode-zee-in-een-zesde-scheepstogt-der-engelze-maatschappie-onder-h-middleton-tot-aan-mocha	product	200	
/product/1715-eastern-mediterranean-and-middle-east-reys-togt-van-a-sherley-te-land-gedaan-van-aleppo-over-babylonien-nat-	product	200	
/product/1717-red-sea-and-the-sources-of-the-nile-river-opper-ethiopien-of-t-ryk-der-abyssinen-door-de-e-vaders-h-lobo-en-m-almeida-	product	200	
/product/1718-map-of-india-nepal-bhutan-assam-and-bangladesh-de-land-reyse-door-benedictus-goes-van-lahor-gedaan-door-tartaryen-na-china	product	200	
/product/1719-eastern-mediterranean-and-middle-east-de-zee-en-land-reyse-van-joh-mildenhal-en-cartwrigt-na-persien-en-mogol	product	200	
/product/172-torch-ginger-flower	product	200	
/product/1720-map-of-southeast-asia-doost-indize-landschappen-zeen-en-eylanden-door-de-portugysen-en-	product	200	
/product/1721-singapore-shophouses-antique-photograph-of-singapore-owned-and-described-by-sir-frederick-weld	product	200	
/product/1722-maraite-xtian-beggar-francis-his-prayerbook-antique-photograph-of-singapore-owned-and-described-by-sir-frederick-weld	product	200	
/product/1724-mussulman-mosque-antique-photograph-of-singapore-owned-and-described-by-sir-frederick-weld	product	200	
/product/1725-town-hall-singapore-antique-photograph-of-singapore-owned-and-described-by-sir-frederick-weld	product	200	
/product/1726-court-house-singapore-esplanade-hotel-de-leurope-antique-photograph-of-singapore-owned-and-described-by-sir-frederick-weld	product	200	
/product/1727-chinese-boy-girl-in-wedding-costume-antique-photograph-of-singapore-owned-and-described-by-sir-frederick-weld	product	200	
/product/1728-indian-man-antique-photograph-of-singapore-owned-and-described-by-sir-frederick-weld	product	200	
/product/1729-view-of-singapore-antique-photograph-of-singapore-owned-and-described-by-sir-frederick-weld	product	200	
/product/173-grand-devils-claws	product	200	
/product/1730-girl-singapore-mixed-malay-indian-blood-antique-photograph-of-singapore-owned-and-described-by-sir-frederick-weld	product	200	
/product/1731-the-late-datu-klana-of-sungei-ujong-daughter-antique-photograph-of-singapore-owned-and-described-by-sir-frederick-weld	product	200	
/product/1732-view-in-govt-house-garden-from-top-of-house-antique-photograph-of-singapore-owned-and-described-by-sir-frederick-weld	product	200	
/product/1733-antique-photographs-singapore-photographs-architecture-photograph-views-landscapes-photographs	product	200	
/product/1734-street-in-singapore-antique-photograph-owned-and-described-by-sir-frederick-weld	product	200	
/product/1735-mixed-malay-blood-african-woman-christian-antique-photograph-of-singapore-owned-and-described-by-sir-frederick-weld	product	200	
/product/1736-view-taken-from-top-of-govt-house-antique-photograph-of-singapore-owned-and-described-by-sir-frederick-weld	product	200	
/product/1737-government-house-singapore-antique-photograph-of-singapore-owned-and-described-by-sir-frederick-weld	product	200	
/product/1738-government-buildings-from-fort-canning-singapore-antique-photograph-owned-and-described-by-sir-frederick-weld	product	200	
/product/1739-chinese-gentlemen-antique-photograph-of-singapore-owned-and-described-by-sir-frederick-weld	product	200	
/product/174-nam-nam-fruit	product	200	
/product/1740-view-in-govt-house-grounds-travellers-palm-antique-photograph-of-singapore-owned-and-described-by-sir-frederick-weld	product	200	
/product/1741-view-from-govt-house-antique-photograph-of-singapore-owned-and-described-by-sir-frederick-weld	product	200	
/product/1742-views-of-town-from-fort-canning-singapore-antique-photograph-owned-and-described-by-sir-frederick-weld	product	200	
/product/1743-view-of-singapore-boat-harbour-antique-photograph-owned-and-described-by-sir-frederick-weld	product	200	
/product/1744-layout-of-the-govt-house-antique-photograph-of-singapore-owned-and-described-by-sir-frederick-weld	product	200	
/product/1745-cocoa-nut-plantation-near-singapore-antique-photograph-of-singapore-owned-and-described-by-sir-frederick-weld	product	200	
/product/1746-view-in-cemetery-singapore-antique-photograph-owned-and-described-by-sir-frederick-weld	product	200	
/product/1747-street-in-singapore-antique-photograph-owned-and-described-by-sir-frederick-weld-a	product	200	
/product/1748-travellers-palm-bungalow-view-in-singapore-antique-photograph-owned-and-described-by-sir-frederick-weld	product	200	
/product/1749-view-from-govt-house-antique-photograph-of-singapore-owned-and-described-by-sir-frederick-weld-a	product	200	
/product/175-croton-plant	product	200	
/product/1750-town-hall-antique-photograph-of-singapore-owned-and-described-by-sir-frederick-weld	product	200	
/product/1751-fish-market-antique-photograph-of-singapore-owned-and-described-by-sir-frederick-weld	product	200	
/product/1752-street-in-singapore-antique-photograph-owned-and-described-by-sir-frederick-weld-b	product	200	
/product/1753-hindoo-antique-photograph-of-singapore-owned-and-described-by-sir-frederick-weld	product	200	
/product/1754-view-in-botanical-gardens-singapore-antique-photograph-owned-and-described-by-sir-frederick-weld	product	200	
/product/1755-kling-antique-photograph-of-singapore-owned-and-described-by-sir-frederick-weld	product	200	
/product/1756-inhabitants-of-singapore-malay-men-woman-antique-photograph-owned-and-described-by-sir-frederick-weld	product	200	
/product/1757-government-house-singapore-antique-photograph-owned-and-described-by-sir-frederick-weld	product	200	
/product/1758-ccathedral-antique-photograph-owned-and-described-by-sir-frederick-weld	product	200	
/product/1759-mixed-malay-siamese-antique-photograph-of-singapore-owned-and-described-by-sir-frederick-weld	product	200	
/product/176-oyster-plant-boat-lily	product	200	
/product/1760-cocoa-nut-plantation-near-singapore-antique-photograph-owned-and-described-by-sir-frederick-weld	product	200	
/product/1761-view-of-singapore-part-of-harbour-antique-photograph-owned-and-described-by-sir-frederick-weld	product	200	
/product/1762-street-in-singapore-antique-photograph-of-singapore-owned-and-described-by-sir-frederick-weld	product	200	
/product/1766-chinese-church-christian-brothers-school-cathedral-of-the-good-shepherd-convent-school-antique-photograph-of-singapore-owned-and-described-by-sir-frederick-weld	product	200	
/product/1768-chinese-joss-house-antique-photograph-of-singapore-owned-and-described-by-sir-frederick-weld	product	200	
/product/1769-his-highness-the-maharajah-of-johor-malay-antique-photograph-of-singapore-owned-and-described-by-sir-frederick-weld	product	200	
/product/177-batavia-large-city-plan	product	200	
/product/1770-view-of-singapore-from-pearls-hill-antique-photograph-owned-and-described-by-sir-frederick-weld	product	200	
/product/1771-antique-print-of-west-java-traditional-houses-by-van-der-lith	product	200	
/product/1772-inhabitants-of-the-island-of-java-by-pa-van-der-lith	product	200	
/product/1773-antique-print-of-indonesian-household-tools-year-1875-by-pa-van-der-lith	product	200	
/product/1774-antique-print-of-traditional-houses-in-indonesia-year-1875-by-pa-van-der-lith	product	200	
/product/1775-antique-print-of-indonesia-woman-year-1875-by-pa-van-der-lith	product	200	
/product/1776-indonesian-swords-and-daggers-lithograph	product	200	
/product/1777-antique-print-of-indonesia-agriculture-tools-by-pa-van-der-lith	product	200	
/product/1778-ronggeng-dance-on-java-by-pa-van-der-lith	product	200	
/product/1779-fishing-vessels-indonesia-year-1875-a	product	200	
/product/178-east-indies-south-east-asia	product	200	
/product/1780-antique-prints-of-inhabitants-of-sumatra-year-1875-by-pa-van-der-lith	product	200	
/product/1781-antique-prints-wayang-performance-year-1875-by-pa-van-der-aa	product	200	
/product/1782-antique-print-of-bedhaya-dance-with-gamelan-on-java-year-1875-by-pa-van-der-lith	product	200	
/product/1783-indonesian-household-tools-year-1875-by-pa-van-der-lith	product	200	
/product/1784-een-javaansch-opperhoofd-in-jagtkostuum-a-javanese-chief-in-hunting-dress-by-ernest-hardouin	product	200	
/product/1785-koelis-by-ernest-hardouin-javanese-coolie-resting-on-a-cargo-box	product	200	
/product/1786-een-chinesche-priester-te-batavia-by-ernest-hardouin-a-chinese-priest-in-batavia-jakarta	product	200	
/product/1787-een-regent-op-het-eiland-java-by-ernest-hardouin-a-regent-on-the-island-of-java	product	200	
/product/1788-een-javaansche-bediende-by-ernest-hardouin-a-javanese-servant	product	200	
/product/1789-de-djaijang-sekar-by-ernest-hardouin-a-military-officer-in-service-of-the-dutch-indies-army-in-indonesia	product	200	
/product/179-first-dutch-pioneering-voyage-to-the-east-indies	product	200	
/product/1790-eene-javaansche-vrouw-by-ernest-hardouin-a-javanese-woman	product	200	
/product/1791-eene-bataviasche-bruid-by-ernest-hardouin-a-bride-from-batavia-jakarta	product	200	
/product/1792-de-njei-of-inlandsche-huishoudster-by-ernest-hardouin-a-native-housekeeper	product	200	
/product/1793-de-topeng-babakan-by-ernest-hardouin-topeng-dancers-with-band	product	200	
/product/1794-de-soendanesche-bruidegom-by-ernest-hardouin-a-bride-from-sunda-java	product	200	
/product/1795-inlandsche-vrouw-uit-de-binnenlanden-van-palembang-by-ernest-hardouin-women-from-palembang-indonesia	product	200	
/product/1796-danseres-aan-een-javaansch-hof-by-ernest-hardouin-a-javanese-dancer	product	200	
/product/1797-de-hoenderverkooper-by-ernest-hardouin-a-chicken-seller-in-java	product	200	
/product/1798-een-javaansch-matroos-by-ernest-hardouin-a-javanese-sailor	product	200	
/product/1799-de-kettingganger-by-ernest-hardouin-a-javanese-laborer	product	200	
/product/18-view-of-singapore-town-year-1830	product	200	
/product/180-oil-drilling-on-java-set-of-148-photos	product	200	
/product/1800-javaansche-rongging-vrouw-by-ernest-hardouin-a-javanese-ronggeng-dancer	product	200	
/product/1801-javaansche-rongging-man-by-ernest-hardouin-a-javanese-ronggeng-dancer	product	200	
/product/1802-de-chineesche-smid-op-batavia-by-ernest-hardouin	product	200	
/product/1803-een-amfioen-kit-by-ernest-hardouin-an-opium-den-in-indonesia	product	200	
/product/1804-een-afrikaansch-soldaat-by-ernest-hardouin-african-soldier-in-the-dutch-indies-army-in-java-indonesia	product	200	
/product/1805-een-arabier-op-java-by-ernest-hardouin-an-arabian-man-in-java-indonesia	product	200	
/product/1806-eene-badende-slavin-by-ernest-hardouin-a-bathing-slave-in-java-indonesia	product	200	
/product/1807-een-javaansche-priester-by-ernest-hardouin-a-javanese-priest-in-java-indonesia	product	200	
/product/1808-de-kong-a-hian-speler-by-ernest-hardouin-a-chinese-musician-in-java-indonesia	product	200	
/product/1809-grivet-monkey-primates-quadrumanes-guenon-grivet-by-charles-dorbigny	product	200	
/product/1810-asian-elephant-elephant-des-indes-by-charles-dorbigny	product	200	
/product/1811-indian-rhinoceros-rhinoceros-des-indes-by-charles-dorbigny	product	200	
/product/1812-zebra-and-the-malayan-tapir-tapir-indien-tapirus-indicus-dauw-equus-montanus-burch-by-charles-dorbigny	product	200	
/product/1813-dromedary-chameau-aune-bosse-ou-dromadaire-by-charles-dorbigny	product	200	
/product/1814-indian-pangolin-and-giant-armadillo-tatou-encoubert-pangolin-a-grosse-queue-by-charles-dorbigny	product	200	
/product/1815-silky-anteater-and-giant-anteater-fourmilier-didactyle-fourmilier-tamanoir-by-charles-dorbigny	product	200	
/product/1816-amazonian-royal-flycatcher-a-lyrebird-lyrebird-le-roi-des-gobe-menure-lyre-by-charles-dorbigny	product	200	
/product/1817-himalayan-monal-pheasant-lophophore-resplendissant-by-charles-dorbigny	product	200	
/product/1818-the-giraffe-ordre-ruminants-girafe-by-charles-dorbigny	product	200	
/product/1819-the-hippo-hippopotame-amphibie-by-charles-dorbigny	product	200	
/product/182-waterfall-at-	product	200	
/product/1820-great-curassow-and-western-tragopan-hocco-roux-tragopan-de-haslings-by-charles-dorbigny	product	200	
/product/1821-the-lion-carnivores-lion-by-charles-dorbigny	product	200	
/product/1822-the-jaguar-carnivores-jaguar-by-charles-dorbigny	product	200	
/product/1823-the-lioness-carnivores-lionne-by-charles-dorbigny	product	200	
/product/1824-the-raccoon-raton-laveur-by-charles-dorbigny	product	200	
/product/1825-the-brown-bear-ours-brun-by-charles-dorbigny	product	200	
/product/1827-the-ring-tailed-lemur-and-red-lemur-maki-rouge-maki-macoco-by-charles-dorbigny	product	200	
/product/1828-cassowary-bird-casoar-a-casque-by-charles-dorbigny	product	200	
/product/1829-the-chimpanzee-troglodyte-chimaphanze-by-charles-dorbigny	product	200	
/product/183-large-map-of-java-in-7-sheets	product	200	
/product/1830-the-sloth-and-the-aye-aye-bradhype-a-dos-brule-cheiromys-aye-aye-by-charles-dorbigny	product	200	
/product/1831-black-striped-wallaby-kangurou-a-dos-noir-by-charles-dorbigny	product	200	
/product/1832-woolly-kangeroo-kangurou-laineux-by-charles-dorbigny	product	200	
/product/1833-the-parakeet-perruche-atete-jaune-perruche-omnicolore-by-charles-dorbigny	product	200	
/product/1834-the-crowned-pigeon-gallianaces-pigeons-goura-by-charles-dorbigny	product	200	
/product/1835-the-king-bird-of-paradise-guianan-cock-of-the-rock-le-manucode-le-cog-de-roche-by-charles-dorbigny	product	200	
/product/1836-the-paradise-tanagerby-tangara-septicolor-by-charles-dorbigny	product	200	
/product/1837-flying-squirrel-polatouche-damerique-by-charles-dorbigny	product	200	
/product/1838-northern-three-toed-jerboa-the-beaver-gerboise-ordinaire-castor-du-canada-by-charles-dorbigny	product	200	
/product/1839-the-scarlet-macaw-ara-macao-the-great-spotted-woodpecker-ara-aracanga-pic-grand-epichele-by-charles-dorbigny	product	200	
/product/184-sea-chart-of-java-borneo-bali-and-sumatra	product	200	
/product/1840-the-ostrich-autruch-de-lancien-continent-by-charles-dorbigny	product	200	
/product/1841-the-whale-balaenoptera-rorqual-by-charles-dorbigny	product	200	
/product/1842-the-bowhead-whale-peeche-de-la-baleine-franche-by-charles-dorbigny	product	200	
/product/1843-the-common-dolphin-dauphin-ordinaire-by-charles-dorbigny	product	200	
/product/1844-the-opossum-didelphe-sarigue-by-charles-dorbigny	product	200	
/product/1845-wild-goat-egagre-male-femelle-by-charles-dorbigny	product	200	
/product/1846-wild-goat-egagre-male-femelle-by-charles-dorbigny%20A	product	200	
/product/1847-the-mouse-deer-the-moose-chevrotain-elan-by-charles-dorbigny	product	200	
/product/1848-the-antilope-and-the-alpaca-antilope-guib-alpacca-by-charles-dorbigny	product	200	
/product/1849-north-american-and-indian-pig-pecari-a-collier-cochon-des-indes-femelle-by-charles-dorbigny	product	200	
/product/185-sea-chart-of-java-borneo-bali	product	200	
/product/1850-cotinga-and-guianan-red-cotinga-bird-cotinga-cordon-bleu-cotinga-ouette-by-charles-dorbigny	product	200	
/product/1852-humming-birds-colibri-grenat-by-charles-dorbigny	product	200	
/product/1853-ruby-topaz-hummingbird-and-tufted-coquette-oiseau-mouche-rubris-topaze-by-charles-dorbigny	product	200	
/product/1854-hummingbirds-oiseau-mouche-amethyste-by-charles-dorbigny	product	200	
/product/1855-sapho-hummingbird-and-kingfisher-oiseau-mouche-sapho-by-charles-dorbigny	product	200	
/product/1856-eurasian-blue-tit-and-masked-crimson-tanager-la-mesange-bleue-ramphocele-flamboyant-by-charles-dorbigny	product	200	
/product/1857-california-quail-and-pigeon-colin-de-la-californie-colombi-galline-poignardee-by-charles-dorbigny	product	200	
/product/1858-the-kinkajou-and-otter-kinkajou-loutre-by-charles-dorbigny	product	200	
/product/1859-the-fieldfare-bird-and-rock-thrush-bird-merle-litorne-merle-de-roche-by-charles-dorbigny	product	200	
/product/186-fatahillah-museum-jakarta	product	200	
/product/1860-the-saxicolae-bird-rubiette-calliope-craquet-stapaxin-by-charles-dorbigny	product	200	
/product/1861-bohemian-waxwing-and-regent-bowerbird-laseur-de-boheme-sericule-prince-regent-by-charles-dorbigny	product	200	
/product/1862-blue-cuckooshrike-bird-pie-grieche-bleau-by-charles-dorbigny	product	200	
/product/1863-arabian-horse-cheval-arabe-by-charles-dorbigny	product	200	
/product/1864-the-golden-monarch-bird-gobe-mouche-ornoir-by-charles-dorbigny	product	200	
/product/1865-the-eastern-imperial-eagle-aigle-imperial-by-charles-dorbigny	product	200	
/product/1866-ordre-oiseaux-de-proie-famille-des-diurnes-epervier-falco-nisus-linn	product	200	
/product/1867-the-owl-and-european-nightjar-chouette-effraie-engoulevent-ordinaire-by-charles-dorbigny	product	200	
/product/1868-the-king-vulture-roi-des-vautours-by-charles-dorbigny	product	200	
/product/1869-the-red-footed-falcon-faucon-kobez-by-charles-dorbigny	product	200	
/product/187-chinese-neighborhood-in-batavia	product	200	
/product/1870-the-andean-condor-and-owl-condor-by-charles-dorbigny	product	200	
/product/1871-the-common-shrew-and-golden-mole-musaraigne-commune-caupe-doree-by-charles-dorbigny	product	200	
/product/1872-indian-giant-squirrel-and-the-hamster-grand-ecureuil-du-malabar-hamster-ordinaire-by-charles-dorbigny	product	200	
/product/1873-he-harbor-seal-phaque-commun-by-charles-dorbigny	product	200	
/product/1874-the-tupaia-and-hedgehog-herisson-d-europe-tupaia-ferrugineua-by-charles-dorbigny	product	200	
/product/1875-the-marten-and-badger-blaireau-commun-marte-commune-by-charles-dorbigny	product	200	
/product/1877-the-great-flying-fox-roufselle-d-eduards-by-charles-dorbigny	product	200	
/product/1878-the-vampire-bat-oreillard-vulgaire-by-charles-dorbigny	product	200	
/product/1879-the-moustached-treeswift-and-bullocks-oriole-martinet-a-moustaches-carouge-orange-by-charles-dorbigny	product	200	
/product/188-old-city-gate-of-batavia-amsterdam-gate	product	200	
/product/1880-the-mandarin-duck-and-pelican-pelican-frise-canard-leventail-by-charles-dorbigny	product	200	
/product/1881-the-rockhopper-penguin-and-the-albatross-gorfou-sauteur-albatros-mouton-by-charles-dorbigny	product	200	
/product/1882-the-black-headed-gull-and-the-skimmer-mouette-rieuse-bec-en-ciseaux-noir-by-charles-dorbigny	product	200	
/product/1883-the-common-loon-poule-deau-baillon-by-charles-dorbigny	product	200	
/product/1884-the-pheasant-tailed-jacana-and-horned-screamer-jacana-a-longue-queue-kamichi-cornu-by-charles-dorbigny	product	200	
/product/1885-the-heron-heron-pourpre-by-charles-dorbigny	product	200	
/product/1886-the-egyptian-plover-and-the-eurasian-woodcock-plurian-a-lete-noire-becasse-d-europe-by-charles-dorbigny	product	200	
/product/1887-the-sandgrouse-curmix-tachydrome-by-charles-dorbigny	product	200	
/product/1888-the-chicken-cog-domestique-by-charles-dorbigny	product	200	
/product/1889-the-hoopoes-and-wryneck-bird-huppe-commune-corcol-deurope-by-charles-dorbigny	product	200	
/product/1890-fossil-skull-and-jaw-by-charles-dorbigny	product	200	
/product/1891-the-golden-pheasant-faison-dore-male-by-charles-dorbigny	product	200	
/product/1892-fossil-skull-of-extinct-palaeotherium-crassum-by-charles-dorbigny	product	200	
/product/1893-fossil-teeth-skull-and-jaw-of-the-extinct-deinotherium-giganteum-by-charles-dorbigny	product	200	
/product/1894-the-common-pheasant-faison-commun-by-charles-dorbigny	product	200	
/product/1895-the-nuthatch-and-wallcreeper-bird-sittelle-d-europe-ichodrome-echelle-by-charles-dorbigny	product	200	
/product/1896-nhabitants-from-siam-and-calcutta-lun-des-deux-freres-siamois-femme-de-calcutta-by-charles-dorbigny	product	200	
/product/1897-inhabitants-from-india-and-north-america-soorjo-coomar-chucherbutty-by-charles-dorbigny	product	200	
/product/1898-the-big-beak-padda-and-bengali-mariposa-bird-bengali-mariposa-gross-bec-padda-by-charles-dorbigny	product	200	
/product/1899-the-pipit-bird-pipit-richard-alouette-by-charles-dorbigny	product	200	
/product/19-china-and-south-east-asia	product	200	
/product/1900-the-moustached-treeswift-martinet-a-moustaches-by-charles-dorbigny	product	200	
/product/1901-couroucou-resplendissant-bird-by-charles-dorbigny	product	200	
/product/1902-black-throated-magpie-jay-pie-de-collie-by-charles-dorbigny	product	200	
/product/1903-the-greater-bird-of-paradise-oiseau-de-paradis-by-charles-dorbigny	product	200	
/product/1904-the-great-argus-pheasant-ordre-gallinaces-argus-by-charles-dorbigny	product	200	
/product/1905-the-peacock-paon-domestique-by-charles-dorbigny	product	200	
/product/1906-blue-plumbago-plumbaginees-dentelaire-de-cap-by-charles-dorbigny-year-1849	product	200	
/product/1907-strobilanthes-acanthacees-strobilanthe-de-sabine-by-charles-dorbigny-year-1849	product	200	
/product/1908-paulownia-or-princess-or-empress-tree-scrophularinees-paulownia-imperial-by-charles-dorbigny-year-1849	product	200	
/product/1909-dahlia-flowers-composees-dahlias-by-charles-dorbigny-year-1849	product	200	
/product/191-south-part-of-india-and-sri-lanka	product	200	
/product/1910-bindweed-convolvulacees-liseron-des-jardins-by-charles-dorbigny-year-1849	product	200	
/product/1911-red-leschenaultia-goodeneacees-leschenaultie-elegante-by-charles-dorbigny-year-1849	product	200	
/product/1912-stapelia-or-carrion-flower-asclepiades-staphelie-panachee-by-charles-dorbigny-year-1849	product	200	
/product/1913-primula-meadia-primulacees-gyroselle-de-virginie-by-charles-dorbigny-year-1849	product	200	
/product/1914-ericacees-rhododendrees-rhododendron-en-arbre-by-charles-dorbigny-year-1849	product	200	
/product/1915-jujube-plant-rhamnees-jujubier-cultive-by-charles-dorbigny-year-1849	product	200	
/product/1916-bell-flower-gesneracees-gloxinie-by-charles-dorbigny-year-1849	product	200	
/product/1917-erica-ardens-ericacees-bruyere-ardente-by-charles-dorbigny-year-1849	product	200	
/product/1918-blue-lace-flower-ombelliferes-didisque-bleu-by-charles-dorbigny-year-1849	product	200	
/product/1919-elephant-tooth-cactus-cactees-mamillaire-a-dents-delephant-by-charles-dorbigny-year-1849	product	200	
/product/192-malay-peninsula-large-english-map-year-1898	product	200	
/product/1920-golden-curran-tree-by-charles-dorbigny-year-1849	product	200	
/product/1921-winged-stem-passion-flower-passiflorees-passiflore-ailee-by-charles-dorbigny-year-1849	product	200	
/product/1922-hardy-fuchsia-onagrariees-fuchsia-grele-by-charles-dorbigny-year-1849	product	200	
/product/1923-cuphea-miniata-lythrariees-cuphee-vermillonee-by-charles-dorbigny-year-1849	product	200	
/product/1924-cabbage-rose-rosacees-rose-a-cent-feuilles-rosa-centifolia-by-charles-dorbigny-year-1849	product	200	
/product/1925-japanese-quince-pomacees-cognassier-du-japon-by-charles-dorbigny-year-1849	product	200	
/product/1926-indigofera-procumbens-indigolier-couche-by-charles-dorbigny-year-1849	product	200	
/product/1927-citrus-limon-aurantiacees-oranger-limonier-by-charles-dorbigny-year-1849	product	200	
/product/1928-italian-maple-acerinees-erable-a-feuilles-dobier-by-charles-dorbigny-year-1849	product	200	
/product/1929-candy-corn-vine-rubiacees-manellia-bicolore-by-charles-dorbigny-year-1849	product	200	
/product/193-the-old-church-in-batavia-portuguese-church	product	200	
/product/1930-astrapaea-wallichii-buttneriacees-astrapee-de-wallich-by-charles-dorbigny-year-1849	product	200	
/product/1931-sea-island-cotton-cotonnier-a-feuilles-de-vigne-by-charles-dorbigny-year-1849	product	200	
/product/1932-golden-flax-or-yellow-flax-lin-glanduleaux-by-charles-dorbigny-year-1849	product	200	
/product/1933-american-pawpaw-anona-a-trois-lobes-by-charles-dorbigny-year-1849	product	200	
/product/1934-green-crab-lupee-pelagien-by-charles-dorbigny-year-1849	product	200	
/product/1935-hermit-crab-birgue-voluer-by-charles-dorbigny-year-1849	product	200	
/product/1936-lobster-homard-commun-by-charles-dorbigny-year-1849	product	200	
/product/1937-shrimp-palemon-orne-by-charles-dorbigny-year-1849	product	200	
/product/1938-giant-mantis-shrimp-squille-maculee-by-charles-dorbigny-year-1849	product	200	
/product/1939-squid-and-octopus-histioteuthis-de-bonelli-poulpe-commo-by-charles-dorbigny-year-1849	product	200	
/product/194-inside-of-the-old-church-in-batavia-portuguese-church	product	200	
/product/1940-tree-fern-fougeres-trichopteris-eleve-by-charles-dorbigny-year-1849	product	200	
/product/1941-heart-of-jesus-or-elephant-ear-aroidees-caladion-a-feuilles-bicolores-by-charles-dorbigny-year-1849	product	200	
/product/1942-aloe-liliacees-aloes-a-cornes-de-bilier-by-charles-dorbigny-year-1849	product	200	
/product/1943-tulip-flower-liliaceae-tulipe-de-gezner-by-charles-dorbigny-year-1849	product	200	
/product/1944-dragon-tree-asparaginees-dragonnier-du-bresil-by-charles-dorbigny-year-1849	product	200	
/product/1945-bromeliad-bromeliacees-achmee-discolore-by-charles-dorbigny-year-1849	product	200	
/product/1946-banana-tree-musacees-bananier-de-la-chine-by-charles-dorbigny-year-1849	product	200	
/product/1947-bird-of-paradise-musacees-strelitzie-de-la-reine-by-charles-dorbigny-year-1849	product	200	
/product/1948-canna-lily-canna-speciosa-cannacees-balisier-graciea-by-charles-dorbigny-year-1849	product	200	
/product/1949-dwarf-cardamom-ginger-amomees-alpine-a-fleurs-pendantes-by-charles-dorbigny-year-1849	product	200	
/product/1950-cattleya-orchid-orchidees-lelia-faux-cattleya-by-charles-dorbigny-year-1849	product	200	
/product/1951-maritime-pine-abietinees-pin-maritime-by-charles-dorbigny-year-1849	product	200	
/product/1952-red-crown-of-thorns-euphorbiacees-euphorbe-brillante-by-charles-dorbigny-year-1849	product	200	
/product/1953-begonia-incarnata-begoniacees-begonia-incarnat-by-charles-dorbigny-year-1849	product	200	
/product/1954-dutchmans-pipe-or-pipevine-aristolochiees-aristoloche-siphon-by-charles-dorbigny-year-1849	product	200	
/product/1955-malabar-spinach-chenopedees-roselle-rouge-by-charles-dorbigny-year-1849	product	200	
/product/1956-sweet-william-caryophyllales-ceillet-barba-by-charles-dorbigny-year-1849	product	200	
/product/1957-carnation-dianthus-caryophyllus-by-charles-dorbigny-year-1849	product	200	
/product/1958-japanese-camellia-ternstroemiacees-camellia-du-japon-by-charles-dorbigny-year-1849	product	200	
/product/1959-edible-mushroom-champignons-bolet-groupe-by-charles-dorbigny-year-1849	product	200	
/product/1960-king-bolete-fungi-champignons-bolet-comestible-by-charles-dorbigny-year-1849	product	200	
/product/1962-different-types-of-corals-and-seaweeds-by-charles-dorbigny-year-1849	product	200	
/product/1963-jellyfish-pelagie-noctiluque-bernice-rose-by-charles-dorbigny-year-1849	product	200	
/product/1964-antedon-comatule-de-la-mediterranee-by-charles-dorbigny-year-1849	product	200	
/product/1965-shells-thecidee-rayonnante-by-charles-dorbigny-year-1849	product	200	
/product/1966-shells-oysters-lime-ecailleuse-spondyle-sufran-by-charles-dorbigny-year-1849	product	200	
/product/1967-shells-mollusks-bucarde-geante-tridacne-faitiere-by-charles-dorbigny-year-1849	product	200	
/product/1968-mollusks-shells-galathee-a-rayons-astarte-islandica-by-charles-dorbigny-year-1849	product	200	
/product/197-jakarta-art-building-comedy-club-batavia	product	200	
/product/1970-snail-shells-melanie-nonquie-by-charles-dorbigny-year-1849	product	200	
/product/1971-snail-shells-aplysie-punctice-by-charles-dorbigny-year-1849	product	200	
/product/1972-tropical-helix-shells-helice-trachiforme-by-charles-dorbigny-year-1849	product	200	
/product/1973-aquatic-snails-bulime-de-mender-by-charles-dorbigny-year-1849	product	200	
/product/1974-sea-snails-nerinee-tuberculeuse-by-charles-dorbigny-year-1849	product	200	
/product/1975-shells-stromne-variable-by-charles-dorbigny-year-1849	product	200	
/product/1976-terebra-colombelle-grande-by-charles-dorbigny-year-1849	product	200	
/product/1977-pholas-pholade-dactyle-by-charles-dorbigny-year-1849	product	200	
/product/1978-crustaceans-molluscs-ancillaire-bordie-by-charles-dorbigny-year-1849	product	200	
/product/1979-shells-mollusks-gnathodon-cuneiforme-by-charles-dorbigny-year-1849	product	200	
/product/198-palace-of-the-governor-general-rijswijk-batavia	product	200	
/product/1981-balinese-girls-with-offerings-by-willem-hofker	product	200	
/product/1982-balinese-girl-in-temple-by-willem-hofker	product	200	
/product/1983-balinese-dancers-lithograph-by-willem-hofker	product	200	
/product/1984-girl-in-denpasar-bali-lithograph-by-willem-hofker	product	200	
/product/1985-balinese-temple-lithograph-by-willem-hofker	product	200	
/product/1986-woman-at-a-temple-in-bali-lithograph-by-willem-hofker	product	200	
/product/1987-gentian-sage-sange-afleur-larges-by-charles-dorbigny-year-1849	product	200	
/product/1988-sea-pen-veretille-cynomoire-by-charles-dorbigny-year-1849	product	200	
/product/1989-sea-centipede-insects-glomeris-bordie-jule-lucifug-by-charles-dorbigny-year-1849	product	200	
/product/199-st-emmanuels-church-in-batavia	product	200	
/product/1990-spiders-mygale-de-quoy-and-soytode-thornique-by-charles-dorbigny-year-1849	product	200	
/product/1991-tarantula-mygale-aviculaire-by-charles-dorbigny-year-1849	product	200	
/product/1992-scorpion-scorpion-africain-by-charles-dorbigny-year-1849	product	200	
/product/1993-pelagic-gooseneck-anatife-lisse-by-charles-dorbigny-year-1849	product	200	
/product/1994-sea-creatures-eumolpe-piete-by-charles-dorbigny-year-1849	product	200	
/product/1995-sea-shells-patelle-commune-by-charles-dorbigny-year-1849	product	200	
/product/1996-sea-shells-vermetus-lumbricalis-by-charles-dorbigny-year-1849	product	200	
/product/1997-nuova-carta-dellasia-by-t-salmon-circa-1730	product	200	
/product/1998-nvoua-carta-delle-isole-di-sunda-indonesie-sumatra-borneo-java-bali-lombok-singapore-map-by-i-tirion	product	200	
/product/1999-nuova-carta-dell-asia-by-isaak-tirion	product	200	
/product/2-indiae-orientalis	product	200	
/product/20-southeast-asia	product	200	
/product/200-presidential-palace-in-jakarta-merdeka-palace	product	200	
/product/2000-plan-de-lhistoire-universelle-oulon-voit-les-quatre-monarchies-du-monde-california-as-an-island	product	200	
/product/2001-plan-de-lhistoire-universelle-oulon-voit-les-quatre-monarchies-du-monde-california-shown-as-an-island	product	200	
/product/2003-pearl-bastion-of-castle-batavia-by-habermann-prospect-von-der-bastion-perl-vue-de-la-bastion-perl-	product	200	
/product/2004-view-of-the-town-hall-of-batavia-by-habermann-prospect-des-rathhausses-in-batavia	product	200	
/product/2005-batavia-view-java-de-reede-van-batavia-la-rade-de-batavia-by-cwm-van-de-velde	product	200	
/product/2006-emmanuel-church-protestant-church-java-de-willemskerk-te-batavia-leglise-willemskerk-a-batavia-by-cwm-van-de-velde	product	200	
/product/2007-great-mosque-in-bantam-java-javaansche-tempel-naby-bantam-temple-javanais-pres-du-bantam-by-cwm-van-de-velde	product	200	
/product/2008-sumatra-padang-de-reede-van-padang-la-rade-de-padang-by-cwm-van-de-velde	product	200	
/product/2009-sumatra-padang-west-coast-with-ship-gezigt-aan-de-westkust-van-sumatra-by-cwm-van-de-velde	product	200	
/product/201-pieter-erberveld-memorial-monument	product	200	
/product/2010-sunda-straits-gezigt-van-de-straat-sunda-vue-du-detroit-de-la-sond-by-cwm-van-de-velde	product	200	
/product/2011-anyer-seaside-java-anjer-by-cwm-van-de-velde	product	200	
/product/2013-batavia-city-view-prospect-von-der-bastion-gelderland-ausserhalb-der-stadt-batavia-by-francois-xavier-habermann	product	200	
/product/2014-inner-courtyard-of-the-castle-at-batavia-die-innere-aufsicht-des-castells-in-batavia-by-francois-xavier-habermann	product	200	
/product/2015-borneo-kalimantan-gezigt-genomen-te-poelo-way-vue-prise-a-poelo-way-by-cwm-van-de-velde	product	200	
/product/2016-borneo-sambas-river-borneo-togt-op-de-rivier-te-sambas-promenade-sur-la-riviere-a-sambas-by-cwm-van-de-velde	product	200	
/product/2017-houses-of-europeans-in-batavia-java-woonhuizen-der-europeanen-te-batavia-maisons-des-europeens-a-batavia-by-cwm-van-de-velde	product	200	
/product/2018-residence-house-in-serang-banten-java-java-het-residentie-huis-te-serang-maison-du-resident-a-serang-front-title-by-cwm-van-de-velde	product	200	
/product/2019-riau-islands-indonesia-bintang-eilanden-het-eiland-mars-of-poelo-penjingat-by-cwm-van-de-velde	product	200	
/product/202-inside-of-a-tram-carriage-in-batavia	product	200	
/product/2020-rijswijk-in-batavia-java-gezigt-te-ryswyk-vue-prise-a-ryswyk-by-cwm-van-de-velde	product	200	
/product/2021-riouw-church-bintang-eilanden-de-christenkerk-te-riouw-eglise-chretienne-a-riouw-by-cwm-van-de-velde	product	200	
/product/2022-ruins-of-the-dalem-of-bantam-java-overblijfselen-van-den-dalam-des-gewezen-sultan-van-bantam-ruins-de-dalam-des-anciens-sultan-de-bantam-by-cwm-van-de-velde	product	200	
/product/2023-serang-java-java-serang-by-cwm-van-de-velde	product	200	
/product/2024-batavia-jakarta-het-societeits-gebouw-de-harmonie-l-hotel-de-la-societre-lharmonie-by-cwm-van-de-velde	product	200	
/product/2025-batavia-jakarta-loading-docks-java-de-aanleg-plaats-der-sloepen-te-batavia-by-cwm-van-de-velde	product	200	
/product/2026-sumatra-padang-een-gezigt-te-padang-vue-prise-a-padang-by-cwm-van-de-velde	product	200	
/product/2027-lombok-indonesia-gezigt-van-ampanan-eiland-lombok-vue-dampanan-by-cwm-van-de-velde	product	200	
/product/2028-ternate-indonesia-molukschen-archipel-ternate-vue-de-ternate-by-cwm-van-de-velde	product	200	
/product/2029-banda-neira-harbour-de-reede-van-banda-la-rade-de-banda-by-by-cwm-van-de-velde	product	200	
/product/203-chinese-salesman-offering-clothes	product	200	
/product/2030-timor-koepang-de-stad-koepang-la-ville-de-koepang-by-cwm-van-de-velde	product	200	
/product/2031-carte-du-royaume-de-siam-et-des-pays-circonvoisins-kingdom-of-siam-singapore-sumatra-extremely-rare-map	product	200	
/product/2032-dayak-headhunters-in-borneo-circa-1890	product	200	
/product/2033-river-jurong-singapore-year-1854	product	200	
/product/2034-lile-de-sumatra-sumatra-island-year-1725	product	200	
/product/2035-banda-neira-photograph-circa-1890	product	200	
/product/2036-asia-by-ortelius-year-1602	product	200	
/product/2037-sfeer-en-bekoring-bali-hotel-denpasar-by-willem-g-hofker	product	200	
/product/2038-gratie-charme-bali-bali-hotel-denpasar-by-willem-g-hofker	product	200	
/product/2039-an-opossum-of-van-diemens-land-opposum-van-van-diemens-land-by-captain-james-cook	product	200	
/product/204-cap-go-meh	product	200	
/product/2040-australian-kangaroo-de-kanguroo-by-captain-james-cook	product	200	
/product/2041-kaart-der-grote-geelvinkbaai-by-h-von-rosenberg-year-1869-cenderawasih-bay	product	200	
/product/2042-balinese-temple-by-willem-gerard-hofker-year-1938	product	200	
/product/2043-balinese-man-with-his-rooster-by-willem-gerard-hofker-year-1936	product	200	
/product/2044-balinese-man-with-his-roosters-by-willem-gerard-hofker-year-1936	product	200	
/product/2045-balinese-temple-inner-court-meru-temple-bali-by-willem-gerard-hofker-year-1936	product	200	
/product/2046-pictorial-view-of-bali-island-by-francois-ten-have	product	200	
/product/2047-balinese-legong-dancer-by-willem-gerard-hofker-year-1938	product	200	
/product/2048-balinese-woman-with-offerings-by-willem-gerard-hofker-banten-tegeh-year-1938	product	200	
/product/2049-nova-tabula-infularum-iava-sumatra-borneonis-et-by-theodore-de-bry	product	200	
/product/2050-bird-of-paradise-by-conrad-gesner-antique-print-year-1551-58	product	200	
/product/206-a-landing-place-at-jakarta	product	200	
/product/207-house-of-a-army-commander	product	200	
/product/208-ambon-ceram-and-neighboring-islands	product	200	
/product/209-ceram-island-in-the-moluccas	product	200	
/product/21-Pictorial%20Map%20of%20Peiping%20%28%20Peking%20%29	product	200	
/product/210-the-maluku-islands-spice-islands	product	200	
/product/211-ambon-island-moluccas	product	200	
/product/212-moluccan-islands-of-ternate-and-tidor	product	200	
/product/213-lighthouse-on-tandjoeng-blimbing	product	200	
/product/214-destroyed-kampong	product	200	
/product/215-krakatau	product	200	
/product/216-koelies-or-porters-transporting-baggage	product	200	
/product/217-the-marine-hotel-in-batavia	product	200	
/product/218-the-michiels-monument-waterlooplein-in-batavia	product	200	
/product/219-native-guard-post-in-batavia	product	200	
/product/22-dutch-aviation-poster-amsterdam-to-batavia	product	200	
/product/220-street-scene-in-the-old-batavia-with-chinese-houses	product	200	
/product/221-interior-of-a-batavia-shop	product	200	
/product/222-chicken-seller-in-the-old-batavia	product	200	
/product/223-dance-by-torch-light-at-residence-in-batavia	product	200	
/product/224-european-graveyard-in-tanah-abang-batavia	product	200	
/product/225-lovestruck-native-batavia	product	200	
/product/226-kitchen-scene-in-buitenzorg-bogor	product	200	
/product/227-storage-room-in-buitenzorg-bogor	product	200	
/product/228-waringin-lane-in-buitenzorg-bogor	product	200	
/product/229-governor-general-palace-in-buitenzorg-bogor	product	200	
/product/23-the-flying-dutchman-helps-liberate-japan	product	200	
/product/230-a-church-around-buitenzorg-bogor	product	200	
/product/231-washerwomen-at-a-kampong-around-buitenzorg-bogor	product	200	
/product/232-stone-mill-around-buitenzorg-bogor	product	200	
/product/233-gunung-badak-at-buitenzorg-bogor	product	200	
/product/234-native-burial-around-buitenzorg-bogor	product	200	
/product/235-fortress-famosa-in-malacca-malaysia	product	200	
/product/236-batavia	product	200	
/product/237-native-hanging-bridge-around-buitenzorg-bogor	product	200	
/product/238-warung-in-a-kampong-around-buitenzorg-bogor	product	200	
/product/239-mountain-road-around-buitenzorg-bogor	product	200	
/product/24-india-must-be-liberated-work-and-fight-for-it	product	200	
/product/240-coffee-plantation-around-buitenzorg-bogor	product	200	
/product/242-weaving-woman-in-buitenzorg-bogor	product	200	
/product/243-graveyard-in-the-botanical-garden-in-buitenzorg-bogor	product	200	
/product/244-pond-and-fountain-at-the-botanical-garden-in-buitenzorg-bogor	product	200	
/product/245-raden-salehs-house-in-menteng-batavia	product	200	
/product/246-palace-of-the-governor-general-in-buitenzorg-bogor	product	200	
/product/247-mount-pangrango-as-seen-from-the-botanical-garden-in-buitenzorg-bogor	product	200	
/product/248-construction-of-a-bamboo-hut-kampong-near-buitenzorg-bogor	product	200	
/product/249-villa-of-the-governor-general-in-cipanas-buitenzorg-bogor	product	200	
/product/25-propaganda-ww2-poster-land-sea-and-air-forces	product	200	
/product/250-deer-hunt-near-buitenzorg-bogor	product	200	
/product/251-house-of-the-assistant-resident-in-sumedang-near-bandung-java	product	200	
/product/252-telaga-bodas-near-bandung-java	product	200	
/product/253-the-great-mosque-of-bantam-java	product	200	
/product/254-river-crossing-at-cikandi-serang-west-java	product	200	
/product/255-belet-european-house-in-buitenzorg-bogor	product	200	
/product/256-south-america-route-to-nova-guinea-indonesia	product	200	
/product/257-rijsttaffel-rice-table	product	200	
/product/258-servants-quarters-in-java	product	200	
/product/259-afternoon-visit-in-java	product	200	
/product/26-the-far-east-vintage-travel-poster	product	200	
/product/260-kampong-village-in-java	product	200	
/product/261-flooding-in-java	product	200	
/product/262-wedding-procession-in-java	product	200	
/product/263-karang-bolong-sea-cave-in-west-java-harvest-edible-birds-nests	product	200	
/product/264-controllers-residence-in-java	product	200	
/product/265-dieng-plateau-in-central-java	product	200	
/product/266-cebongan-lake-central-java	product	200	
/product/267-night-time-ride-in-central-java	product	200	
/product/268-house-of-the-resident-in-yogyakarta-java	product	200	
/product/269-opium-den-on-java	product	200	
/product/27-and-now-indies-register-as-a-volunteer	product	200	
/product/270-rampokan-or-staged-tiger-fight-on-java	product	200	
/product/271-horseback-tournament-in-java	product	200	
/product/272-church-in-salatiga-near-yogyakarta	product	200	
/product/273-sawah-scene-on-java	product	200	
/product/274-tangoeng-train-station-on-java	product	200	
/product/275-residentiehuis-in-semarang-java	product	200	
/product/276-waterfall-in-singgahan-java	product	200	
/product/277-rice-harvest-in-java	product	200	
/product/278-coffee-transport-on-a-highland-road-in-java	product	200	
/product/279-batavia-city-plan-in-german	product	200	
/product/28-sea-chart-voc-southeast-asia	product	200	
/product/280-indian-ocean-bay-of-bengal	product	200	
/product/282-asia-china-india-and-indonesia	product	200	
/product/284-india-sri-lanka-myanmar-burma	product	200	
/product/285-borobudur-temple-on-java	product	200	
/product/286-batavia-city-plan-in-frenche	product	200	
/product/287-batavia-city-plan-french	product	200	
/product/288-batavia-city-plan-in-dutch-and-french	product	200	
/product/289-china-and-south-east-asia-by-linschoten	product	200	
/product/293-south-east-asia-map	product	200	
/product/294-les-isles-philippines-moluques-et-de-sonde	product	200	
/product/295-east-indies-map-johan-walch	product	200	
/product/296-south-east-asia-map-17th-century	product	200	
/product/297-taprobana-in-colour	product	200	
/product/298-taprobana-in-black-and-white	product	200	
/product/299-asia-map-by-magini	product	200	
/product/3-Sea%20Chart%20of%20Java%20Island	product	200	
/product/300-new-dutch-church-in-batavia-ca-1840	product	200	
/product/301-batavia-harbor-ca-17th-century	product	200	
/product/302-map-of-southeast-asia-and-the-northern-pacific	product	200	
/product/303-french-hydrographic-map-of-indonesia	product	200	
/product/304-the-east-indies-map-in-english	product	200	
/product/305-the-tjiliwoeng-boat	product	200	
/product/306-catamarans	product	200	
/product/307-river-in-padang	product	200	
/product/308-governors-residence-in-west-sumatra	product	200	
/product/309-coffee-plantation	product	200	
/product/31-the-history-of-java-by-stamford-raffles	product	200	
/product/310-pajakoemboeh	product	200	
/product/311-mount-marapi-in-sumatra	product	200	
/product/312-mount-marapi-in-sumatra-2	product	200	
/product/313-de-zeemeuw	product	200	
/product/314-atjeh-kampong	product	200	
/product/315-riau	product	200	
/product/316-tin-smelter	product	200	
/product/317-sintang	product	200	
/product/318-diamond-pit	product	200	
/product/319-floating-house-on-the-barito-river	product	200	
/product/32-southeast-asia-australia-and-the-indian-ocean	product	200	
/product/320-twilight-at-a-bornean-lake	product	200	
/product/321-fort-rotterdam-in-makassar	product	200	
/product/322-graves-in-bontolawa	product	200	
/product/323-waterfall-in-maros	product	200	
/product/324-palace-of-the-king-of-gowa	product	200	
/product/325-a-quay-in-makassar	product	200	
/product/326-harbor-at-banda-neira	product	200	
/product/327-street-in-amboina	product	200	
/product/328-view-of-ternate	product	200	
/product/329-elephant-hunt-in-pegu	product	200	
/product/330-sumatra-batak-photographs-album-year-1869	product	200	
/product/331-view-of-padang	product	200	
/product/34-Indonesian%20Archipelago	product	200	
/product/349-wife-of-raden-saleh	product	200	
/product/350-sultan-of-yogya-and-resident-of-yogya	product	200	
/product/352-javanese-bride-and-a-servant	product	200	
/product/353-javanese-bride-and-groom	product	200	
/product/354-set-of-15-singapore-photos-by-lambert-co-ca-1890	product	200	
/product/355-set-of-8-singapore-photos-by-lambert-co-ca-1890	product	200	
/product/356-smith-street-singapore-ca-1890	product	200	
/product/358-chinese-funeral-procession	product	200	
/product/359-view-from-fort-canning-ca-1890	product	200	
/product/36-city-plan-of-batavia-in-1681	product	200	
/product/360-colour-batavia-city-map	product	200	
/product/361-map-of-batavia-and-surroundings	product	200	
/product/362-lesser-bird-of-paradise	product	200	
/product/363-magnificent-bird-of-paradise	product	200	
/product/364-lesser-superb-bird-of-paradise	product	200	
/product/366-haven-canal-old-batavia	product	200	
/product/367-pintu-kecil-batavia-streets	product	200	
/product/368-kali-besar-old-batavia	product	200	
/product/369-two-views-of-java-woodbury-and-page	product	200	
/product/37-antique-map-of-southeast-asia	product	200	
/product/371-chinese-camp-or-glodok-old-batavia	product	200	
/product/372-travel-guide-to-australasia-year-1906	product	200	
/product/373-travel-guide-to-the-japanese-empire-year-1920	product	200	
/product/374-travel-brochure-to-the-east-indies-year-1930	product	200	
/product/375-travel-brochure-to-the-east-indies-year-1935	product	200	
/product/376-early-photos-of-new-zealand-and-australia	product	200	
/product/377-malay-theatre-troupe	product	200	
/product/379-chinese-joss-house-singapore	product	200	
/product/38-eastern-asia	product	200	
/product/380-port-of-singapore-port-de-singapour	product	200	
/product/382-singapore-fort-canning-singapour	product	200	
/product/383-the-malay-archipelago-fifth-edition	product	200	
/product/384-sultan-of-yogyakarta-souvenir-photo-album	product	200	
/product/385-asia-first-english-map-year-1626	product	200	
/product/386-set-of-37-wayang-prints	product	200	
/product/387-east-asia-map-by-de-wit	product	200	
/product/388-native-plants-pl-10	product	200	
/product/389-native-plants-pl-40	product	200	
/product/39-Mango%20Lithograph	product	200	
/product/390-native-plants-pl-31	product	200	
/product/391-butterfly-prints-tafel-v	product	200	
/product/392-butterfly-prints-tafel-vi	product	200	
/product/393-butterfly-prints-tafel-x	product	200	
/product/394-wayang-show-from-backstage	product	200	
/product/395-gunung-sumbing-java-by-junghuhn	product	200	
/product/396-rongkop-java-by-junghuhn	product	200	
/product/397-batavia-weltevreden-street	product	200	
/product/398-singapore-as-seen-from-mt-faber	product	200	
/product/399-mine-in-sawahlunto-west-sumatra	product	200	
/product/40-south-east-asia	product	200	
/product/400-english-church-in-penang	product	200	
/product/401-seven-photos-of-nias-islanders-c-nieuwenhuis	product	200	
/product/402-makassar-near-fort-rotterdam	product	200	
/product/403-the-governor-generals-palace-in-batavia-woodbury-and-page	product	200	
/product/404-batavia-street-vendor	product	200	
/product/405-meester-cornelis-batavia	product	200	
/product/406-surabaya-park	product	200	
/product/407-chinese-massacre-batavia-1740	product	200	
/product/408-malay-race	product	200	
/product/409-sultan-of-djokojokkarta-java	product	200	
/product/41-star-fruit-lithograph-year-1863	product	200	
/product/410-emperor-of-solo-java	product	200	
/product/411-emperor-and-empress-of-surakarta	product	200	
/product/412-bali-1753	product	200	
/product/413-bali-1750	product	200	
/product/414-bali-island-year-1724	product	200	
/product/417-british-malaya-origin-and-progress-of-british-influence-in-malaya	product	200	
/product/422-set-of-brazil-prints-1835	product	200	
/product/424-our-tropical-possessions-in-malayan-india-our-tropical-possessions-in-malayan-india-	product	200	
/product/425-java-photo-album-year-ca-1910	product	200	
/product/426-le-papegai-maille	product	200	
/product/427-histoire-naturelle	product	200	
/product/428-le-lori	product	200	
/product/429-la-huppe	product	200	
/product/43-garcinia-mangostana	product	200	
/product/430-le-perroquet-tapire	product	200	
/product/433-le-kakatoes	product	200	
/product/434-la-perriche	product	200	
/product/435-le-mascarin	product	200	
/product/436-l-amazone-jaune-ou-perroquet-dor	product	200	
/product/437-les-oiseaux-mouches-grandeur-de-nature	product	200	
/product/438-les-colibris-grandeur-de-nature	product	200	
/product/439-1-le-moineau-de-guinee-2-le-coulacissi	product	200	
/product/44-rambutan-lithograph-year-1863	product	200	
/product/440-lara-vert	product	200	
/product/441-l-amazone-a-tete-blanche	product	200	
/product/442-le-promerops	product	200	
/product/443-lengoulevent-ou-tette-chevre	product	200	
/product/444-le-couroucou	product	200	
/product/445-le-touraco	product	200	
/product/446-le-coua-coucou-de-madagascar	product	200	
/product/447-le-tait-sou-troisieme-coucou-de-madagascar	product	200	
/product/448-le-toulou-autre-de-madagascar	product	200	
/product/449-lani-ou-bout-de-tabac	product	200	
/product/45-cacao-tree-lithograph-year-1863	product	200	
/product/450-le-houtou-ou-momot	product	200	
/product/451-1lhirondelle-de-cheminee-2-lhirondelle-de-muraille	product	200	
/product/452-le-guepier	product	200	
/product/453-le-vasa-ou-perroquet-noir	product	200	
/product/46-durian-lithograph-year-1863	product	200	
/product/467-caart-van-het-eyland-amboina-int-bijfonder	product	200	
/product/468-nieuwe-caart-der-eylanden-van-banda	product	200	
/product/469-battle-of-bantam-in-the-year-1601	product	200	
/product/47-salak-fruit-lithograph-year-1863	product	200	
/product/471-southeast-asia-year-1602-03	product	200	
/product/472-java-island-ca1606	product	200	
/product/473-singapore-sumatra-and-malaysia-year	product	200	
/product/474-sunda-strait-secret-voc-atlas-map	product	200	
/product/475-batavia-and-surroundings-secret-voc-atlas-map	product	200	
/product/477-woodblock-world-map-year-1544	product	200	
/product/48-cashew-tree-lithograph-year-1863	product	200	
/product/480-eastern-asia-year-1593	product	200	
/product/481-southeast-asia-year-1600	product	200	
/product/482-batavia-city-plan-year-1780	product	200	
/product/483-sumatra-singapore-and-malaysia-year-17	product	200	
/product/484-batavia-view-from-the-sea-year-1714	product	200	
/product/485-chinese-card-players-ca-1853	product	200	
/product/486-klm-poster-amsterdam-to-batavia-route-year-1934	product	200	
/product/489-malacca-malaysia-four-lithographs-year-1835	product	200	
/product/49-bananas-lithograph-year-1863	product	200	
/product/490-junghuhn-large-size-folio-book	product	200	
/product/491-bali-island-large-map	product	200	
/product/492-borneo-island-large-map	product	200	
/product/493-asia-continent-ca1690	product	200	
/product/494-rounding-australia-abel-tasman	product	200	
/product/495-city-plan-of-batavia-jakarta	product	200	
/product/497-photo-album-of-colonial-singapore-frederik-weld	product	200	
/product/498-dutch-indian-ocean-sea-chart-year-1680	product	200	
/product/499-javanese-men-playing-cards	product	200	
/product/50-royal-poinciana-lithograph-year-1863	product	200	
/product/501-batavia-city-centre-circa-1700-10	product	200	
/product/503-eastern-hemisphere-ptolemaic-hypothesis	product	200	
/product/505-six-maps-showing-the-worlds-continents	product	200	
/product/506-southeast-asia-english-test-state-map	product	200	
/product/507-river-in-the-old-city-of-jakarta	product	200	
/product/508-javas-north-coast-large-manuscript-charts	product	200	
/product/51-flame-of-the-forest-lithograph-year-1863	product	200	
/product/510-indonesian-islands-java-sumatra-and-borneo	product	200	
/product/511-asia-referring-to-marco-polos-travel	product	200	
/product/512-atjeh-sumatra-early-photographs	product	200	
/product/514-batavia-city-plan-circa-1730	product	200	
/product/516-large-map-of-java-island-year-1724-26	product	200	
/product/517-india-set-of-twelve-rare-lithographs	product	200	
/product/518-european-discovery-of-australia	product	200	
/product/519-bogor-botanical-gardens-photographs-ca-1900	product	200	
/product/52-lagerstroemia-regia-lithograph-year-1863	product	200	
/product/521-east-asia-large-map-set-of-2	product	200	
/product/522-balinese-girl-by-candle-light-hofker	product	200	
/product/523-javanese-people-circa-1853	product	200	
/product/524-musicians-on-java-antique-photographs	product	200	
/product/525-javanese-dancer-and-musicians-ronggeng	product	200	
/product/527-malay-archipelago-english-map-1851	product	200	
/product/528-asia-english-map-1851	product	200	
/product/529-singapore-straits-english-sea-chart	product	200	
/product/53-christmas-star-lithograph-year-1863	product	200	
/product/531-discovery-of-australia-book-and-two-charts	product	200	
/product/532-english-books-on-ceylon-year-1680	product	200	
/product/533-japan-large-map	product	200	
/product/534-southern-part-of-india-and-ceylon	product	200	
/product/536-rare-bible-world-map-year-1662	product	200	
/product/537-world-map-year-1609	product	200	
/product/538-mountains-on-java-36-lithographs	product	200	
/product/539-banda-timor-northern-australia-and-new-guinea	product	200	
/product/540-banda-sea-including-sumba-flores-and-timor	product	200	
/product/541-banda-neira-view-from-the-sea	product	200	
/product/542-sumatra-malaysia-and-singapore	product	200	
/product/543-carte-de-lisle-de-sumatra-sumatra-malacca	product	200	
/product/544-japan-miniature-map	product	200	
/product/545-java-army-map-in-english-year-1811	product	200	
/product/546-route-atlas-by-ship-rotterdam-to-batavia-in-1920	product	200	
/product/550-southeast-asia-first-atlas-map	product	200	
/product/551-philippines-micronesia-and-indonesia	product	200	
/product/552-singapore-malacca-and-malaysia	product	200	
/product/553-batavia-map-of-the-city-and	product	200	
/product/556-world-map-in-oval-projection-year-15	product	200	
/product/557-world-map-year-1596	product	200	
/product/558-rhinoceros-and-elephant-ca-1595-1600	product	200	
/product/559-dutch-map-of-indonesia	product	200	
/product/56-langsat-lithograph-year-1863	product	200	
/product/560-english-map-of-indonesia-malaysian-the-philipinnes	product	200	
/product/561-southeast-asia-french-map	product	200	
/product/562-batavia-touri	product	200	
/product/563-java-map-folding-tourist-map-1905	product	200	
/product/564-java-road-map	product	200	
/product/565-the-malay-peninsula-first-1912-edition	product	200	
/product/566-indisch-abc-antique-childerns-book	product	200	
/product/567-australasia-malaysia-the-pacific-archipelagoes	product	200	
/product/569-sumatra-set-of-50-photographs	product	200	
/product/57-java-plum-black-plum-lithograph-year-1863	product	200	
/product/570-hummingbird-paris-1830	product	200	
/product/572-amethyste-du-mexique-male-adulte	product	200	
/product/574-le-saphir-femelle	product	200	
/product/575-le-longuemare-adulte	product	200	
/product/576-le-plumet-bleau-ou-oiseau-mouche-delalande-male-complettement-adulte	product	200	
/product/577-oiseau-mouche-huppe-variete-de-sdomingue	product	200	
/product/578-dayak-boy-at-home-borneo	product	200	
/product/579-le-sasin-male-plumage-parfait	product	200	
/product/58-soursop-lithograph-year-1863	product	200	
/product/580-hummingbird-print-paris-1830	product	200	
/product/583-hummingbird-print-paris-1830-8	product	200	
/product/584-hummingbird-print-paris-1830-9	product	200	
/product/585-hummingbird-print-paris-1830-10	product	200	
/product/586-hummingbird-print-paris-1830-11	product	200	
/product/587-hummingbird-print-paris-1830-12	product	200	
/product/588-hummingbird-print-paris-1830-14	product	200	
/product/589-hummingbird-print-paris-1830-15	product	200	
/product/59-malaysian-apple-lithograph-year-1863	product	200	
/product/590-hummingbird-print-paris-1830-16	product	200	
/product/591-hummingbird-print-paris-1830-17	product	200	
/product/592-hummingbird-print-paris-1830-18	product	200	
/product/593-hummingbird-print-paris-1830-19	product	200	
/product/594-hummingbird-print-paris-1830-20	product	200	
/product/595-hummingbird-print-paris-1830-21	product	200	
/product/596-hummingbird-print-paris-1830-22	product	200	
/product/597-hummingbird-print-paris-1830-23	product	200	
/product/598-hummingbird-print-paris-1830-24	product	200	
/product/599-hummingbird-print-paris-1830-25	product	200	
/product/60-indo-map-test	product	200	
/product/600-hummingbird-print-paris-1830-26	product	200	
/product/601-hummingbird-print-paris-1830-27	product	200	
/product/602-hummingbird-print-paris-1830-28	product	200	
/product/603-hummingbird-print-paris-1830-29	product	200	
/product/61-asia-by-buffier-year-1749	product	200	
/product/610-hummingbird-print-paris-1830-30	product	200	
/product/611-hummingbird-print-paris-1830-31	product	200	
/product/612-hummingbird-print-paris-1830-32	product	200	
/product/613-hummingbird-print-paris-1830-33	product	200	
/product/614-hummingbird-print-paris-1830-35	product	200	
/product/615-hummingbird-print-paris-1830-36	product	200	
/product/616-hummingbird-print-paris-1830-37	product	200	
/product/617-hummingbird-print-paris-1830-38	product	200	
/product/618-hummingbird-print-paris-1830-39	product	200	
/product/619-hummingbird-print-paris-1830-40	product	200	
/product/62-asia-year-1744	product	200	
/product/620-hummingbird-print-paris-1830-41	product	200	
/product/622-hummingbird-print-paris-1830-42	product	200	
/product/623-hummingbird-print-paris-1830-43	product	200	
/product/624-hummingbird-print-paris-1830-44	product	200	
/product/625-hummingbird-print-paris-1830-45	product	200	
/product/626-hummingbird-print-paris-1830-46	product	200	
/product/627-hummingbird-print-paris-1830-47	product	200	
/product/628-hummingbird-print-paris-1830-48	product	200	
/product/629-hummingbird-print-paris-1830-49	product	200	
/product/63-asia-year-1764	product	200	
/product/630-hummingbird-print-paris-1830-50	product	200	
/product/631-hummingbird-print-paris-1830-51	product	200	
/product/632-hummingbird-print-paris-1830-52	product	200	
/product/633-hummingbird-print-paris-1830-53	product	200	
/product/634-hummingbird-print-paris-1830-54	product	200	
/product/635-hummingbird-print-paris-1830-55	product	200	
/product/636-hummingbird-print-paris-1830-56	product	200	
/product/637-hummingbird-print-paris-1830-57	product	200	
/product/638-hummingbird-print-paris-1830-58	product	200	
/product/639-hummingbird-print-paris-1830-59	product	200	
/product/64-asia-1760	product	200	
/product/640-hummingbird-print-paris-1830-60	product	200	
/product/641-hummingbird-print-paris-1830-61	product	200	
/product/642-hummingbird-print-paris-1830-62	product	200	
/product/643-hummingbird-print-paris-1830-63	product	200	
/product/645-hummingbird-print-paris-1830-64	product	200	
/product/646-hummingbird-print-paris-1830-65	product	200	
/product/647-hummingbird-print-paris-1830-66	product	200	
/product/648--1-2-two-of-my-followers-3-mans-of-coiffure-of-longblehborneo	product	200	
/product/656-a-long-wahou-warrior-boneo	product	200	
/product/657-the-sultan-of-koetei-and-suite-from-a-photograph-borneo	product	200	
/product/658-poonan-woman-borneo	product	200	
/product/659-wild-people-at-home-borneo	product	200	
/product/660-the-forest-people-mother-maid-borneo	product	200	
/product/661-dayak-tattoos-sirih-basket-borneo	product	200	
/product/663-a-chief-of-the-forest-people-borneo	product	200	
/product/664-the-village-of-long-wai-borneo	product	200	
/product/665-architecture-at-tangaroeng-borneo	product	200	
/product/666-palace-of-the-sultan-of-koetei-dwelling-among-tombs-borneo	product	200	
/product/667-on-a-head-hunting-tour-borneo	product	200	
/product/668-dyak-idols-charms-borneo	product	200	
/product/669-rajah-dindas-family-sepulchre-borneo	product	200	
/product/670-1-poonan-from-n-of-long-wahou-2-3-human-trophies-4-festive-masks-borneo	product	200	
/product/671-the-belle-of-long-wai-borneo	product	200	
/product/672-tring-dyaks-war-dance-borneo	product	200	
/product/673-a-malay-bride-the-honeymoon-borneo	product	200	
/product/674-orang-bukit-from-amontai-long-wai-woman-returning-home-borneo	product	200	
/product/675-dyak-utensils-canoe-c-borneo	product	200	
/product/676-dyak-weapons-borneo	product	200	
/product/677-tatooed-woman-of-long-wai-borneo	product	200	
/product/678-ipping-a-tring-dayak-priesters-borneo	product	200	
/product/679-long-wai-dyak-in-war-costume-borneo	product	200	
/product/68-part-of-southeast-asia-and-the-philippines	product	200	
/product/680-hetdung-my-favorite-dyak-boy-borneo	product	200	
/product/681-crossing-the-river-benangan-borneo	product	200	
/product/683-dyak-chief-lying-in-state	product	200	
/product/684-sibau-mobang-chief-of-the-cannibals-borneo	product	200	
/product/685-sulau-landang-a-full-dress-portrait-borneo	product	200	
/product/687-mausoleum-of-rajah-sinens-family-borneo	product	200	
/product/688-banda-neira-islands-maluku-indonesia	product	200	
/product/689-banda-islands-circa-1599	product	200	
/product/69-south-east-asia-c1789	product	200	
/product/692-view-of-singapore-town-by-stamford-raffles	product	200	
/product/693-south-east-asia-italian-map	product	200	
/product/694-asia-dutch-golden-age-map	product	200	
/product/696-ternate-and-tidore-cloves-and-mace-spice-islands	product	200	
/product/697-southeast-asia-and-australia	product	200	
/product/698-balinese-girl-willem-hofker	product	200	
/product/699-balinese-girls-making-offers-willem-hofker	product	200	
/product/70-asia-year-1681	product	200	
/product/700-balinese-girl-by-willem-hofker	product	200	
/product/701-bali-calendar-the-year-1948-willem-hofker	product	200	
/product/702-market-on-java-pasar-jawa	product	200	
/product/703-a-court-on-java-de-landraad-by-mieling	product	200	
/product/704-black-and-white-map-of-southeast-asia-first-atlas-map	product	200	
/product/705-east-coast-of-australia-chart-by-captain-cook	product	200	
/product/706-northeast-coast-of-australia-by-captain-cook	product	200	
/product/707-chart-of-van-diemens-land-by-captain-cook	product	200	
/product/708-the-kanchil-maschus-kanchilv-borneo-dayak	product	200	
/product/709-sinen-the-hermaphrodite-tiger-hunter-borneo-dayak	product	200	
/product/71-sumatra-borneo-and-java-year-1598	product	200	
/product/710-head-of-kambing-utan-or-wild-goat-caprocornis-sumatrenesi-borneo-dayak	product	200	
/product/711-the-siamang-hylobates-syndactythus-borneo-dayak	product	200	
/product/712-the-saat-or-gobang-mydaus-meliceps-borneo-dayak	product	200	
/product/713-endeavour-river-on-the-coast-of-australia	product	200	
/product/714-endeavour-river-and-botany-bay-australia	product	200	
/product/715-a-map-and-view-of-adventure-bay-tasmania	product	200	
/product/716-coastal-views-and-a-map-of-van-diemens-land	product	200	
/product/717-santanoe	product	200	
/product/718-bisma	product	200	
/product/719-parasara	product	200	
/product/72-the-islands-of-banda-neira-maluku	product	200	
/product/720-satyawati	product	200	
/product/721-abijasa-of-wjasa	product	200	
/product/722-dretarastra	product	200	
/product/723-pandoe	product	200	
/product/724-koenti-wayang-figure-java	product	200	
/product/725-karna-wayang-figure-java	product	200	
/product/726-joedistira-wayang-figure-java	product	200	
/product/727-werkodara-of-bima-wayang-figure-java	product	200	
/product/728-ardjoena	product	200	
/product/729-nakoela-wayang-figure-java	product	200	
/product/73-antique-map-of-the-east-indies	product	200	
/product/730-shadewa-wayang-figure-java	product	200	
/product/731-soedjana-of-doerjodana-wayang-figure-java	product	200	
/product/732-doessasana-wayang-figure-java	product	200	
/product/733-tjitraksa-wayang-figure-java	product	200	
/product/734-tjitraksi	product	200	
/product/735-doermagati	product	200	
/product/736-drona-wayang-figure-java	product	200	
/product/737-krepa-wayang-figure-java	product	200	
/product/738-drestadyoemna	product	200	
/product/739-dropadi	product	200	
/product/74-antique-maps-of-java-island	product	200	
/product/740-sikandi	product	200	
/product/741-sangkoeni-of-sakoeni-wayang-figure-java	product	200	
/product/742-gatotkatja-wayang-figure-java	product	200	
/product/743-salja-wayang-figure-java	product	200	
/product/744-baladewa-of-balarama	product	200	
/product/745-kresna-wayang-figure-java	product	200	
/product/746-abhimanjoe-wayang-figure-java	product	200	
/product/747-aswattama-wayang-figure-java	product	200	
/product/748-djajad-rata-wayang-figure-java	product	200	
/product/749-indra-wayang-figure-java	product	200	
/product/75-antique-map-of-java-island	product	200	
/product/750-satyaki-wayang-figure-java	product	200	
/product/751-boeri-srawa-wayang-figure-java	product	200	
/product/752-kretawarma-wayang-figure-java	product	200	
/product/753-pariksit-wayang-figure-java	product	200	
/product/754-japan-antique-map	product	200	
/product/755-japan-korean-peninsula-and-china	product	200	
/product/756-asia-continent-dutch-map	product	200	
/product/757-singapore-map-by-raffles-1830	product	200	
/product/758-siam-city-plan-year-1724	product	200	
/product/759-large-map-of-the-river-of-siam	product	200	
/product/76-antique-map-of-indonesia	product	200	
/product/760-ternate-and-tidore-spice-islands-in-indonesia	product	200	
/product/761-philippines-and-the-indonesian-spice-islands	product	200	
/product/762-east-indonesia-maluku-islands	product	200	
/product/763-river-thames-and-mercury-bay-in-new-zealand-by-captain-cook	product	200	
/product/764-cooks-strait-in-new-zealand	product	200	
/product/765-dusky-bay-new-zealand-by-captain-cook	product	200	
/product/766-coastline-of-japan-tokyo-jedo-to-chigaski	product	200	
/product/767-japan-coastline-tokyo-jedo-to-chigaski	product	200	
/product/768-nagasaki-port-on-the-japanese-island-of-kyushu	product	200	
/product/769-tokyo-kyoto-early-city-plan	product	200	
/product/77-antique-map-of-the-spice-islands-moluccas	product	200	
/product/770-indian-archipelago-large-english-map	product	200	
/product/771-south-east-asia-and-singapore-english-large-map	product	200	
/product/772-tropical-fishes-moluccas-indonesia-1	product	200	
/product/773-tropical-fishes-moluccas-indonesia-2	product	200	
/product/774-tropical-fishes-moluccas-indonesia-3	product	200	
/product/775-tropical-fishes-moluccas-indonesia-4	product	200	
/product/776-tropical-fishes-moluccas-indonesia-5	product	200	
/product/777-tropical-fishes-moluccas-indonesia-6	product	200	
/product/778-tropical-fishes-moluccas-indonesia-7	product	200	
/product/779-tropical-fishes-moluccas-indonesia-8	product	200	
/product/78-view-of-batavia-year-1724-26	product	200	
/product/780-tropical-fishes-moluccas-indonesia-9	product	200	
/product/781-tropical-fishes-moluccas-indonesia-10	product	200	
/product/782-tropical-fishes-moluccas-indonesia-11	product	200	
/product/783-tropical-fishes-moluccas-indonesia-12	product	200	
/product/784-tropical-fishes-moluccas-indonesia-13	product	200	
/product/785-tropical-fishes-moluccas-indonesia-14	product	200	
/product/786-tropical-fishes-moluccas-indonesia-15	product	200	
/product/788-tropical-fishes-moluccas-indonesia-16	product	200	
/product/789-tropical-fishes-moluccas-indonesia-17	product	200	
/product/790-tropical-fishes-moluccas-indonesia-18	product	200	
/product/791-tropical-fishes-moluccas-indonesia-19	product	200	
/product/792-tropical-fishes-moluccas-indonesia-20	product	200	
/product/793-tropical-fishes-moluccas-indonesia-21	product	200	
/product/794-tropical-fishes-moluccas-indonesia-22	product	200	
/product/795-tropical-fishes-moluccas-indonesia-23	product	200	
/product/796-tropical-fishes-moluccas-indonesia-24	product	200	
/product/797-tropical-fishes-moluccas-indonesia-25	product	200	
/product/798-tropical-birds-moluccas-indonesia-1	product	200	
/product/799-tropical-animals-moluccas-indonesia-1	product	200	
/product/80-pictorial-map-of-asia-year-1951	product	200	
/product/800-tropical-birds-moluccas-indonesia-2	product	200	
/product/801-tropical-fishes-moluccas-indonesia-26	product	200	
/product/803-tropical-fishes-moluccas-indonesia-27	product	200	
/product/804-tropical-fishes-moluccas-indonesia-28	product	200	
/product/805-tropical-fishes-moluccas-indonesia-29	product	200	
/product/806-tropical-fishes-moluccas-indonesia-30	product	200	
/product/807-tropical-fishes-moluccas-indonesia-31	product	200	
/product/808-tropical-fishes-moluccas-indonesia-32	product	200	
/product/809-tropical-fishes-moluccas-indonesia-33	product	200	
/product/81-map-of-the-indian-ocean-erythrean-sea-in-antiquity	product	200	
/product/810-tropical-fishes-moluccas-indonesia-34	product	200	
/product/811-tropical-fishes-moluccas-indonesia-35	product	200	
/product/812-tropical-fishes-moluccas-indonesia-36	product	200	
/product/813-tropical-fishes-moluccas-indonesia-37	product	200	
/product/814-tropical-fishes-moluccas-indonesia-38	product	200	
/product/815-tropical-fishes-moluccas-indonesia-39	product	200	
/product/816-tropical-fishes-moluccas-indonesia-40	product	200	
/product/817-tropical-fishes-moluccas-indonesia-41	product	200	
/product/818-tropical-fishes-moluccas-indonesia-42	product	200	
/product/819-tropical-fishes-moluccas-indonesia-43	product	200	
/product/82-rechten-en-plichten-indie-rekent-op-u	product	200	
/product/820-tropical-fishes-moluccas-indonesia-44	product	200	
/product/821-tropical-fishes-moluccas-indonesia-45	product	200	
/product/822-tropical-fishes-moluccas-indonesia-46	product	200	
/product/823-tropical-fishes-moluccas-indonesia-47	product	200	
/product/824-tropical-fishes-moluccas-indonesia-48	product	200	
/product/825-tropical-fishes-moluccas-indonesia-49	product	200	
/product/826-tropical-fishes-moluccas-indonesia-50	product	200	
/product/827-tropical-fishes-moluccas-indonesia-51	product	200	
/product/828-tropical-fishes-moluccas-indonesia-52	product	200	
/product/829-tropical-shells-moluccas-indonesia-1	product	200	
/product/83-antique-map-of-asia-c1580	product	200	
/product/830-tropical-shells-moluccas-indonesia-2	product	200	
/product/831-tropical-shells-moluccas-indonesia-3	product	200	
/product/832-tropical-shells-moluccas-indonesia-4	product	200	
/product/833-tropical-shells-moluccas-indonesia-5	product	200	
/product/834-tropical-fishes-moluccas-indonesia-53	product	200	
/product/835-tropical-shells-moluccas-indonesia-6	product	200	
/product/836-tropical-shells-moluccas-indonesia-7	product	200	
/product/837-tropical-shells-moluccas-indonesia-8	product	200	
/product/838-tropical-shells-moluccas-indonesia-9	product	200	
/product/839-tropical-shells-moluccas-indonesia-10	product	200	
/product/84-map-of-asia-year-1740	product	200	
/product/840-tropical-shells-moluccas-indonesia-11	product	200	
/product/841-tropical-shells-moluccas-indonesia-12	product	200	
/product/842-tropical-shells-moluccas-indonesia-13	product	200	
/product/843-tropical-shells-moluccas-indonesia-14	product	200	
/product/844-tropical-shells-moluccas-indonesia-15	product	200	
/product/845-english-map-of-southeast-asia-year-1720	product	200	
/product/846-singapore-sea-chart-year-1755	product	200	
/product/847-de-bry-1	product	200	
/product/848-house-and-weapons-papua-indonesia	product	200	
/product/849-papua-vessel	product	200	
/product/850-people-from-papua-indonesia	product	200	
/product/851-papua-hunter	product	200	
/product/852-papua-from-the-dorey-region	product	200	
/product/853-people-under-a-tree-in-papua	product	200	
/product/854-dobbo-village-aru-islands-eastern-indonesia	product	200	
/product/855-de-goenong-api-vulkaan-op-banda	product	200	
/product/856-birds-of-paradise-male-and-female	product	200	
/product/857-bird-of-paradise	product	200	
/product/858-ceram-indonesia-inhabitants	product	200	
/product/859-village-in-ceram-indonesia	product	200	
/product/860-ambon-view-sailing-vessels	product	200	
/product/861-view-of-ambon-bridge-in-village	product	200	
/product/862-mosque-in-amboina	product	200	
/product/863-house-in-ternate-indonesia	product	200	
/product/864-weapons-and-tools-from-papua-indonesia	product	200	
/product/865-a-temple-on-water-in-papua-dorey	product	200	
/product/866-dancing-people-under-a-tree-on-java	product	200	
/product/867-kampoeng-in-indonesia	product	200	
/product/868-gamelan-orchestra-in-a-keraton	product	200	
/product/869-malay-family-in-their-house	product	200	
/product/870-palanquin-on-java	product	200	
/product/871-palace-of-the-governor-general-in-buitenzorg	product	200	
/product/872-botanical-gardens-in-buitenzorg-bogor	product	200	
/product/873-kriss-dance-on-java	product	200	
/product/874-house-in-batavia-jakarta	product	200	
/product/875-batavia-river-view	product	200	
/product/876-a-road-with-trees-in-buitenzorg-bogor	product	200	
/product/877-wedding-possession-on-java	product	200	
/product/878-batavia-street	product	200	
/product/879-a-street-in-new-batavia	product	200	
/product/880-a-street-in-the-old-part-of-batavia-jakarta	product	200	
/product/881-malay-style-house-on-java	product	200	
/product/882-javanese-travelers-hotel	product	200	
/product/883-guard-post-in-batavia-jakarta	product	200	
/product/884-javanese-children	product	200	
/product/885-gambang-xylophone-in-java	product	200	
/product/886-javanese-and-malay-hairstyle	product	200	
/product/887-village-of-andai-in-west-papua	product	200	
/product/888-a-house-in-aiombori-sombori-papua	product	200	
/product/889-sultan-of-yogyakarta	product	200	
/product/890-sultan-wife-of-yogyakarta	product	200	
/product/891-prambanan-temple-ruins-java	product	200	
/product/892-daughters-of-the-sultan-of-yogyakarta	product	200	
/product/893-the-emperor-sultan-of-solo-java	product	200	
/product/894-borobudur-temple-yogyakarta-java	product	200	
/product/895-surakarta-street-view-in-java	product	200	
/product/897-prince-of-mangkoe-negoro	product	200	
/product/898-borobudur-temple-relief-panels	product	200	
/product/899-borobudur-temple-relief-panels-2	product	200	
/product/901-australia-antique-map-of-the-southern-continent	product	200	
/product/902-asia-continent-with-decorative-vignettes	product	200	
/product/903-burman-empire-and-singapore-english-map	product	200	
/product/904-street-vendors-in-surabaya-java	product	200	
/product/905-market-in-surabaya-java	product	200	
/product/906-olehleh-atjeh-north-sumatra	product	200	
/product/907-mosque-in-kota-radja-atjeh-sumatra	product	200	
/product/908-view-in-olehleh-atjeh-north-sumatra	product	200	
/product/909-atjeh-river-view-panteh-perak	product	200	
/product/910-river-and-bridge-in-atjeh-sumatra	product	200	
/product/911-southeast-asia-one-of-the-earliest-maps	product	200	
/product/912-antique-world-map	product	200	
/product/913-asia-continent-year-1600	product	200	
/product/914-asia-and-southeast-asia-antique-map	product	200	
/product/915-asia-continent-ca1740	product	200	
/product/916-java-island-large-antique-map	product	200	
/product/917-boat-quay-shophouses-in-singapore-year-1835	product	200	
/product/918-sulawesi-celebes-antique-map	product	200	
/product/919-government-hill-boat-quay-singapore-year-1835-set-of-2-	product	200	
/product/92-asia-noviter-delineata-rare-without-carte-a-figura	product	200	
/product/920-sumatra-and-singapore-two-maps-	product	200	
/product/921-borneo-island-indonesia	product	200	
/product/922-indonesia-antique-map	product	200	
/product/923-papua-and-the-moluccas-indonesia	product	200	
/product/924-little-sunda-islands	product	200	
/product/925-australia-new-zealand-and-the-pacific-ocean	product	200	
/product/926-australia-new-zealand-and-the-pacific-ocean-2	product	200	
/product/927-south-east-asia-map-1830-sir-raffles-memoires	product	200	
/product/928-hawaii-sandwich-islands-by-captain-james-cook	product	200	
/product/929-indonesian-swords-and-daggers-1	product	200	
/product/93-birds-of-south-east-asia	product	200	
/product/930-traditional-household	product	200	
/product/931-tahitian-woman-dancing-for-captain-james-cook	product	200	
/product/932-bird-print-from-captain-cooks-travels	product	200	
/product/933-barringtonia-plant-captain-cooks-travels	product	200	
/product/935-breadfruit-tree-captain-cooks-travels	product	200	
/product/936-tools-of-the-new-hebrides-vanuatu-by-captain-cook	product	200	
/product/937-tools-of-the-friendly-islands-by-captain-cook	product	200	
/product/938-tools-of-the-south-sea-islands-by-captain-cook	product	200	
/product/939-ornaments-of-the-marquesas-islands-by-captain-cook	product	200	
/product/94-sumatra-borneo-java-and-singapore-year-1598	product	200	
/product/940-wood-carvings-from-new-zealand-by-captain-cook	product	200	
/product/941-woman-from-eaoo-friendly-islands-pacific-by-captain-cook	product	200	
/product/945-a-native-from-bora-bora-french-polynesia	product	200	
/product/946-a-mangaia-from-the-cook-islands	product	200	
/product/947-kraton-in-atjeh-sumatra	product	200	
/product/948-sultan-graves-atjeh-north-sumatra	product	200	
/product/949-atjeh-dutch-army-officers	product	200	
/product/95-de-gamelan-year-1875	product	200	
/product/950-atjeh-chiefs	product	200	
/product/951-padang-river-in-sumatra	product	200	
/product/952-chinese-temple-in-padang-sumatra	product	200	
/product/953-a-bridge-in-sumatra-batang-masang	product	200	
/product/954-batang-hari-river-in-sumatra	product	200	
/product/955-waterfall-and-village-in-indonesia	product	200	
/product/956-antique-prints-wayang-performance-year-1875	product	200	
/product/957-antique-print-of-traditional-houses-in-indonesia-year-1875	product	200	
/product/958-antique-print-of-de-gamelan-year-1875	product	200	
/product/959-antique-print-of-west-java-traditional-houses	product	200	
/product/96-ronggeng-dance-java-year-1875	product	200	
/product/960-antique-print-of-fishing-vessels-indonesia-year-1875	product	200	
/product/961-antique-print-of-indonesia-agriculture-tools	product	200	
/product/962-antique-print-of-indonesian-household-tools-year-1875	product	200	
/product/963-antique-print-of-inhabitants-of-the-island-of-java	product	200	
/product/964-antique-prints-of-inhabitants-of-sumatra-year-1875	product	200	
/product/965-antique-print-of-ronggeng-dance-on-java	product	200	
/product/966-antique-print-of-indonesia-woman-year-1875	product	200	
/product/967-antique-print-of-bedhaya-dance-with-gamelan-on-java-year-1875	product	200	
/product/969-singapore-island-small-english-map	product	200	
/product/97-wayang-performance-year-1875	product	200	
/product/971-indonesian-children-eating-by-willem-dooijewaard	product	200	
/product/972-southern-sumatra-bay-by-sir-raffles	product	200	
/product/973-thian-hock-keng-temple-in-singapore	product	200	
/product/974-java-and-borneo-island-map	product	200	
/product/975-thirty-four-albumen-photographs-of-the-atjeh-war	product	200	
/product/976-singapore-sumatra-borneo-and-malaysia	product	200	
/product/977-canton-china-street-view-une-rue-de-canton	product	200	
/product/978-factories-in-guangzhou-china-factoreries-a-canton	product	200	
/product/979-china-pearl-trade-river-in-canton	product	200	
/product/98-inhabitants-of-the-island-of-java	product	200	
/product/980-canton-china-people	product	200	
/product/981-tobacco-plantations-and-trade-in-indonesia	product	200	
/product/982-kingdom-of-siam-singapore-sumatra-extremely-rare-map	product	200	
/product/983-singapore-sumatra-indochinese-peninsula	product	200	
/product/984-map-of-indonesia-black-and-white	product	200	
/product/985-ancient-world-map-year-1600	product	200	
/product/986-singapore-sumatra-and-borneo-antique-map	product	200	
/product/987-ships-wharf-of-the-voc-at-batavia-original-1740-drawing	product	200	
/product/988-indian-woman-in-singapore-photograph-ca1860	product	200	
/product/989-first-dutch-pioneering-voyage-to-the-east-indies-de-bry	product	200	
/product/99-bedhaya-with-gamelan-dance-on-java-year-1875	product	200	
/product/990-singapore-view-with-large-tree	product	200	
/product/991-batavia-city-view-with-ships	product	200	
/product/992-batavia-jakarta-city-view	product	200	
/product/993-banda-neira-views-fort-nassau-and-volcano	product	200	
/product/994-world-map-rare-miniature-map	product	200	
/product/995-borobudur-temple-in-yogyakarta-java	product	200	
/product/996-english-map-of-singapore-sumatra-java-and-borneo	product	200	
/product/997-indonesia-war-poster-india-must-be-liberated	product	200	
/product/998-antique-view-of-the-city-of-jakarta	product	200	
/s?u350=1	page	not-fetched	
/sell-to-us	page	200	
/storage/catalogue/cover/End%20of%20the%20Year%20Catalogue%202022%20-%20PART%201_1670401687.png	asset	not-fetched	
/storage/catalogue/cover/End%20of%20the%20Year%20Catalogue%202022%20-%20PART%202_1670747458.png	asset	not-fetched	
/storage/catalogue/cover/Mapping%20of%20Asia%20PART%202%20-%20Front%20cover%20_1633160783.png	asset	not-fetched	
/storage/catalogue/cover/Screenshot%202021-08-04%20at%2010.19.26%20PM_1628088115.png	asset	not-fetched	
/storage/catalogue/cover/Screenshot%202021-08-04%20at%2010.39.24%20PM_1628088231.png	asset	not-fetched	
/storage/catalogue/cover/Singapore%20Catalogue%202022%20-%20Indies%20Gallery%20Header_1670401477.png	asset	not-fetched	
/storage/catalogue/cover/unnamed_1630650475.png	asset	not-fetched	
/storage/newsletter/cover/End%20of%20the%20year%20_1627717173.png	asset	not-fetched	
/storage/newsletter/cover/Moll%20SEA%20_1627877632.png	asset	not-fetched	
/storage/newsletter/cover/Screenshot%202021-08-03%20at%2011.02.42%20PM_1628003090.png	asset	not-fetched	
/storage/newsletter/cover/Summer%20C%20front%20_1627717249.png	asset	not-fetched	
/storage/products/10-169.jpg	image	200	
/storage/products/10-169S.jpg	image	not-fetched	
/storage/products/100-111.jpg	image	200	
/storage/products/100-111S.jpg	image	not-fetched	
/storage/products/1000-1307.jpg	image	200	
/storage/products/1000-1307S.jpg	image	not-fetched	
/storage/products/1001-1310.jpg	image	200	
/storage/products/1001-1310S.jpg	image	not-fetched	
/storage/products/1002-1311.jpg	image	200	
/storage/products/1002-1311S.jpg	image	not-fetched	
/storage/products/1003-1312.jpg	image	200	
/storage/products/1003-1312S.jpg	image	not-fetched	
/storage/products/1004-1313.jpg	image	200	
/storage/products/1004-1313S.jpg	image	not-fetched	
/storage/products/1004-1314.jpg	image	200	
/storage/products/1004-1315.jpg	image	200	
/storage/products/1004-1317.jpg	image	200	
/storage/products/1005-1318.jpg	image	200	
/storage/products/1005-1318S.jpg	image	not-fetched	
/storage/products/1005-1319.jpg	image	200	
/storage/products/1005-1320.jpg	image	200	
/storage/products/1006-1321.jpg	image	200	
/storage/products/1006-1321S.jpg	image	not-fetched	
/storage/products/1007-1322.jpg	image	200	
/storage/products/1007-1322S.jpg	image	not-fetched	
/storage/products/1008-1323.jpg	image	200	
/storage/products/1008-1323S.jpg	image	not-fetched	
/storage/products/1009-1324.jpg	image	200	
/storage/products/1009-1324S.jpg	image	not-fetched	
/storage/products/1010-1325.jpg	image	200	
/storage/products/1010-1325S.jpg	image	not-fetched	
/storage/products/1010-1326.jpg	image	200	
/storage/products/1010-1327.jpg	image	200	
/storage/products/1011-1328.jpg	image	200	
/storage/products/1011-1328S.jpg	image	not-fetched	
/storage/products/1011-1329.jpg	image	200	
/storage/products/1011-1330.jpg	image	200	
/storage/products/1012-1331.jpg	image	200	
/storage/products/1012-1331S.jpg	image	not-fetched	
/storage/products/1013-1332.jpg	image	200	
/storage/products/1013-1332S.jpg	image	not-fetched	
/storage/products/1015-1335.jpg	image	200	
/storage/products/1015-1335S.jpg	image	not-fetched	
/storage/products/1016-1336.jpg	image	200	
/storage/products/1016-1336S.jpg	image	not-fetched	
/storage/products/1016-1337.jpg	image	200	
/storage/products/1017-1338.jpg	image	200	
/storage/products/1017-1338S.jpg	image	not-fetched	
/storage/products/1017-1339.jpg	image	200	
/storage/products/1018-1340.jpg	image	200	
/storage/products/1018-1340S.jpg	image	not-fetched	
/storage/products/1019-1341.jpg	image	200	
/storage/products/1019-1341S.jpg	image	not-fetched	
/storage/products/102-112.jpg	image	200	
/storage/products/102-112S.jpg	image	not-fetched	
/storage/products/1020-1343.jpg	image	200	
/storage/products/1020-1343S.jpg	image	not-fetched	
/storage/products/1021-1344.jpg	image	200	
/storage/products/1021-1344S.jpg	image	not-fetched	
/storage/products/1021-1345.jpg	image	200	
/storage/products/1021-1346.jpg	image	200	
/storage/products/1022-1347.jpg	image	200	
/storage/products/1022-1347S.jpg	image	not-fetched	
/storage/products/1022-1348.jpg	image	200	
/storage/products/1022-1349.jpg	image	200	
/storage/products/1023-1350.jpg	image	200	
/storage/products/1023-1350S.jpg	image	not-fetched	
/storage/products/1024-1352.jpg	image	200	
/storage/products/1024-1352S.jpg	image	not-fetched	
/storage/products/1025-1353.jpg	image	200	
/storage/products/1025-1353S.jpg	image	not-fetched	
/storage/products/1026-1522.jpg	image	200	
/storage/products/1026-1522S.jpg	image	not-fetched	
/storage/products/1027-1358.jpg	image	200	
/storage/products/1027-1359.jpg	image	200	
/storage/products/1027-1359S.jpg	image	not-fetched	
/storage/products/1027-1360.jpg	image	200	
/storage/products/1028-1361.jpg	image	200	
/storage/products/1028-1361S.jpg	image	not-fetched	
/storage/products/1029-1367.jpg	image	200	
/storage/products/1029-1367S.jpg	image	not-fetched	
/storage/products/1029-1368.jpg	image	200	
/storage/products/1029-1369.jpg	image	200	
/storage/products/1030-1365.jpg	image	200	
/storage/products/1030-1366.jpg	image	200	
/storage/products/1030-1366S.jpg	image	not-fetched	
/storage/products/1031-1370.jpg	image	200	
/storage/products/1031-1370S.jpg	image	not-fetched	
/storage/products/1032-1371.jpg	image	200	
/storage/products/1032-1371S.jpg	image	not-fetched	
/storage/products/1033-1446.jpg	image	200	
/storage/products/1033-1446S.jpg	image	not-fetched	
/storage/products/1034-1373.jpg	image	200	
/storage/products/1034-1373S.jpg	image	not-fetched	
/storage/products/1035-1374.jpg	image	200	
/storage/products/1035-1374S.jpg	image	not-fetched	
/storage/products/1036-1375.jpg	image	200	
/storage/products/1036-1375S.jpg	image	not-fetched	
/storage/products/1037-1376.jpg	image	200	
/storage/products/1037-1376S.jpg	image	not-fetched	
/storage/products/1038-1377.jpg	image	200	
/storage/products/1038-1377S.jpg	image	not-fetched	
/storage/products/1039-1378.jpg	image	200	
/storage/products/1039-1378S.jpg	image	not-fetched	
/storage/products/1040-1379.jpg	image	200	
/storage/products/1040-1379S.jpg	image	not-fetched	
/storage/products/1041-1380.jpg	image	200	
/storage/products/1041-1380S.jpg	image	not-fetched	
/storage/products/1042-1381.jpg	image	200	
/storage/products/1042-1381S.jpg	image	not-fetched	
/storage/products/1043-1382.jpg	image	200	
/storage/products/1043-1382S.jpg	image	not-fetched	
/storage/products/1044-1383.jpg	image	200	
/storage/products/1044-1383S.jpg	image	not-fetched	
/storage/products/1044-1384.jpg	image	200	
/storage/products/1044-1385.jpg	image	200	
/storage/products/1044-1386.jpg	image	200	
/storage/products/1045-1387.jpg	image	200	
/storage/products/1045-1387S.jpg	image	not-fetched	
/storage/products/1046-1389.jpg	image	200	
/storage/products/1046-1389S.jpg	image	not-fetched	
/storage/products/1047-1390.jpg	image	200	
/storage/products/1047-1390S.jpg	image	not-fetched	
/storage/products/1048-1391.jpg	image	200	
/storage/products/1048-1391S.jpg	image	not-fetched	
/storage/products/1049-1392.jpg	image	200	
/storage/products/1049-1392S.jpg	image	not-fetched	
/storage/products/1050-1393.jpg	image	200	
/storage/products/1050-1393S.jpg	image	not-fetched	
/storage/products/1050-1394.jpg	image	200	
/storage/products/1051-1395.jpg	image	200	
/storage/products/1051-1395S.jpg	image	not-fetched	
/storage/products/1052-1396.jpg	image	200	
/storage/products/1052-1396S.jpg	image	not-fetched	
/storage/products/1053-1397.jpg	image	200	
/storage/products/1053-1397S.jpg	image	not-fetched	
/storage/products/1054-1398.jpg	image	200	
/storage/products/1054-1398S.jpg	image	not-fetched	
/storage/products/1055-1399.jpg	image	200	
/storage/products/1055-1399S.jpg	image	not-fetched	
/storage/products/1056-1400.jpg	image	200	
/storage/products/1056-1400S.jpg	image	not-fetched	
/storage/products/1057-1401.jpg	image	200	
/storage/products/1057-1401S.jpg	image	not-fetched	
/storage/products/1058-1402.jpg	image	200	
/storage/products/1058-1402S.jpg	image	not-fetched	
/storage/products/1059-1403.jpg	image	200	
/storage/products/1059-1403S.jpg	image	not-fetched	
/storage/products/1060-1404.jpg	image	200	
/storage/products/1060-1404S.jpg	image	not-fetched	
/storage/products/1061-1405.jpg	image	200	
/storage/products/1061-1405S.jpg	image	not-fetched	
/storage/products/1062-1406.jpg	image	200	
/storage/products/1062-1406S.jpg	image	not-fetched	
/storage/products/1063-1407.jpg	image	200	
/storage/products/1063-1407S.jpg	image	not-fetched	
/storage/products/1064-1408.jpg	image	200	
/storage/products/1064-1408S.jpg	image	not-fetched	
/storage/products/1065-1409.jpg	image	200	
/storage/products/1065-1409S.jpg	image	not-fetched	
/storage/products/1066-1410.jpg	image	200	
/storage/products/1066-1410S.jpg	image	not-fetched	
/storage/products/1067-1411.jpg	image	200	
/storage/products/1067-1411S.jpg	image	not-fetched	
/storage/products/1068-1412.jpg	image	200	
/storage/products/1068-1412S.jpg	image	not-fetched	
/storage/products/1069-1413.jpg	image	200	
/storage/products/1069-1413S.jpg	image	not-fetched	
/storage/products/107-113.jpg	image	200	
/storage/products/107-113S.jpg	image	not-fetched	
/storage/products/1070-1414.jpg	image	200	
/storage/products/1070-1414S.jpg	image	not-fetched	
/storage/products/1071-1415.jpg	image	200	
/storage/products/1071-1415S.jpg	image	not-fetched	
/storage/products/1072-1416.jpg	image	200	
/storage/products/1072-1416S.jpg	image	not-fetched	
/storage/products/1073-1493.jpg	image	200	
/storage/products/1073-1493S.jpg	image	not-fetched	
/storage/products/1074-1419.jpg	image	200	
/storage/products/1074-1419S.jpg	image	not-fetched	
/storage/products/1075-1417.jpg	image	200	
/storage/products/1075-1417S.jpg	image	not-fetched	
/storage/products/1076-1420.jpg	image	200	
/storage/products/1076-1420S.jpg	image	not-fetched	
/storage/products/1077-1421.jpg	image	200	
/storage/products/1077-1421S.jpg	image	not-fetched	
/storage/products/1078-1422.jpg	image	200	
/storage/products/1078-1422S.jpg	image	not-fetched	
/storage/products/1079-1423.jpg	image	200	
/storage/products/1079-1423S.jpg	image	not-fetched	
/storage/products/108-114.jpg	image	200	
/storage/products/108-114S.jpg	image	not-fetched	
/storage/products/1080-1424.jpg	image	200	
/storage/products/1080-1424S.jpg	image	not-fetched	
/storage/products/1081-1425.jpg	image	200	
/storage/products/1081-1425S.jpg	image	not-fetched	
/storage/products/1082-1426.jpg	image	200	
/storage/products/1082-1426S.jpg	image	not-fetched	
/storage/products/1083-1427.jpg	image	200	
/storage/products/1083-1427S.jpg	image	not-fetched	
/storage/products/1084-1428.jpg	image	200	
/storage/products/1084-1428S.jpg	image	not-fetched	
/storage/products/1085-1429.jpg	image	200	
/storage/products/1085-1429S.jpg	image	not-fetched	
/storage/products/1086-1430.jpg	image	200	
/storage/products/1086-1430S.jpg	image	not-fetched	
/storage/products/1087-1431.jpg	image	200	
/storage/products/1087-1431S.jpg	image	not-fetched	
/storage/products/1088-1432.jpg	image	200	
/storage/products/1088-1432S.jpg	image	not-fetched	
/storage/products/1089-1433.jpg	image	200	
/storage/products/1089-1433S.jpg	image	not-fetched	
/storage/products/109-115.jpg	image	200	
/storage/products/109-115S.jpg	image	not-fetched	
/storage/products/1090-1434.jpg	image	200	
/storage/products/1090-1434S.jpg	image	not-fetched	
/storage/products/1091-1435.jpg	image	200	
/storage/products/1091-1435S.jpg	image	not-fetched	
/storage/products/1093-1436.jpg	image	200	
/storage/products/1093-1436S.jpg	image	not-fetched	
/storage/products/1094-1437.jpg	image	200	
/storage/products/1094-1437S.jpg	image	not-fetched	
/storage/products/1096-1438.jpg	image	200	
/storage/products/1096-1438S.jpg	image	not-fetched	
/storage/products/1097-1439.jpg	image	200	
/storage/products/1097-1439S.jpg	image	not-fetched	
/storage/products/1098-1440.jpg	image	200	
/storage/products/1098-1440S.jpg	image	not-fetched	
/storage/products/1099-1441.jpg	image	200	
/storage/products/1099-1441S.jpg	image	not-fetched	
/storage/products/110-116.jpg	image	200	
/storage/products/110-116S.jpg	image	not-fetched	
/storage/products/1100-1442.jpg	image	200	
/storage/products/1100-1442S.jpg	image	not-fetched	
/storage/products/1101-1443.jpg	image	200	
/storage/products/1101-1443S.jpg	image	not-fetched	
/storage/products/1102-1454.jpg	image	200	
/storage/products/1102-1454S.jpg	image	not-fetched	
/storage/products/1104-1455.jpg	image	200	
/storage/products/1104-1455S.jpg	image	not-fetched	
/storage/products/1105-1445.jpg	image	200	
/storage/products/1105-1445S.jpg	image	not-fetched	
/storage/products/1106-1447.jpg	image	200	
/storage/products/1106-1447S.jpg	image	not-fetched	
/storage/products/1107-1448.jpg	image	200	
/storage/products/1107-1448S.jpg	image	not-fetched	
/storage/products/1108-1449.jpg	image	200	
/storage/products/1108-1449S.jpg	image	not-fetched	
/storage/products/1109-1450.jpg	image	200	
/storage/products/1109-1450S.jpg	image	not-fetched	
/storage/products/111-117.jpg	image	200	
/storage/products/111-117S.jpg	image	not-fetched	
/storage/products/1110-1451.jpg	image	200	
/storage/products/1110-1451S.jpg	image	not-fetched	
/storage/products/1111-1452.jpg	image	200	
/storage/products/1111-1452S.jpg	image	not-fetched	
/storage/products/1112-1453.jpg	image	200	
/storage/products/1112-1453S.jpg	image	not-fetched	
/storage/products/1113-1456.jpg	image	200	
/storage/products/1113-1456S.jpg	image	not-fetched	
/storage/products/1114-1457.jpg	image	200	
/storage/products/1114-1457S.jpg	image	not-fetched	
/storage/products/1115-1459.jpg	image	200	
/storage/products/1115-1459S.jpg	image	not-fetched	
/storage/products/1116-1460.jpg	image	200	
/storage/products/1116-1460S.jpg	image	not-fetched	
/storage/products/1117-1461.jpg	image	200	
/storage/products/1117-1461S.jpg	image	not-fetched	
/storage/products/1118-1462.jpg	image	200	
/storage/products/1118-1462S.jpg	image	not-fetched	
/storage/products/1119-1463.jpg	image	200	
/storage/products/1119-1463S.jpg	image	not-fetched	
/storage/products/112-118.jpg	image	200	
/storage/products/112-118S.jpg	image	not-fetched	
/storage/products/1120-1464.jpg	image	200	
/storage/products/1120-1464S.jpg	image	not-fetched	
/storage/products/1121-1465.jpg	image	200	
/storage/products/1121-1465S.jpg	image	not-fetched	
/storage/products/1122-1466.jpg	image	200	
/storage/products/1122-1466S.jpg	image	not-fetched	
/storage/products/1123-1467.jpg	image	200	
/storage/products/1123-1467S.jpg	image	not-fetched	
/storage/products/1124-1468.jpg	image	200	
/storage/products/1124-1468S.jpg	image	not-fetched	
/storage/products/1125-1470.jpg	image	200	
/storage/products/1125-1470S.jpg	image	not-fetched	
/storage/products/1126-1472.jpg	image	200	
/storage/products/1126-1472S.jpg	image	not-fetched	
/storage/products/1127-1471.jpg	image	200	
/storage/products/1127-1471S.jpg	image	not-fetched	
/storage/products/1128-1473.jpg	image	200	
/storage/products/1128-1473S.jpg	image	not-fetched	
/storage/products/1129-1474.jpg	image	200	
/storage/products/1129-1474S.jpg	image	not-fetched	
/storage/products/113-119.jpg	image	200	
/storage/products/113-119S.jpg	image	not-fetched	
/storage/products/1130-1475.jpg	image	200	
/storage/products/1130-1475S.jpg	image	not-fetched	
/storage/products/1131-1476.jpg	image	200	
/storage/products/1131-1476S.jpg	image	not-fetched	
/storage/products/1132-1477.jpg	image	200	
/storage/products/1132-1477S.jpg	image	not-fetched	
/storage/products/1133-1478.jpg	image	200	
/storage/products/1133-1478S.jpg	image	not-fetched	
/storage/products/1134-1479.jpg	image	200	
/storage/products/1134-1479S.jpg	image	not-fetched	
/storage/products/1135-1480.jpg	image	200	
/storage/products/1135-1480S.jpg	image	not-fetched	
/storage/products/1136-1481.jpg	image	200	
/storage/products/1136-1481S.jpg	image	not-fetched	
/storage/products/1137-1482.jpg	image	200	
/storage/products/1137-1482S.jpg	image	not-fetched	
/storage/products/1138-1492.jpg	image	200	
/storage/products/1138-1492S.jpg	image	not-fetched	
/storage/products/1139-1483.jpg	image	200	
/storage/products/1139-1483S.jpg	image	not-fetched	
/storage/products/114-120.jpg	image	200	
/storage/products/114-120S.jpg	image	not-fetched	
/storage/products/1140-1486.jpg	image	200	
/storage/products/1140-1486S.jpg	image	not-fetched	
/storage/products/1141-1485.jpg	image	200	
/storage/products/1141-1485S.jpg	image	not-fetched	
/storage/products/1142-1487.jpg	image	200	
/storage/products/1142-1487S.jpg	image	not-fetched	
/storage/products/1143-1488.jpg	image	200	
/storage/products/1143-1488S.jpg	image	not-fetched	
/storage/products/1144-1489.jpg	image	200	
/storage/products/1144-1489S.jpg	image	not-fetched	
/storage/products/1145-1490.jpg	image	200	
/storage/products/1145-1490S.jpg	image	not-fetched	
/storage/products/1146-1491.jpg	image	200	
/storage/products/1146-1491S.jpg	image	not-fetched	
/storage/products/1147-1497.jpg	image	200	
/storage/products/1147-1497S.jpg	image	not-fetched	
/storage/products/1148-1498.jpg	image	200	
/storage/products/1148-1498S.jpg	image	not-fetched	
/storage/products/1149-1499.jpg	image	200	
/storage/products/1149-1499S.jpg	image	not-fetched	
/storage/products/1150-1500.jpg	image	200	
/storage/products/1150-1500S.jpg	image	not-fetched	
/storage/products/1151-1501.jpg	image	200	
/storage/products/1151-1501S.jpg	image	not-fetched	
/storage/products/1152-1502.jpg	image	200	
/storage/products/1152-1502S.jpg	image	not-fetched	
/storage/products/1153-1503.jpg	image	200	
/storage/products/1153-1503S.jpg	image	not-fetched	
/storage/products/1154-1504.jpg	image	200	
/storage/products/1154-1504S.jpg	image	not-fetched	
/storage/products/1155-1505.jpg	image	200	
/storage/products/1155-1505S.jpg	image	not-fetched	
/storage/products/1156-1506.jpg	image	200	
/storage/products/1156-1506S.jpg	image	not-fetched	
/storage/products/1156-1507.jpg	image	200	
/storage/products/1157-1508.jpg	image	200	
/storage/products/1157-1508S.jpg	image	not-fetched	
/storage/products/1158-1509.jpg	image	200	
/storage/products/1158-1509S.jpg	image	not-fetched	
/storage/products/1159-1510.jpg	image	200	
/storage/products/1159-1511.jpg	image	200	
/storage/products/1159-1511S.jpg	image	not-fetched	
/storage/products/116-121.jpg	image	200	
/storage/products/116-121S.jpg	image	not-fetched	
/storage/products/1160-1512.jpg	image	200	
/storage/products/1160-1512S.jpg	image	not-fetched	
/storage/products/1161-1513.jpg	image	200	
/storage/products/1161-1513S.jpg	image	not-fetched	
/storage/products/1162-1514.jpg	image	200	
/storage/products/1162-1515.jpg	image	200	
/storage/products/1162-1516.jpg	image	200	
/storage/products/1162-1517.jpg	image	200	
/storage/products/1162-1517S.jpg	image	not-fetched	
/storage/products/1163-1518.jpg	image	200	
/storage/products/1163-1519.jpg	image	200	
/storage/products/1163-1520.jpg	image	200	
/storage/products/1163-1521.jpg	image	200	
/storage/products/1163-1521S.jpg	image	not-fetched	
/storage/products/1164-1523.jpg	image	200	
/storage/products/1164-1523S.jpg	image	not-fetched	
/storage/products/1165-1524.jpg	image	200	
/storage/products/1165-1524S.jpg	image	not-fetched	
/storage/products/1166-1526.jpg	image	200	
/storage/products/1166-1526S.jpg	image	not-fetched	
/storage/products/1167-1527.jpg	image	200	
/storage/products/1167-1527S.jpg	image	not-fetched	
/storage/products/1168-1528S.jpg	image	not-fetched	
/storage/products/1169-1529.jpg	image	200	
/storage/products/1169-1529S.jpg	image	not-fetched	
/storage/products/117-122.jpg	image	200	
/storage/products/117-122S.jpg	image	not-fetched	
/storage/products/1170-1530.jpg	image	200	
/storage/products/1170-1530S.jpg	image	not-fetched	
/storage/products/1171-1531.jpg	image	200	
/storage/products/1171-1531S.jpg	image	not-fetched	
/storage/products/1172-1532.jpg	image	200	
/storage/products/1172-1532S.jpg	image	not-fetched	
/storage/products/1173-1533.jpg	image	200	
/storage/products/1173-1533S.jpg	image	not-fetched	
/storage/products/1174-1534.jpg	image	200	
/storage/products/1174-1534S.jpg	image	not-fetched	
/storage/products/1175-1535.jpg	image	200	
/storage/products/1175-1535S.jpg	image	not-fetched	
/storage/products/1176-1536.jpg	image	200	
/storage/products/1176-1536S.jpg	image	not-fetched	
/storage/products/1177-1537.jpg	image	200	
/storage/products/1177-1537S.jpg	image	not-fetched	
/storage/products/1178-1538.jpg	image	200	
/storage/products/1178-1538S.jpg	image	not-fetched	
/storage/products/1179-1539.jpg	image	200	
/storage/products/1179-1539S.jpg	image	not-fetched	
/storage/products/118-123.jpg	image	200	
/storage/products/118-123S.jpg	image	not-fetched	
/storage/products/1180-1540.jpg	image	200	
/storage/products/1180-1540S.jpg	image	not-fetched	
/storage/products/1181-1541.jpg	image	200	
/storage/products/1181-1541S.jpg	image	not-fetched	
/storage/products/1182-1542.jpg	image	200	
/storage/products/1182-1542S.jpg	image	not-fetched	
/storage/products/1183-1543.jpg	image	200	
/storage/products/1183-1543S.jpg	image	not-fetched	
/storage/products/1184-1547.jpg	image	200	
/storage/products/1184-1547S.jpg	image	not-fetched	
/storage/products/1185-1544.jpg	image	200	
/storage/products/1185-1544S.jpg	image	not-fetched	
/storage/products/1186-1545.jpg	image	200	
/storage/products/1186-1545S.jpg	image	not-fetched	
/storage/products/1187-1546.jpg	image	200	
/storage/products/1187-1546S.jpg	image	not-fetched	
/storage/products/1188-1548.jpg	image	200	
/storage/products/1188-1548S.jpg	image	not-fetched	
/storage/products/1189-1549.jpg	image	200	
/storage/products/1189-1549S.jpg	image	not-fetched	
/storage/products/119-125.jpg	image	200	
/storage/products/119-125S.jpg	image	not-fetched	
/storage/products/1190-1550.jpg	image	200	
/storage/products/1190-1550S.jpg	image	not-fetched	
/storage/products/1191-1554.jpg	image	200	
/storage/products/1191-1554S.jpg	image	not-fetched	
/storage/products/1192-1551.jpg	image	200	
/storage/products/1192-1551S.jpg	image	not-fetched	
/storage/products/1193-1552.jpg	image	200	
/storage/products/1193-1552S.jpg	image	not-fetched	
/storage/products/1194-1553.jpg	image	200	
/storage/products/1194-1553S.jpg	image	not-fetched	
/storage/products/1195-1555.jpg	image	200	
/storage/products/1195-1555S.jpg	image	not-fetched	
/storage/products/1196-1556.jpg	image	200	
/storage/products/1196-1556S.jpg	image	not-fetched	
/storage/products/1197-1557.jpg	image	200	
/storage/products/1197-1557S.jpg	image	not-fetched	
/storage/products/1198-1558.jpg	image	200	
/storage/products/1198-1558S.jpg	image	not-fetched	
/storage/products/1199-1559.jpg	image	200	
/storage/products/1199-1559S.jpg	image	not-fetched	
/storage/products/12-87.jpg	image	200	
/storage/products/12-87S.jpg	image	not-fetched	
/storage/products/1200-1560.jpg	image	200	
/storage/products/1200-1560S.jpg	image	not-fetched	
/storage/products/1201-1561.jpg	image	200	
/storage/products/1201-1561S.jpg	image	not-fetched	
/storage/products/1202-1562.jpg	image	200	
/storage/products/1202-1562S.jpg	image	not-fetched	
/storage/products/1203-1563.jpg	image	200	
/storage/products/1203-1563S.jpg	image	not-fetched	
/storage/products/1204-1564.jpg	image	200	
/storage/products/1204-1564S.jpg	image	not-fetched	
/storage/products/1205-1565.jpg	image	200	
/storage/products/1205-1565S.jpg	image	not-fetched	
/storage/products/1206-1566.jpg	image	200	
/storage/products/1206-1566S.jpg	image	not-fetched	
/storage/products/1207-1567.jpg	image	200	
/storage/products/1207-1567S.jpg	image	not-fetched	
/storage/products/1207-1568.jpg	image	200	
/storage/products/1207-1569.jpg	image	200	
/storage/products/1207-1570.jpg	image	200	
/storage/products/1208-1571.jpg	image	200	
/storage/products/1208-1572.jpg	image	200	
/storage/products/1208-1573.jpg	image	200	
/storage/products/1208-1573S.jpg	image	not-fetched	
/storage/products/1209-1574.jpg	image	200	
/storage/products/1209-1574S.jpg	image	not-fetched	
/storage/products/1209-1575.jpg	image	200	
/storage/products/1209-1576.jpg	image	200	
/storage/products/1209-1577.jpg	image	200	
/storage/products/121-127.jpg	image	200	
/storage/products/121-127S.jpg	image	not-fetched	
/storage/products/1210-1578.jpg	image	200	
/storage/products/1210-1580.jpg	image	200	
/storage/products/1210-1580S.jpg	image	not-fetched	
/storage/products/1210-1581.jpg	image	200	
/storage/products/1210-1582.jpg	image	200	
/storage/products/1210-1583.jpg	image	200	
/storage/products/1211-1584.jpg	image	200	
/storage/products/1211-1585.jpg	image	200	
/storage/products/1211-1586.jpg	image	200	
/storage/products/1211-1587.jpg	image	200	
/storage/products/1211-1587S.jpg	image	not-fetched	
/storage/products/1212-1588.jpg	image	200	
/storage/products/1212-1588S.jpg	image	not-fetched	
/storage/products/1213-1589.jpg	image	200	
/storage/products/1213-1589S.jpg	image	not-fetched	
/storage/products/1214-1590.jpg	image	200	
/storage/products/1214-1590S.jpg	image	not-fetched	
/storage/products/1215-1592.jpg	image	200	
/storage/products/1215-1592S.jpg	image	not-fetched	
/storage/products/1216-1591.jpg	image	200	
/storage/products/1216-1591S.jpg	image	not-fetched	
/storage/products/1217-1593.jpg	image	200	
/storage/products/1217-1593S.jpg	image	not-fetched	
/storage/products/1218-1594.jpg	image	200	
/storage/products/1218-1594S.jpg	image	not-fetched	
/storage/products/1219-1595.jpg	image	200	
/storage/products/1219-1595S.jpg	image	not-fetched	
/storage/products/122-128.jpg	image	200	
/storage/products/122-128S.jpg	image	not-fetched	
/storage/products/1220-1596.jpg	image	200	
/storage/products/1220-1596S.jpg	image	not-fetched	
/storage/products/1221-1597.jpg	image	200	
/storage/products/1221-1597S.jpg	image	not-fetched	
/storage/products/1222-1598.jpg	image	200	
/storage/products/1222-1598S.jpg	image	not-fetched	
/storage/products/1223-1599.jpg	image	200	
/storage/products/1223-1599S.jpg	image	not-fetched	
/storage/products/1224-1600.jpg	image	200	
/storage/products/1224-1600S.jpg	image	not-fetched	
/storage/products/1225-1603.jpg	image	200	
/storage/products/1225-1603S.jpg	image	not-fetched	
/storage/products/1226-1602.jpg	image	200	
/storage/products/1226-1602S.jpg	image	not-fetched	
/storage/products/1227-1601.jpg	image	200	
/storage/products/1227-1601S.jpg	image	not-fetched	
/storage/products/1228-1662.jpg	image	200	
/storage/products/1228-1662S.jpg	image	not-fetched	
/storage/products/1228-2063.jpg	image	200	
/storage/products/1228-2064.jpg	image	200	
/storage/products/1228-2065.jpg	image	200	
/storage/products/1229-1605.jpg	image	200	
/storage/products/1229-1605S.jpg	image	not-fetched	
/storage/products/1229-1606.jpg	image	200	
/storage/products/123-129.jpg	image	200	
/storage/products/123-129S.jpg	image	not-fetched	
/storage/products/1230-2066.jpg	image	200	
/storage/products/1230-2067.jpg	image	200	
/storage/products/1230-2068.jpg	image	200	
/storage/products/1231-1639.jpg	image	200	
/storage/products/1231-1639S.jpg	image	not-fetched	
/storage/products/1232-1643.jpg	image	200	
/storage/products/1232-1643S.jpg	image	not-fetched	
/storage/products/1233-1663.jpg	image	200	
/storage/products/1233-1663S.jpg	image	not-fetched	
/storage/products/1234-1672.jpg	image	200	
/storage/products/1234-1672S.jpg	image	not-fetched	
/storage/products/1235-1673.jpg	image	200	
/storage/products/1235-1673S.jpg	image	not-fetched	
/storage/products/1236-1674.jpg	image	200	
/storage/products/1236-1674S.jpg	image	not-fetched	
/storage/products/1237-1618.jpg	image	200	
/storage/products/1237-1618S.jpg	image	not-fetched	
/storage/products/1238-1676.jpg	image	200	
/storage/products/1238-1676S.jpg	image	not-fetched	
/storage/products/1239-1626.jpg	image	200	
/storage/products/1239-1626S.jpg	image	not-fetched	
/storage/products/124-130.jpg	image	200	
/storage/products/124-130S.jpg	image	not-fetched	
/storage/products/1240-1677.jpg	image	200	
/storage/products/1240-1677S.jpg	image	not-fetched	
/storage/products/1241-1678.jpg	image	200	
/storage/products/1241-1678S.jpg	image	not-fetched	
/storage/products/1242-1679.jpg	image	200	
/storage/products/1242-1679S.jpg	image	not-fetched	
/storage/products/1243-1680.jpg	image	200	
/storage/products/1243-1680S.jpg	image	not-fetched	
/storage/products/1244-1633.jpg	image	200	
/storage/products/1244-1633S.jpg	image	not-fetched	
/storage/products/1245-1634.jpg	image	200	
/storage/products/1245-1634S.jpg	image	not-fetched	
/storage/products/1246-1635.jpg	image	200	
/storage/products/1246-1635S.jpg	image	not-fetched	
/storage/products/1247-1636.jpg	image	200	
/storage/products/1247-1636S.jpg	image	not-fetched	
/storage/products/1248-1637.jpg	image	200	
/storage/products/1248-1637S.jpg	image	not-fetched	
/storage/products/1249-1638.jpg	image	200	
/storage/products/1249-1638S.jpg	image	not-fetched	
/storage/products/125-131.jpg	image	200	
/storage/products/125-131S.jpg	image	not-fetched	
/storage/products/1250-1640.jpg	image	200	
/storage/products/1250-1640S.jpg	image	not-fetched	
/storage/products/1251-1641.jpg	image	200	
/storage/products/1251-1641S.jpg	image	not-fetched	
/storage/products/1252-1642.jpg	image	200	
/storage/products/1252-1642S.jpg	image	not-fetched	
/storage/products/1253-1644.jpg	image	200	
/storage/products/1253-1644S.jpg	image	not-fetched	
/storage/products/1254-1645.jpg	image	200	
/storage/products/1254-1645S.jpg	image	not-fetched	
/storage/products/1255-1646.jpg	image	200	
/storage/products/1255-1646S.jpg	image	not-fetched	
/storage/products/1256-1675.jpg	image	200	
/storage/products/1256-1675S.jpg	image	not-fetched	
/storage/products/1257-1648.jpg	image	200	
/storage/products/1257-1648S.jpg	image	not-fetched	
/storage/products/1258-1649.jpg	image	200	
/storage/products/1258-1649S.jpg	image	not-fetched	
/storage/products/1259-1650.jpg	image	200	
/storage/products/1259-1650S.jpg	image	not-fetched	
/storage/products/126-132.jpg	image	200	
/storage/products/126-132S.jpg	image	not-fetched	
/storage/products/1260-1651.jpg	image	200	
/storage/products/1260-1651S.jpg	image	not-fetched	
/storage/products/1261-1652.jpg	image	200	
/storage/products/1261-1652S.jpg	image	not-fetched	
/storage/products/1262-1653.jpg	image	200	
/storage/products/1262-1654.jpg	image	200	
/storage/products/1262-1655.jpg	image	200	
/storage/products/1262-1655S.jpg	image	not-fetched	
/storage/products/1263-1656.jpg	image	200	
/storage/products/1263-1656S.jpg	image	not-fetched	
/storage/products/1264-1657.jpg	image	200	
/storage/products/1264-1657S.jpg	image	not-fetched	
/storage/products/1265-1658.jpg	image	200	
/storage/products/1265-1658S.jpg	image	not-fetched	
/storage/products/1266-1659.jpg	image	200	
/storage/products/1266-1659S.jpg	image	not-fetched	
/storage/products/1267-1660.jpg	image	200	
/storage/products/1267-1660S.jpg	image	not-fetched	
/storage/products/1268-1661.jpg	image	200	
/storage/products/1268-1661S.jpg	image	not-fetched	
/storage/products/1269-1665.jpg	image	200	
/storage/products/1269-1665S.jpg	image	not-fetched	
/storage/products/127-133.jpg	image	200	
/storage/products/127-133S.jpg	image	not-fetched	
/storage/products/1270-1666.jpg	image	200	
/storage/products/1270-1666S.jpg	image	not-fetched	
/storage/products/1271-1667.jpg	image	200	
/storage/products/1271-1667S.jpg	image	not-fetched	
/storage/products/1272-1668.jpg	image	200	
/storage/products/1272-1668S.jpg	image	not-fetched	
/storage/products/1273-1669.jpg	image	200	
/storage/products/1273-1669S.jpg	image	not-fetched	
/storage/products/1274-1670.jpg	image	200	
/storage/products/1274-1670S.jpg	image	not-fetched	
/storage/products/1275-1671.jpg	image	200	
/storage/products/1275-1671S.jpg	image	not-fetched	
/storage/products/1277-1682.jpg	image	200	
/storage/products/1277-1683.jpg	image	200	
/storage/products/1277-1984.jpg	image	200	
/storage/products/1277-1984S.jpg	image	not-fetched	
/storage/products/128-134.jpg	image	200	
/storage/products/128-134S.jpg	image	not-fetched	
/storage/products/1280-1686.jpg	image	200	
/storage/products/1280-1687.jpg	image	200	
/storage/products/1280-1987.jpg	image	200	
/storage/products/1280-1987S.jpg	image	not-fetched	
/storage/products/1289-1694.jpg	image	200	
/storage/products/1289-1695.jpg	image	200	
/storage/products/1289-1696.jpg	image	200	
/storage/products/1289-1988.jpg	image	200	
/storage/products/1289-1988S.jpg	image	not-fetched	
/storage/products/129-135.jpg	image	200	
/storage/products/129-135S.jpg	image	not-fetched	
/storage/products/1291-1704.jpg	image	200	
/storage/products/1291-1705.jpg	image	200	
/storage/products/1291-1706.jpg	image	200	
/storage/products/1291-1707.jpg	image	200	
/storage/products/1291-1985.jpg	image	200	
/storage/products/1291-1985S.jpg	image	not-fetched	
/storage/products/1297-1724.jpg	image	200	
/storage/products/1297-1725.jpg	image	200	
/storage/products/1297-1726.jpg	image	200	
/storage/products/1297-1727.jpg	image	200	
/storage/products/1297-1989.jpg	image	200	
/storage/products/1297-1989S.jpg	image	not-fetched	
/storage/products/13-12.jpg	image	200	
/storage/products/13-12S.jpg	image	not-fetched	
/storage/products/130-136.jpg	image	200	
/storage/products/130-136S.jpg	image	not-fetched	
/storage/products/1301-1740.jpg	image	200	
/storage/products/1301-1740S.jpg	image	not-fetched	
/storage/products/1301-1741.jpg	image	200	
/storage/products/1302-1742.jpg	image	200	
/storage/products/1302-1742S.jpg	image	not-fetched	
/storage/products/1302-1743.jpg	image	200	
/storage/products/1303-1744.jpg	image	200	
/storage/products/1303-1797.jpg	image	200	
/storage/products/1303-1990.jpg	image	200	
/storage/products/1303-1990S.jpg	image	not-fetched	
/storage/products/1305-1746.jpg	image	200	
/storage/products/1305-1747.jpg	image	200	
/storage/products/1305-1748.jpg	image	200	
/storage/products/1305-1957.jpg	image	200	
/storage/products/1305-1993.jpg	image	200	
/storage/products/1305-1993S.jpg	image	not-fetched	
/storage/products/1308-1757.jpg	image	200	
/storage/products/1308-1758.jpg	image	200	
/storage/products/1308-1759.jpg	image	200	
/storage/products/1308-1986.jpg	image	200	
/storage/products/1308-1986S.jpg	image	not-fetched	
/storage/products/131-137.jpg	image	200	
/storage/products/131-137S.jpg	image	not-fetched	
/storage/products/1311-1767.jpg	image	200	
/storage/products/1311-1768.jpg	image	200	
/storage/products/1311-1769.jpg	image	200	
/storage/products/1311-1991.jpg	image	200	
/storage/products/1311-1991S.jpg	image	not-fetched	
/storage/products/1314-1776.jpg	image	200	
/storage/products/1314-1777.jpg	image	200	
/storage/products/1314-1778.jpg	image	200	
/storage/products/1314-1992.jpg	image	200	
/storage/products/1314-1992S.jpg	image	not-fetched	
/storage/products/1317-1785.jpg	image	200	
/storage/products/1317-1786.jpg	image	200	
/storage/products/1317-1994.jpg	image	200	
/storage/products/1317-1994S.jpg	image	not-fetched	
/storage/products/1319-1799.jpg	image	200	
/storage/products/1319-1800.jpg	image	200	
/storage/products/1319-1996.jpg	image	200	
/storage/products/1319-1996S.jpg	image	not-fetched	
/storage/products/132-138.jpg	image	200	
/storage/products/132-138S.jpg	image	not-fetched	
/storage/products/1322-1807.jpg	image	200	
/storage/products/1322-1808.jpg	image	200	
/storage/products/1322-1809.jpg	image	200	
/storage/products/1322-1810.jpg	image	200	
/storage/products/1322-1995.jpg	image	200	
/storage/products/1322-1995S.jpg	image	not-fetched	
/storage/products/1328-1823.jpg	image	200	
/storage/products/1328-1823S.jpg	image	not-fetched	
/storage/products/1329-1824.jpg	image	200	
/storage/products/1329-1824S.jpg	image	not-fetched	
/storage/products/1330-1825.jpg	image	200	
/storage/products/1330-1825S.jpg	image	not-fetched	
/storage/products/1331-1826.jpg	image	200	
/storage/products/1331-1826S.jpg	image	not-fetched	
/storage/products/1332-1827.jpg	image	200	
/storage/products/1332-1827S.jpg	image	not-fetched	
/storage/products/1333-1828.jpg	image	200	
/storage/products/1333-1828S.jpg	image	not-fetched	
/storage/products/1334-1829.jpg	image	200	
/storage/products/1334-1829S.jpg	image	not-fetched	
/storage/products/1335-1830.jpg	image	200	
/storage/products/1335-1830S.jpg	image	not-fetched	
/storage/products/1336-1831.jpg	image	200	
/storage/products/1336-1831S.jpg	image	not-fetched	
/storage/products/1337-1832.jpg	image	200	
/storage/products/1337-1832S.jpg	image	not-fetched	
/storage/products/1338-1833.jpg	image	200	
/storage/products/1338-1833S.jpg	image	not-fetched	
/storage/products/1339-1834.jpg	image	200	
/storage/products/1339-1834S.jpg	image	not-fetched	
/storage/products/134-139.jpg	image	200	
/storage/products/134-139S.jpg	image	not-fetched	
/storage/products/1340-1835.jpg	image	200	
/storage/products/1340-1835S.jpg	image	not-fetched	
/storage/products/1341-1836.jpg	image	200	
/storage/products/1341-1836S.jpg	image	not-fetched	
/storage/products/1342-1837.jpg	image	200	
/storage/products/1342-1837S.jpg	image	not-fetched	
/storage/products/1343-1838.jpg	image	200	
/storage/products/1343-1838S.jpg	image	not-fetched	
/storage/products/1344-1839.jpg	image	200	
/storage/products/1344-1839S.jpg	image	not-fetched	
/storage/products/1345-1840.jpg	image	200	
/storage/products/1345-1840S.jpg	image	not-fetched	
/storage/products/1346-1849.jpg	image	200	
/storage/products/1346-1849S.jpg	image	not-fetched	
/storage/products/1347-1848.jpg	image	200	
/storage/products/1347-1848S.jpg	image	not-fetched	
/storage/products/1348-1846.jpg	image	200	
/storage/products/1348-1847.jpg	image	200	
/storage/products/1348-1847S.jpg	image	not-fetched	
/storage/products/1349-1845.jpg	image	200	
/storage/products/1349-1845S.jpg	image	not-fetched	
/storage/products/135-141.jpg	image	200	
/storage/products/135-141S.jpg	image	not-fetched	
/storage/products/1350-1844.jpg	image	200	
/storage/products/1350-1844S.jpg	image	not-fetched	
/storage/products/1351-1843.jpg	image	200	
/storage/products/1351-1843S.jpg	image	not-fetched	
/storage/products/1352-1842.jpg	image	200	
/storage/products/1352-1842S.jpg	image	not-fetched	
/storage/products/1353-1841.jpg	image	200	
/storage/products/1353-1841S.jpg	image	not-fetched	
/storage/products/1354-1850.jpg	image	200	
/storage/products/1354-1850S.jpg	image	not-fetched	
/storage/products/1355-1851.jpg	image	200	
/storage/products/1355-1851S.jpg	image	not-fetched	
/storage/products/1356-1852.jpg	image	200	
/storage/products/1356-1852S.jpg	image	not-fetched	
/storage/products/1357-1853.jpg	image	200	
/storage/products/1357-1853S.jpg	image	not-fetched	
/storage/products/1358-1854.jpg	image	200	
/storage/products/1358-1854S.jpg	image	not-fetched	
/storage/products/1359-1855.jpg	image	200	
/storage/products/1359-1855S.jpg	image	not-fetched	
/storage/products/136-142.jpg	image	200	
/storage/products/136-142S.jpg	image	not-fetched	
/storage/products/1360-1856.jpg	image	200	
/storage/products/1360-1856S.jpg	image	not-fetched	
/storage/products/1361-1857.jpg	image	200	
/storage/products/1361-1857S.jpg	image	not-fetched	
/storage/products/1362-1858.jpg	image	200	
/storage/products/1362-1858S.jpg	image	not-fetched	
/storage/products/1363-1859.jpg	image	200	
/storage/products/1363-1859S.jpg	image	not-fetched	
/storage/products/1364-1860.jpg	image	200	
/storage/products/1364-1860S.jpg	image	not-fetched	
/storage/products/1365-1861.jpg	image	200	
/storage/products/1365-1861S.jpg	image	not-fetched	
/storage/products/1366-1862.jpg	image	200	
/storage/products/1366-1862S.jpg	image	not-fetched	
/storage/products/1366-1863.jpg	image	200	
/storage/products/1366-1864.jpg	image	200	
/storage/products/1366-1865.jpg	image	200	
/storage/products/1367-1866.jpg	image	200	
/storage/products/1367-1866S.jpg	image	not-fetched	
/storage/products/1367-1867.jpg	image	200	
/storage/products/1367-1868.jpg	image	200	
/storage/products/1367-1869.jpg	image	200	
/storage/products/1368-1870.jpg	image	200	
/storage/products/1368-1870S.jpg	image	not-fetched	
/storage/products/1368-1871.jpg	image	200	
/storage/products/1368-1872.jpg	image	200	
/storage/products/1368-1873.jpg	image	200	
/storage/products/1369-1874.jpg	image	200	
/storage/products/1369-1874S.jpg	image	not-fetched	
/storage/products/1369-1875.jpg	image	200	
/storage/products/1369-1876.jpg	image	200	
/storage/products/1369-1877.jpg	image	200	
/storage/products/137-143.jpg	image	200	
/storage/products/137-143S.jpg	image	not-fetched	
/storage/products/1370-1878.jpg	image	200	
/storage/products/1370-1878S.jpg	image	not-fetched	
/storage/products/1371-1879.jpg	image	200	
/storage/products/1371-1879S.jpg	image	not-fetched	
/storage/products/1372-1880.jpg	image	200	
/storage/products/1372-1880S.jpg	image	not-fetched	
/storage/products/1373-1881.jpg	image	200	
/storage/products/1373-1881S.jpg	image	not-fetched	
/storage/products/1374-1882.jpg	image	200	
/storage/products/1374-1882S.jpg	image	not-fetched	
/storage/products/1375-1883.jpg	image	200	
/storage/products/1375-1883S.jpg	image	not-fetched	
/storage/products/1376-1884.jpg	image	200	
/storage/products/1376-1884S.jpg	image	not-fetched	
/storage/products/1377-1885.jpg	image	200	
/storage/products/1377-1885S.jpg	image	not-fetched	
/storage/products/1378-1886.jpg	image	200	
/storage/products/1378-1886S.jpg	image	not-fetched	
/storage/products/1379-1887.jpg	image	200	
/storage/products/1379-1887S.jpg	image	not-fetched	
/storage/products/1380-1888.jpg	image	200	
/storage/products/1380-1888S.jpg	image	not-fetched	
/storage/products/1381-1889.jpg	image	200	
/storage/products/1381-1889S.jpg	image	not-fetched	
/storage/products/1382-1890.jpg	image	200	
/storage/products/1382-1890S.jpg	image	not-fetched	
/storage/products/1383-1891.jpg	image	200	
/storage/products/1383-1891S.jpg	image	not-fetched	
/storage/products/1384-1892.jpg	image	200	
/storage/products/1384-1892S.jpg	image	not-fetched	
/storage/products/1385-1893.jpg	image	200	
/storage/products/1385-1893S.jpg	image	not-fetched	
/storage/products/1386-1894.jpg	image	200	
/storage/products/1386-1894S.jpg	image	not-fetched	
/storage/products/1387-1895.jpg	image	200	
/storage/products/1387-1895S.jpg	image	not-fetched	
/storage/products/1388-1896.jpg	image	200	
/storage/products/1388-1896S.jpg	image	not-fetched	
/storage/products/1389-1897.jpg	image	200	
/storage/products/1389-1897S.jpg	image	not-fetched	
/storage/products/1390-1898.jpg	image	200	
/storage/products/1390-1898S.jpg	image	not-fetched	
/storage/products/1391-1899.jpg	image	200	
/storage/products/1391-1899S.jpg	image	not-fetched	
/storage/products/1392-1900.jpg	image	200	
/storage/products/1392-1900S.jpg	image	not-fetched	
/storage/products/1393-1901.jpg	image	200	
/storage/products/1393-1901S.jpg	image	not-fetched	
/storage/products/1394-1902.jpg	image	200	
/storage/products/1394-1902S.jpg	image	not-fetched	
/storage/products/1395-1903.jpg	image	200	
/storage/products/1395-1903S.jpg	image	not-fetched	
/storage/products/1396-1904.jpg	image	200	
/storage/products/1396-1904S.jpg	image	not-fetched	
/storage/products/1397-1905.jpg	image	200	
/storage/products/1397-1905S.jpg	image	not-fetched	
/storage/products/1398-1906.jpg	image	200	
/storage/products/1398-1906S.jpg	image	not-fetched	
/storage/products/1399-1907.jpg	image	200	
/storage/products/1399-1907S.jpg	image	not-fetched	
/storage/products/14-15.jpg	image	200	
/storage/products/14-15S.jpg	image	not-fetched	
/storage/products/1400-1908.jpg	image	200	
/storage/products/1400-1908S.jpg	image	not-fetched	
/storage/products/1401-1909.jpg	image	200	
/storage/products/1401-1909S.jpg	image	not-fetched	
/storage/products/1402-1910.jpg	image	200	
/storage/products/1402-1910S.jpg	image	not-fetched	
/storage/products/1403-1911.jpg	image	200	
/storage/products/1403-1911S.jpg	image	not-fetched	
/storage/products/1404-1912.jpg	image	200	
/storage/products/1404-1912S.jpg	image	not-fetched	
/storage/products/1405-1913.jpg	image	200	
/storage/products/1405-1913S.jpg	image	not-fetched	
/storage/products/1406-1914.jpg	image	200	
/storage/products/1406-1914S.jpg	image	not-fetched	
/storage/products/1407-1915.jpg	image	200	
/storage/products/1407-1915S.jpg	image	not-fetched	
/storage/products/1408-1916.jpg	image	200	
/storage/products/1408-1916S.jpg	image	not-fetched	
/storage/products/1409-1917.jpg	image	200	
/storage/products/1409-1917S.jpg	image	not-fetched	
/storage/products/1410-1918.jpg	image	200	
/storage/products/1410-1918S.jpg	image	not-fetched	
/storage/products/1411-1919.jpg	image	200	
/storage/products/1411-1919S.jpg	image	not-fetched	
/storage/products/1412-1920.jpg	image	200	
/storage/products/1412-1920S.jpg	image	not-fetched	
/storage/products/1413-1921.jpg	image	200	
/storage/products/1413-1921S.jpg	image	not-fetched	
/storage/products/1414-1922.jpg	image	200	
/storage/products/1414-1922S.jpg	image	not-fetched	
/storage/products/1415-1923.jpg	image	200	
/storage/products/1415-1923S.jpg	image	not-fetched	
/storage/products/1416-1924.jpg	image	200	
/storage/products/1416-1924S.jpg	image	not-fetched	
/storage/products/1417-1925.jpg	image	200	
/storage/products/1417-1925S.jpg	image	not-fetched	
/storage/products/1418-1926.jpg	image	200	
/storage/products/1418-1926S.jpg	image	not-fetched	
/storage/products/1419-1927.jpg	image	200	
/storage/products/1419-1927S.jpg	image	not-fetched	
/storage/products/1420-1928.jpg	image	200	
/storage/products/1420-1928S.jpg	image	not-fetched	
/storage/products/1421-1929.jpg	image	200	
/storage/products/1421-1929S.jpg	image	not-fetched	
/storage/products/1422-1930.jpg	image	200	
/storage/products/1422-1930S.jpg	image	not-fetched	
/storage/products/1423-1931.jpg	image	200	
/storage/products/1423-1931S.jpg	image	not-fetched	
/storage/products/1424-1932.jpg	image	200	
/storage/products/1424-1932S.jpg	image	not-fetched	
/storage/products/1425-1933.jpg	image	200	
/storage/products/1425-1933S.jpg	image	not-fetched	
/storage/products/1426-1934.jpg	image	200	
/storage/products/1426-1934S.jpg	image	not-fetched	
/storage/products/1427-1935.jpg	image	200	
/storage/products/1427-1935S.jpg	image	not-fetched	
/storage/products/1428-1936.jpg	image	200	
/storage/products/1428-1936S.jpg	image	not-fetched	
/storage/products/1429-1937.jpg	image	200	
/storage/products/1429-1937S.jpg	image	not-fetched	
/storage/products/1430-1938.jpg	image	200	
/storage/products/1430-1938S.jpg	image	not-fetched	
/storage/products/1431-1939.jpg	image	200	
/storage/products/1431-1939S.jpg	image	not-fetched	
/storage/products/1432-1940.jpg	image	200	
/storage/products/1432-1940S.jpg	image	not-fetched	
/storage/products/1433-1941.jpg	image	200	
/storage/products/1433-1941S.jpg	image	not-fetched	
/storage/products/1434-1942.jpg	image	200	
/storage/products/1434-1942S.jpg	image	not-fetched	
/storage/products/1435-1943.jpg	image	200	
/storage/products/1435-1943S.jpg	image	not-fetched	
/storage/products/1436-1944.jpg	image	200	
/storage/products/1436-1944S.jpg	image	not-fetched	
/storage/products/1437-1945.jpg	image	200	
/storage/products/1437-1945S.jpg	image	not-fetched	
/storage/products/1438-1946.jpg	image	200	
/storage/products/1438-1946S.jpg	image	not-fetched	
/storage/products/1439-1947.jpg	image	200	
/storage/products/1439-1947S.jpg	image	not-fetched	
/storage/products/144-167.jpg	image	200	
/storage/products/144-167S.jpg	image	not-fetched	
/storage/products/1440-1948.jpg	image	200	
/storage/products/1440-1948S.jpg	image	not-fetched	
/storage/products/1441-1949.jpg	image	200	
/storage/products/1441-1949S.jpg	image	not-fetched	
/storage/products/1442-1950.jpg	image	200	
/storage/products/1442-1950S.jpg	image	not-fetched	
/storage/products/1443-1951.jpg	image	200	
/storage/products/1443-1951S.jpg	image	not-fetched	
/storage/products/1444-1952.jpg	image	200	
/storage/products/1444-1952S.jpg	image	not-fetched	
/storage/products/1445-1953.jpg	image	200	
/storage/products/1445-1953S.jpg	image	not-fetched	
/storage/products/1446-1954.jpg	image	200	
/storage/products/1446-1954S.jpg	image	not-fetched	
/storage/products/1447-1955.jpg	image	200	
/storage/products/1447-1955S.jpg	image	not-fetched	
/storage/products/1448-1956.jpg	image	200	
/storage/products/1448-1956S.jpg	image	not-fetched	
/storage/products/1449-1958.jpg	image	200	
/storage/products/1449-1958S.jpg	image	not-fetched	
/storage/products/145-168.jpg	image	200	
/storage/products/145-168S.jpg	image	not-fetched	
/storage/products/1450-1959.jpg	image	200	
/storage/products/1450-1959S.jpg	image	not-fetched	
/storage/products/1451-1960.jpg	image	200	
/storage/products/1451-1960S.jpg	image	not-fetched	
/storage/products/1452-1961.jpg	image	200	
/storage/products/1452-1961S.jpg	image	not-fetched	
/storage/products/1453-1962.jpg	image	200	
/storage/products/1453-1962S.jpg	image	not-fetched	
/storage/products/1454-1963.jpg	image	200	
/storage/products/1454-1963S.jpg	image	not-fetched	
/storage/products/1455-1964.jpg	image	200	
/storage/products/1455-1964S.jpg	image	not-fetched	
/storage/products/1458-1965.jpg	image	200	
/storage/products/1458-1965S.jpg	image	not-fetched	
/storage/products/1459-1966.jpg	image	200	
/storage/products/1459-1966S.jpg	image	not-fetched	
/storage/products/146-207.jpg	image	200	
/storage/products/146-207S.jpg	image	not-fetched	
/storage/products/1460-1967.jpg	image	200	
/storage/products/1460-1967S.jpg	image	not-fetched	
/storage/products/1461-1968.jpg	image	200	
/storage/products/1461-1968S.jpg	image	not-fetched	
/storage/products/1462-1969.jpg	image	200	
/storage/products/1462-1969S.jpg	image	not-fetched	
/storage/products/1463-1970.jpg	image	200	
/storage/products/1463-1970S.jpg	image	not-fetched	
/storage/products/1464-1971.jpg	image	200	
/storage/products/1464-1971S.jpg	image	not-fetched	
/storage/products/1465-1972.jpg	image	200	
/storage/products/1465-1972S.jpg	image	not-fetched	
/storage/products/1466-1973.jpg	image	200	
/storage/products/1466-1973S.jpg	image	not-fetched	
/storage/products/1467-1974.jpg	image	200	
/storage/products/1467-1974S.jpg	image	not-fetched	
/storage/products/1468-1975.jpg	image	200	
/storage/products/1468-1975S.jpg	image	not-fetched	
/storage/products/1469-1976.jpg	image	200	
/storage/products/1469-1976S.jpg	image	not-fetched	
/storage/products/147-212.jpg	image	200	
/storage/products/147-212S.jpg	image	not-fetched	
/storage/products/1470-1977.jpg	image	200	
/storage/products/1470-1977S.jpg	image	not-fetched	
/storage/products/1471-1978.jpg	image	200	
/storage/products/1471-1978S.jpg	image	not-fetched	
/storage/products/1472-1979.jpg	image	200	
/storage/products/1472-1979S.jpg	image	not-fetched	
/storage/products/1473-1980.jpg	image	200	
/storage/products/1473-1980S.jpg	image	not-fetched	
/storage/products/1474-1981.jpg	image	200	
/storage/products/1474-1981S.jpg	image	not-fetched	
/storage/products/1475-1982.jpg	image	200	
/storage/products/1475-1982S.jpg	image	not-fetched	
/storage/products/1476-1983.jpg	image	200	
/storage/products/1476-1983S.jpg	image	not-fetched	
/storage/products/1477-1997.jpg	image	200	
/storage/products/1477-1997S.jpg	image	not-fetched	
/storage/products/1477-1998.jpg	image	200	
/storage/products/1477-1999.jpg	image	200	
/storage/products/1478-2000.jpg	image	200	
/storage/products/1478-2000S.jpg	image	not-fetched	
/storage/products/1479-2001.jpg	image	200	
/storage/products/1479-2001S.jpg	image	not-fetched	
/storage/products/148-213.jpg	image	200	
/storage/products/148-213S.jpg	image	not-fetched	
/storage/products/1480-2002.jpg	image	200	
/storage/products/1480-2002S.jpg	image	not-fetched	
/storage/products/1481-2003.jpg	image	200	
/storage/products/1481-2003S.jpg	image	not-fetched	
/storage/products/1482-2004.jpg	image	200	
/storage/products/1482-2004S.jpg	image	not-fetched	
/storage/products/1483-2005.jpg	image	200	
/storage/products/1483-2005S.jpg	image	not-fetched	
/storage/products/1484-2006.jpg	image	200	
/storage/products/1484-2006S.jpg	image	not-fetched	
/storage/products/1485-2007.jpg	image	200	
/storage/products/1485-2007S.jpg	image	not-fetched	
/storage/products/1486-2008.jpg	image	200	
/storage/products/1486-2008S.jpg	image	not-fetched	
/storage/products/1487-2009.jpg	image	200	
/storage/products/1487-2009S.jpg	image	not-fetched	
/storage/products/1488-2010.jpg	image	200	
/storage/products/1488-2010S.jpg	image	not-fetched	
/storage/products/1489-2011.jpg	image	200	
/storage/products/1489-2011S.jpg	image	not-fetched	
/storage/products/149-211.jpg	image	200	
/storage/products/149-211S.jpg	image	not-fetched	
/storage/products/1490-2012.jpg	image	200	
/storage/products/1490-2012S.jpg	image	not-fetched	
/storage/products/1491-2013.jpg	image	200	
/storage/products/1491-2013S.jpg	image	not-fetched	
/storage/products/1493-2014.jpg	image	200	
/storage/products/1493-2014S.jpg	image	not-fetched	
/storage/products/1494-2015.jpg	image	200	
/storage/products/1494-2015S.jpg	image	not-fetched	
/storage/products/1495-2016.jpg	image	200	
/storage/products/1495-2016S.jpg	image	not-fetched	
/storage/products/1496-2017.jpg	image	200	
/storage/products/1496-2017S.jpg	image	not-fetched	
/storage/products/1497-2018.jpg	image	200	
/storage/products/1497-2018S.jpg	image	not-fetched	
/storage/products/1498-2019.jpg	image	200	
/storage/products/1498-2019S.jpg	image	not-fetched	
/storage/products/15-229.jpg	image	200	
/storage/products/15-229S.jpg	image	not-fetched	
/storage/products/150-214.jpg	image	200	
/storage/products/150-214S.jpg	image	not-fetched	
/storage/products/1501-2020.jpg	image	200	
/storage/products/1501-2020S.jpg	image	not-fetched	
/storage/products/1502-2021.jpg	image	200	
/storage/products/1502-2021S.jpg	image	not-fetched	
/storage/products/1503-2022.jpg	image	200	
/storage/products/1503-2022S.jpg	image	not-fetched	
/storage/products/1504-2030.jpg	image	200	
/storage/products/1504-2030S.jpg	image	not-fetched	
/storage/products/1505-2031.jpg	image	200	
/storage/products/1505-2031S.jpg	image	not-fetched	
/storage/products/1506-2025.jpg	image	200	
/storage/products/1506-2025S.jpg	image	not-fetched	
/storage/products/1507-2026.jpg	image	200	
/storage/products/1507-2026S.jpg	image	not-fetched	
/storage/products/1508-2027.jpg	image	200	
/storage/products/1508-2027S.jpg	image	not-fetched	
/storage/products/1509-2028.jpg	image	200	
/storage/products/1509-2028S.jpg	image	not-fetched	
/storage/products/151-217.jpg	image	200	
/storage/products/151-217S.jpg	image	not-fetched	
/storage/products/1510-2029.jpg	image	200	
/storage/products/1510-2029S.jpg	image	not-fetched	
/storage/products/1511-2032.jpg	image	200	
/storage/products/1511-2032S.jpg	image	not-fetched	
/storage/products/1512-2118.jpg	image	200	
/storage/products/1512-2118S.jpg	image	not-fetched	
/storage/products/1513-2119.jpg	image	200	
/storage/products/1513-2119S.jpg	image	not-fetched	
/storage/products/1514-2120.jpg	image	200	
/storage/products/1514-2120S.jpg	image	not-fetched	
/storage/products/1515-2121.jpg	image	200	
/storage/products/1515-2121S.jpg	image	not-fetched	
/storage/products/1516-2122.jpg	image	200	
/storage/products/1516-2122S.jpg	image	not-fetched	
/storage/products/1517-2123.jpg	image	200	
/storage/products/1517-2123S.jpg	image	not-fetched	
/storage/products/1518-2124.jpg	image	200	
/storage/products/1518-2124S.jpg	image	not-fetched	
/storage/products/1519-2125.jpg	image	200	
/storage/products/1519-2125S.jpg	image	not-fetched	
/storage/products/1520-2126.jpg	image	200	
/storage/products/1520-2126S.jpg	image	not-fetched	
/storage/products/1521-2127.jpg	image	200	
/storage/products/1521-2127S.jpg	image	not-fetched	
/storage/products/1522-2128.jpg	image	200	
/storage/products/1522-2128S.jpg	image	not-fetched	
/storage/products/1525-2129.jpg	image	200	
/storage/products/1525-2129S.jpg	image	not-fetched	
/storage/products/1526-2130.jpg	image	200	
/storage/products/1526-2130S.jpg	image	not-fetched	
/storage/products/1527-2131.jpg	image	200	
/storage/products/1527-2131S.jpg	image	not-fetched	
/storage/products/1528-2132.jpg	image	200	
/storage/products/1528-2132S.jpg	image	not-fetched	
/storage/products/1529-2133.jpg	image	200	
/storage/products/1529-2133S.jpg	image	not-fetched	
/storage/products/153-186.jpg	image	200	
/storage/products/153-186S.jpg	image	not-fetched	
/storage/products/1531-2134.jpg	image	200	
/storage/products/1531-2134S.jpg	image	not-fetched	
/storage/products/1532-2135.jpg	image	200	
/storage/products/1532-2135S.jpg	image	not-fetched	
/storage/products/1533-2136.jpg	image	200	
/storage/products/1533-2136S.jpg	image	not-fetched	
/storage/products/1534-2053S.jpg	image	not-fetched	
/storage/products/1535-2137.jpg	image	200	
/storage/products/1535-2137S.jpg	image	not-fetched	
/storage/products/1536-2139.jpg	image	200	
/storage/products/1536-2139S.jpg	image	not-fetched	
/storage/products/1537-2140.jpg	image	200	
/storage/products/1537-2140S.jpg	image	not-fetched	
/storage/products/1538-2057.jpg	image	200	
/storage/products/1538-2057S.jpg	image	not-fetched	
/storage/products/1539-2058.jpg	image	200	
/storage/products/1539-2058S.jpg	image	not-fetched	
/storage/products/1540-2059.jpg	image	200	
/storage/products/1540-2059S.jpg	image	not-fetched	
/storage/products/1541-2060.jpg	image	200	
/storage/products/1541-2060S.jpg	image	not-fetched	
/storage/products/1542-2061.jpg	image	200	
/storage/products/1542-2061S.jpg	image	not-fetched	
/storage/products/1543-2062.jpg	image	200	
/storage/products/1543-2062S.jpg	image	not-fetched	
/storage/products/1544-2069.jpg	image	200	
/storage/products/1544-2069S.jpg	image	not-fetched	
/storage/products/1545-2070.jpg	image	200	
/storage/products/1545-2070S.jpg	image	not-fetched	
/storage/products/1546-2071.jpg	image	200	
/storage/products/1546-2071S.jpg	image	not-fetched	
/storage/products/1547-2072.jpg	image	200	
/storage/products/1547-2072S.jpg	image	not-fetched	
/storage/products/1549-2073.jpg	image	200	
/storage/products/1549-2073S.jpg	image	not-fetched	
/storage/products/1550-2114.jpg	image	200	
/storage/products/1550-2114S.jpg	image	not-fetched	
/storage/products/1552-2116.jpg	image	200	
/storage/products/1552-2116S.jpg	image	not-fetched	
/storage/products/1553-2117.jpg	image	200	
/storage/products/1553-2117S.jpg	image	not-fetched	
/storage/products/1554-2115.jpg	image	200	
/storage/products/1554-2115S.jpg	image	not-fetched	
/storage/products/1555-2079.jpg	image	200	
/storage/products/1555-2079S.jpg	image	not-fetched	
/storage/products/1556-2082.jpg	image	200	
/storage/products/1556-2082S.jpg	image	not-fetched	
/storage/products/1557-2083.jpg	image	200	
/storage/products/1557-2083S.jpg	image	not-fetched	
/storage/products/1558-2084.jpg	image	200	
/storage/products/1558-2084S.jpg	image	not-fetched	
/storage/products/1559-2085.jpg	image	200	
/storage/products/1559-2085S.jpg	image	not-fetched	
/storage/products/156-187.jpg	image	200	
/storage/products/156-187S.jpg	image	not-fetched	
/storage/products/1560-2086.jpg	image	200	
/storage/products/1560-2086S.jpg	image	not-fetched	
/storage/products/1561-2093.jpg	image	200	
/storage/products/1561-2093S.jpg	image	not-fetched	
/storage/products/1562-2088.jpg	image	200	
/storage/products/1562-2088S.jpg	image	not-fetched	
/storage/products/1563-2089.jpg	image	200	
/storage/products/1563-2089S.jpg	image	not-fetched	
/storage/products/1564-2090.jpg	image	200	
/storage/products/1564-2090S.jpg	image	not-fetched	
/storage/products/1565-2091.jpg	image	200	
/storage/products/1565-2091S.jpg	image	not-fetched	
/storage/products/1566-2092.jpg	image	200	
/storage/products/1566-2092S.jpg	image	not-fetched	
/storage/products/1567-2094.jpg	image	200	
/storage/products/1567-2094S.jpg	image	not-fetched	
/storage/products/1568-2095.jpg	image	200	
/storage/products/1568-2095S.jpg	image	not-fetched	
/storage/products/1569-2096.jpg	image	200	
/storage/products/1569-2096S.jpg	image	not-fetched	
/storage/products/157-188.jpg	image	200	
/storage/products/157-188S.jpg	image	not-fetched	
/storage/products/1570-2099.jpg	image	200	
/storage/products/1570-2103.jpg	image	200	
/storage/products/1570-2103S.jpg	image	not-fetched	
/storage/products/1571-2101.jpg	image	200	
/storage/products/1571-2102.jpg	image	200	
/storage/products/1571-2102S.jpg	image	not-fetched	
/storage/products/1572-2105.jpg	image	200	
/storage/products/1572-2105S.jpg	image	not-fetched	
/storage/products/1572-2106.jpg	image	200	
/storage/products/1572-2107.jpg	image	200	
/storage/products/1572-2108.jpg	image	200	
/storage/products/1572-2109.jpg	image	200	
/storage/products/1572-2110.jpg	image	200	
/storage/products/1572-2111.jpg	image	200	
/storage/products/1572-2112.jpg	image	200	
/storage/products/1573-2141.jpg	image	200	
/storage/products/1573-2141S.jpg	image	not-fetched	
/storage/products/1574-2142.jpg	image	200	
/storage/products/1574-2142S.jpg	image	not-fetched	
/storage/products/1575-2143.jpg	image	200	
/storage/products/1575-2143S.jpg	image	not-fetched	
/storage/products/1576-2144.jpg	image	200	
/storage/products/1576-2144S.jpg	image	not-fetched	
/storage/products/1577-2145.jpg	image	200	
/storage/products/1577-2145S.jpg	image	not-fetched	
/storage/products/1578-2146.jpg	image	200	
/storage/products/1578-2146S.jpg	image	not-fetched	
/storage/products/1579-2148.jpg	image	200	
/storage/products/1579-2148S.jpg	image	not-fetched	
/storage/products/158-189.jpg	image	200	
/storage/products/158-189S.jpg	image	not-fetched	
/storage/products/1580-2149.jpg	image	200	
/storage/products/1580-2149S.jpg	image	not-fetched	
/storage/products/1581-2150.jpg	image	200	
/storage/products/1581-2150S.jpg	image	not-fetched	
/storage/products/1582-2151.jpg	image	200	
/storage/products/1582-2151S.jpg	image	not-fetched	
/storage/products/1583-2152.jpg	image	200	
/storage/products/1583-2152S.jpg	image	not-fetched	
/storage/products/1584-2153.jpg	image	200	
/storage/products/1584-2153S.jpg	image	not-fetched	
/storage/products/1585-2154.jpg	image	200	
/storage/products/1585-2154S.jpg	image	not-fetched	
/storage/products/1586-2155.jpg	image	200	
/storage/products/1586-2155S.jpg	image	not-fetched	
/storage/products/1587-2156.jpg	image	200	
/storage/products/1587-2156S.jpg	image	not-fetched	
/storage/products/1588-2157.jpg	image	200	
/storage/products/1588-2157S.jpg	image	not-fetched	
/storage/products/1589-2158.jpg	image	200	
/storage/products/1589-2158S.jpg	image	not-fetched	
/storage/products/159-190.jpg	image	200	
/storage/products/159-190S.jpg	image	not-fetched	
/storage/products/1590-2159.jpg	image	200	
/storage/products/1590-2159S.jpg	image	not-fetched	
/storage/products/1591-2160.jpg	image	200	
/storage/products/1591-2160S.jpg	image	not-fetched	
/storage/products/1591-2161.jpg	image	200	
/storage/products/1591-2162.jpg	image	200	
/storage/products/1591-2163.jpg	image	200	
/storage/products/1591-2164.jpg	image	200	
/storage/products/1591-2165.jpg	image	200	
/storage/products/1592-2182.jpg	image	200	
/storage/products/1592-2182S.jpg	image	not-fetched	
/storage/products/1593-2167.jpg	image	200	
/storage/products/1593-2167S.jpg	image	not-fetched	
/storage/products/1594-2168.jpg	image	200	
/storage/products/1594-2168S.jpg	image	not-fetched	
/storage/products/1595-2169.jpg	image	200	
/storage/products/1595-2169S.jpg	image	not-fetched	
/storage/products/1596-2170.jpg	image	200	
/storage/products/1596-2170S.jpg	image	not-fetched	
/storage/products/1597-2171.jpg	image	200	
/storage/products/1597-2171S.jpg	image	not-fetched	
/storage/products/1598-2172.jpg	image	200	
/storage/products/1598-2172S.jpg	image	not-fetched	
/storage/products/1599-2173.jpg	image	200	
/storage/products/1599-2173S.jpg	image	not-fetched	
/storage/products/160-191.jpg	image	200	
/storage/products/160-191S.jpg	image	not-fetched	
/storage/products/1600-2174.jpg	image	200	
/storage/products/1600-2174S.jpg	image	not-fetched	
/storage/products/1601-2175.jpg	image	200	
/storage/products/1601-2175S.jpg	image	not-fetched	
/storage/products/1602-2176.jpg	image	200	
/storage/products/1602-2176S.jpg	image	not-fetched	
/storage/products/1603-2177.jpg	image	200	
/storage/products/1603-2177S.jpg	image	not-fetched	
/storage/products/1604-2178.jpg	image	200	
/storage/products/1604-2178S.jpg	image	not-fetched	
/storage/products/1605-2180.jpg	image	200	
/storage/products/1605-2180S.jpg	image	not-fetched	
/storage/products/1606-2181.jpg	image	200	
/storage/products/1606-2181S.jpg	image	not-fetched	
/storage/products/1607-2183.jpg	image	200	
/storage/products/1607-2183S.jpg	image	not-fetched	
/storage/products/1608-2184.jpg	image	200	
/storage/products/1608-2184S.jpg	image	not-fetched	
/storage/products/1609-2185.jpg	image	200	
/storage/products/1609-2185S.jpg	image	not-fetched	
/storage/products/161-192.jpg	image	200	
/storage/products/161-192S.jpg	image	not-fetched	
/storage/products/1610-2186.jpg	image	200	
/storage/products/1610-2186S.jpg	image	not-fetched	
/storage/products/1611-2187.jpg	image	200	
/storage/products/1611-2187S.jpg	image	not-fetched	
/storage/products/1612-2188.jpg	image	200	
/storage/products/1612-2188S.jpg	image	not-fetched	
/storage/products/1613-2189.jpg	image	200	
/storage/products/1613-2189S.jpg	image	not-fetched	
/storage/products/1614-2190.jpg	image	200	
/storage/products/1614-2190S.jpg	image	not-fetched	
/storage/products/1615-2191.jpg	image	200	
/storage/products/1615-2191S.jpg	image	not-fetched	
/storage/products/1616-2192.jpg	image	200	
/storage/products/1616-2192S.jpg	image	not-fetched	
/storage/products/1617-2193.jpg	image	200	
/storage/products/1617-2193S.jpg	image	not-fetched	
/storage/products/1618-2194.jpg	image	200	
/storage/products/1618-2194S.jpg	image	not-fetched	
/storage/products/1619-2195.jpg	image	200	
/storage/products/1619-2195S.jpg	image	not-fetched	
/storage/products/162-194.jpg	image	200	
/storage/products/162-194S.jpg	image	not-fetched	
/storage/products/1620-2196.jpg	image	200	
/storage/products/1620-2196S.jpg	image	not-fetched	
/storage/products/1621-2197.jpg	image	200	
/storage/products/1621-2197S.jpg	image	not-fetched	
/storage/products/1622-2198.jpg	image	200	
/storage/products/1622-2198S.jpg	image	not-fetched	
/storage/products/1623-2199.jpg	image	200	
/storage/products/1623-2199S.jpg	image	not-fetched	
/storage/products/1624-2200.jpg	image	200	
/storage/products/1624-2200S.jpg	image	not-fetched	
/storage/products/1625-2201.jpg	image	200	
/storage/products/1625-2201S.jpg	image	not-fetched	
/storage/products/1626-2202.jpg	image	200	
/storage/products/1626-2202S.jpg	image	not-fetched	
/storage/products/1627-2203.jpg	image	200	
/storage/products/1627-2203S.jpg	image	not-fetched	
/storage/products/1628-2204.jpg	image	200	
/storage/products/1628-2204S.jpg	image	not-fetched	
/storage/products/1629-2205.jpg	image	200	
/storage/products/1629-2205S.jpg	image	not-fetched	
/storage/products/163-195.jpg	image	200	
/storage/products/163-195S.jpg	image	not-fetched	
/storage/products/1630-2206.jpg	image	200	
/storage/products/1630-2206S.jpg	image	not-fetched	
/storage/products/1631-2207.jpg	image	200	
/storage/products/1631-2207S.jpg	image	not-fetched	
/storage/products/1632-2208.jpg	image	200	
/storage/products/1632-2208S.jpg	image	not-fetched	
/storage/products/1633-2209.jpg	image	200	
/storage/products/1633-2209S.jpg	image	not-fetched	
/storage/products/1634-2213.jpg	image	200	
/storage/products/1634-2213S.jpg	image	not-fetched	
/storage/products/1635-2211.jpg	image	200	
/storage/products/1635-2211S.jpg	image	not-fetched	
/storage/products/1636-2212.jpg	image	200	
/storage/products/1636-2212S.jpg	image	not-fetched	
/storage/products/1637-2214.jpg	image	200	
/storage/products/1637-2214S.jpg	image	not-fetched	
/storage/products/1638-2215.jpg	image	200	
/storage/products/1638-2215S.jpg	image	not-fetched	
/storage/products/1639-2216.jpg	image	200	
/storage/products/1639-2216S.jpg	image	not-fetched	
/storage/products/1640-2217.jpg	image	200	
/storage/products/1640-2217S.jpg	image	not-fetched	
/storage/products/1641-2218.jpg	image	200	
/storage/products/1641-2218S.jpg	image	not-fetched	
/storage/products/1642-2219.jpg	image	200	
/storage/products/1642-2219S.jpg	image	not-fetched	
/storage/products/1643-2220.jpg	image	200	
/storage/products/1643-2220S.jpg	image	not-fetched	
/storage/products/1644-2221.jpg	image	200	
/storage/products/1644-2221S.jpg	image	not-fetched	
/storage/products/1645-2222.jpg	image	200	
/storage/products/1645-2222S.jpg	image	not-fetched	
/storage/products/1646-2223.jpg	image	200	
/storage/products/1646-2223S.jpg	image	not-fetched	
/storage/products/1647-2224.jpg	image	200	
/storage/products/1647-2224S.jpg	image	not-fetched	
/storage/products/1648-2225.jpg	image	200	
/storage/products/1648-2225S.jpg	image	not-fetched	
/storage/products/1649-2226.jpg	image	200	
/storage/products/1649-2226S.jpg	image	not-fetched	
/storage/products/1650-2227.jpg	image	200	
/storage/products/1650-2227S.jpg	image	not-fetched	
/storage/products/1651-2228.jpg	image	200	
/storage/products/1651-2228S.jpg	image	not-fetched	
/storage/products/1652-2229.jpg	image	200	
/storage/products/1652-2229S.jpg	image	not-fetched	
/storage/products/1653-2230.jpg	image	200	
/storage/products/1653-2230S.jpg	image	not-fetched	
/storage/products/1654-2231.jpg	image	200	
/storage/products/1654-2231S.jpg	image	not-fetched	
/storage/products/1655-2232.jpg	image	200	
/storage/products/1655-2232S.jpg	image	not-fetched	
/storage/products/1656-2233.jpg	image	200	
/storage/products/1656-2233S.jpg	image	not-fetched	
/storage/products/1657-2234.jpg	image	200	
/storage/products/1657-2234S.jpg	image	not-fetched	
/storage/products/1658-2235.jpg	image	200	
/storage/products/1658-2235S.jpg	image	not-fetched	
/storage/products/1659-2236.jpg	image	200	
/storage/products/1659-2236S.jpg	image	not-fetched	
/storage/products/166-196.jpg	image	200	
/storage/products/166-196S.jpg	image	not-fetched	
/storage/products/1660-2237.jpg	image	200	
/storage/products/1660-2237S.jpg	image	not-fetched	
/storage/products/1661-2238.jpg	image	200	
/storage/products/1661-2238S.jpg	image	not-fetched	
/storage/products/1662-2239.jpg	image	200	
/storage/products/1662-2239S.jpg	image	not-fetched	
/storage/products/1663-2240.jpg	image	200	
/storage/products/1663-2240S.jpg	image	not-fetched	
/storage/products/1664-2241.jpg	image	200	
/storage/products/1664-2241S.jpg	image	not-fetched	
/storage/products/1664-2242.jpg	image	200	
/storage/products/1664-2243.jpg	image	200	
/storage/products/1664-2244.jpg	image	200	
/storage/products/1665-2245.jpg	image	200	
/storage/products/1665-2245S.jpg	image	not-fetched	
/storage/products/1666-2246.jpg	image	200	
/storage/products/1666-2246S.jpg	image	not-fetched	
/storage/products/1667-2247.jpg	image	200	
/storage/products/1667-2247S.jpg	image	not-fetched	
/storage/products/1668-2248.jpg	image	200	
/storage/products/1668-2248S.jpg	image	not-fetched	
/storage/products/1669-2249.jpg	image	200	
/storage/products/1669-2249S.jpg	image	not-fetched	
/storage/products/167-197.jpg	image	200	
/storage/products/167-197S.jpg	image	not-fetched	
/storage/products/1670-2250.jpg	image	200	
/storage/products/1670-2250S.jpg	image	not-fetched	
/storage/products/1671-2251.jpg	image	200	
/storage/products/1671-2251S.jpg	image	not-fetched	
/storage/products/1672-2252.jpg	image	200	
/storage/products/1672-2252S.jpg	image	not-fetched	
/storage/products/1673-2253.jpg	image	200	
/storage/products/1673-2253S.jpg	image	not-fetched	
/storage/products/1674-2254.jpg	image	200	
/storage/products/1674-2254S.jpg	image	not-fetched	
/storage/products/1675-2255.jpg	image	200	
/storage/products/1675-2255S.jpg	image	not-fetched	
/storage/products/1676-2256.jpg	image	200	
/storage/products/1676-2256S.jpg	image	not-fetched	
/storage/products/1677-2257.jpg	image	200	
/storage/products/1677-2257S.jpg	image	not-fetched	
/storage/products/1678-2258.jpg	image	200	
/storage/products/1678-2258S.jpg	image	not-fetched	
/storage/products/1679-2259.jpg	image	200	
/storage/products/1679-2259S.jpg	image	not-fetched	
/storage/products/168-198.jpg	image	200	
/storage/products/168-198S.jpg	image	not-fetched	
/storage/products/1680-2260.jpg	image	200	
/storage/products/1680-2260S.jpg	image	not-fetched	
/storage/products/1681-2261.jpg	image	200	
/storage/products/1681-2261S.jpg	image	not-fetched	
/storage/products/1682-2262.jpg	image	200	
/storage/products/1682-2262S.jpg	image	not-fetched	
/storage/products/1683-2263.jpg	image	200	
/storage/products/1683-2263S.jpg	image	not-fetched	
/storage/products/1684-2264.jpg	image	200	
/storage/products/1684-2264S.jpg	image	not-fetched	
/storage/products/1685-2265.jpg	image	200	
/storage/products/1685-2265S.jpg	image	not-fetched	
/storage/products/1686-2266.jpg	image	200	
/storage/products/1686-2266S.jpg	image	not-fetched	
/storage/products/1687-2267.jpg	image	200	
/storage/products/1687-2267S.jpg	image	not-fetched	
/storage/products/1688-2268.jpg	image	200	
/storage/products/1688-2268S.jpg	image	not-fetched	
/storage/products/1689-2269.jpg	image	200	
/storage/products/1689-2269S.jpg	image	not-fetched	
/storage/products/169-220.jpg	image	200	
/storage/products/169-220S.jpg	image	not-fetched	
/storage/products/1690-2270.jpg	image	200	
/storage/products/1690-2270S.jpg	image	not-fetched	
/storage/products/1691-2271.jpg	image	200	
/storage/products/1691-2271S.jpg	image	not-fetched	
/storage/products/1692-2272.jpg	image	200	
/storage/products/1692-2272S.jpg	image	not-fetched	
/storage/products/1693-2273.jpg	image	200	
/storage/products/1693-2273S.jpg	image	not-fetched	
/storage/products/1694-2274.jpg	image	200	
/storage/products/1694-2274S.jpg	image	not-fetched	
/storage/products/1695-2275.jpg	image	200	
/storage/products/1695-2275S.jpg	image	not-fetched	
/storage/products/1696-2276.jpg	image	200	
/storage/products/1696-2276S.jpg	image	not-fetched	
/storage/products/1697-2277.jpg	image	200	
/storage/products/1697-2277S.jpg	image	not-fetched	
/storage/products/1698-2278.jpg	image	200	
/storage/products/1698-2278S.jpg	image	not-fetched	
/storage/products/1699-2279.jpg	image	200	
/storage/products/1699-2279S.jpg	image	not-fetched	
/storage/products/17-21.jpg	image	200	
/storage/products/17-21S.jpg	image	not-fetched	
/storage/products/170-221.jpg	image	200	
/storage/products/170-221S.jpg	image	not-fetched	
/storage/products/1700-2280.jpg	image	200	
/storage/products/1700-2280S.jpg	image	not-fetched	
/storage/products/1701-2281.jpg	image	200	
/storage/products/1701-2281S.jpg	image	not-fetched	
/storage/products/1702-2282.jpg	image	200	
/storage/products/1702-2282S.jpg	image	not-fetched	
/storage/products/1703-2283.jpg	image	200	
/storage/products/1703-2283S.jpg	image	not-fetched	
/storage/products/1704-2284.jpg	image	200	
/storage/products/1704-2284S.jpg	image	not-fetched	
/storage/products/1705-2285.jpg	image	200	
/storage/products/1705-2285S.jpg	image	not-fetched	
/storage/products/1706-2286.jpg	image	200	
/storage/products/1706-2286S.jpg	image	not-fetched	
/storage/products/1707-2287.jpg	image	200	
/storage/products/1707-2287S.jpg	image	not-fetched	
/storage/products/1708-2288.jpg	image	200	
/storage/products/1708-2288S.jpg	image	not-fetched	
/storage/products/1709-2289.jpg	image	200	
/storage/products/1709-2289S.jpg	image	not-fetched	
/storage/products/171-222.jpg	image	200	
/storage/products/171-222S.jpg	image	not-fetched	
/storage/products/1710-2290.jpg	image	200	
/storage/products/1710-2290S.jpg	image	not-fetched	
/storage/products/1711-2291.jpg	image	200	
/storage/products/1711-2291S.jpg	image	not-fetched	
/storage/products/1712-2292.jpg	image	200	
/storage/products/1712-2292S.jpg	image	not-fetched	
/storage/products/1713-2293.jpg	image	200	
/storage/products/1713-2293S.jpg	image	not-fetched	
/storage/products/1715-2294.jpg	image	200	
/storage/products/1715-2294S.jpg	image	not-fetched	
/storage/products/1717-2295.jpg	image	200	
/storage/products/1717-2295S.jpg	image	not-fetched	
/storage/products/1718-2296.jpg	image	200	
/storage/products/1718-2296S.jpg	image	not-fetched	
/storage/products/1719-2297.jpg	image	200	
/storage/products/1719-2297S.jpg	image	not-fetched	
/storage/products/172-223.jpg	image	200	
/storage/products/172-223S.jpg	image	not-fetched	
/storage/products/1720-2298.jpg	image	200	
/storage/products/1720-2298S.jpg	image	not-fetched	
/storage/products/1721-2301.jpg	image	200	
/storage/products/1721-2301S.jpg	image	not-fetched	
/storage/products/1721-2458.jpg	image	200	
/storage/products/1721-2459.jpg	image	200	
/storage/products/1721-2460.jpg	image	200	
/storage/products/1722-2300.jpg	image	200	
/storage/products/1722-2300S.jpg	image	not-fetched	
/storage/products/1722-2461.jpg	image	200	
/storage/products/1722-2462.jpg	image	200	
/storage/products/1722-2463.jpg	image	200	
/storage/products/1724-2302.jpg	image	200	
/storage/products/1724-2302S.jpg	image	not-fetched	
/storage/products/1724-2464.jpg	image	200	
/storage/products/1724-2465.jpg	image	200	
/storage/products/1724-2466.jpg	image	200	
/storage/products/1725-2303.jpg	image	200	
/storage/products/1725-2303S.jpg	image	not-fetched	
/storage/products/1725-2304.jpg	image	200	
/storage/products/1725-2305.jpg	image	200	
/storage/products/1726-2306.jpg	image	200	
/storage/products/1726-2306S.jpg	image	not-fetched	
/storage/products/1726-2307.jpg	image	200	
/storage/products/1726-2308.jpg	image	200	
/storage/products/1726-2309.jpg	image	200	
/storage/products/1727-2310.jpg	image	200	
/storage/products/1727-2310S.jpg	image	not-fetched	
/storage/products/1727-2311.jpg	image	200	
/storage/products/1727-2312.jpg	image	200	
/storage/products/1727-2313.jpg	image	200	
/storage/products/1728-2314.jpg	image	200	
/storage/products/1728-2314S.jpg	image	not-fetched	
/storage/products/1728-2315.jpg	image	200	
/storage/products/1728-2316.jpg	image	200	
/storage/products/1728-2317.jpg	image	200	
/storage/products/1729-2318.jpg	image	200	
/storage/products/1729-2318S.jpg	image	not-fetched	
/storage/products/1729-2319.jpg	image	200	
/storage/products/1729-2320.jpg	image	200	
/storage/products/173-224.jpg	image	200	
/storage/products/173-224S.jpg	image	not-fetched	
/storage/products/1730-2321.jpg	image	200	
/storage/products/1730-2321S.jpg	image	not-fetched	
/storage/products/1730-2322.jpg	image	200	
/storage/products/1730-2323.jpg	image	200	
/storage/products/1730-2324.jpg	image	200	
/storage/products/1731-2325.jpg	image	200	
/storage/products/1731-2325S.jpg	image	not-fetched	
/storage/products/1731-2326.jpg	image	200	
/storage/products/1731-2327.jpg	image	200	
/storage/products/1731-2328.jpg	image	200	
/storage/products/1732-2329.jpg	image	200	
/storage/products/1732-2329S.jpg	image	not-fetched	
/storage/products/1732-2330.jpg	image	200	
/storage/products/1732-2331.jpg	image	200	
/storage/products/1733-2332.jpg	image	200	
/storage/products/1733-2332S.jpg	image	not-fetched	
/storage/products/1733-2333.jpg	image	200	
/storage/products/1733-2334.jpg	image	200	
/storage/products/1733-2335.jpg	image	200	
/storage/products/1734-2336.jpg	image	200	
/storage/products/1734-2336S.jpg	image	not-fetched	
/storage/products/1734-2337.jpg	image	200	
/storage/products/1734-2338.jpg	image	200	
/storage/products/1735-2339.jpg	image	200	
/storage/products/1735-2339S.jpg	image	not-fetched	
/storage/products/1735-2340.jpg	image	200	
/storage/products/1735-2341.jpg	image	200	
/storage/products/1735-2342.jpg	image	200	
/storage/products/1736-2343.jpg	image	200	
/storage/products/1736-2343S.jpg	image	not-fetched	
/storage/products/1736-2344.jpg	image	200	
/storage/products/1736-2345.jpg	image	200	
/storage/products/1736-2346.jpg	image	200	
/storage/products/1737-2347.jpg	image	200	
/storage/products/1737-2347S.jpg	image	not-fetched	
/storage/products/1737-2348.jpg	image	200	
/storage/products/1737-2349.jpg	image	200	
/storage/products/1738-2350.jpg	image	200	
/storage/products/1738-2350S.jpg	image	not-fetched	
/storage/products/1738-2351.jpg	image	200	
/storage/products/1738-2352.jpg	image	200	
/storage/products/1738-2353.jpg	image	200	
/storage/products/1739-2354.jpg	image	200	
/storage/products/1739-2354S.jpg	image	not-fetched	
/storage/products/1739-2355.jpg	image	200	
/storage/products/1739-2356.jpg	image	200	
/storage/products/1739-2357.jpg	image	200	
/storage/products/174-225.jpg	image	200	
/storage/products/174-225S.jpg	image	not-fetched	
/storage/products/1740-2358.jpg	image	200	
/storage/products/1740-2358S.jpg	image	not-fetched	
/storage/products/1741-2359.jpg	image	200	
/storage/products/1741-2359S.jpg	image	not-fetched	
/storage/products/1741-2360.jpg	image	200	
/storage/products/1741-2361.jpg	image	200	
/storage/products/1741-2362.jpg	image	200	
/storage/products/1742-2363.jpg	image	200	
/storage/products/1742-2363S.jpg	image	not-fetched	
/storage/products/1742-2364.jpg	image	200	
/storage/products/1742-2365.jpg	image	200	
/storage/products/1742-2366.jpg	image	200	
/storage/products/1743-2367.jpg	image	200	
/storage/products/1743-2367S.jpg	image	not-fetched	
/storage/products/1743-2368.jpg	image	200	
/storage/products/1743-2369.jpg	image	200	
/storage/products/1744-2370.jpg	image	200	
/storage/products/1744-2370S.jpg	image	not-fetched	
/storage/products/1744-2371.jpg	image	200	
/storage/products/1744-2372.jpg	image	200	
/storage/products/1744-2373.jpg	image	200	
/storage/products/1745-2374.jpg	image	200	
/storage/products/1745-2374S.jpg	image	not-fetched	
/storage/products/1745-2375.jpg	image	200	
/storage/products/1745-2376.jpg	image	200	
/storage/products/1746-2377.jpg	image	200	
/storage/products/1746-2377S.jpg	image	not-fetched	
/storage/products/1746-2378.jpg	image	200	
/storage/products/1746-2379.jpg	image	200	
/storage/products/1746-2380.jpg	image	200	
/storage/products/1747-2381.jpg	image	200	
/storage/products/1747-2381S.jpg	image	not-fetched	
/storage/products/1747-2382.jpg	image	200	
/storage/products/1747-2383.jpg	image	200	
/storage/products/1747-2384.jpg	image	200	
/storage/products/1748-2385.jpg	image	200	
/storage/products/1748-2385S.jpg	image	not-fetched	
/storage/products/1748-2386.jpg	image	200	
/storage/products/1748-2387.jpg	image	200	
/storage/products/1748-2388.jpg	image	200	
/storage/products/1749-2389.jpg	image	200	
/storage/products/1749-2389S.jpg	image	not-fetched	
/storage/products/1749-2390.jpg	image	200	
/storage/products/1749-2391.jpg	image	200	
/storage/products/1749-2392.jpg	image	200	
/storage/products/175-226.jpg	image	200	
/storage/products/175-226S.jpg	image	not-fetched	
/storage/products/1750-2393.jpg	image	200	
/storage/products/1750-2393S.jpg	image	not-fetched	
/storage/products/1750-2394.jpg	image	200	
/storage/products/1750-2395.jpg	image	200	
/storage/products/1750-2396.jpg	image	200	
/storage/products/1751-2397.jpg	image	200	
/storage/products/1751-2397S.jpg	image	not-fetched	
/storage/products/1751-2398.jpg	image	200	
/storage/products/1751-2399.jpg	image	200	
/storage/products/1751-2400.jpg	image	200	
/storage/products/1752-2401.jpg	image	200	
/storage/products/1752-2401S.jpg	image	not-fetched	
/storage/products/1752-2402.jpg	image	200	
/storage/products/1752-2403.jpg	image	200	
/storage/products/1752-2404.jpg	image	200	
/storage/products/1753-2405.jpg	image	200	
/storage/products/1753-2405S.jpg	image	not-fetched	
/storage/products/1753-2406.jpg	image	200	
/storage/products/1753-2407.jpg	image	200	
/storage/products/1754-2408.jpg	image	200	
/storage/products/1754-2408S.jpg	image	not-fetched	
/storage/products/1754-2409.jpg	image	200	
/storage/products/1754-2410.jpg	image	200	
/storage/products/1754-2411.jpg	image	200	
/storage/products/1755-2412.jpg	image	200	
/storage/products/1755-2412S.jpg	image	not-fetched	
/storage/products/1755-2413.jpg	image	200	
/storage/products/1755-2414.jpg	image	200	
/storage/products/1755-2415.jpg	image	200	
/storage/products/1756-2416.jpg	image	200	
/storage/products/1756-2416S.jpg	image	not-fetched	
/storage/products/1756-2417.jpg	image	200	
/storage/products/1756-2418.jpg	image	200	
/storage/products/1756-2419.jpg	image	200	
/storage/products/1757-2420.jpg	image	200	
/storage/products/1757-2420S.jpg	image	not-fetched	
/storage/products/1757-2421.jpg	image	200	
/storage/products/1757-2422.jpg	image	200	
/storage/products/1757-2423.jpg	image	200	
/storage/products/1758-2424.jpg	image	200	
/storage/products/1758-2424S.jpg	image	not-fetched	
/storage/products/1758-2425.jpg	image	200	
/storage/products/1758-2426.jpg	image	200	
/storage/products/1758-2427.jpg	image	200	
/storage/products/1759-2428.jpg	image	200	
/storage/products/1759-2428S.jpg	image	not-fetched	
/storage/products/1759-2429.jpg	image	200	
/storage/products/1759-2430.jpg	image	200	
/storage/products/1759-2431.jpg	image	200	
/storage/products/176-227.jpg	image	200	
/storage/products/176-227S.jpg	image	not-fetched	
/storage/products/1760-2432.jpg	image	200	
/storage/products/1760-2432S.jpg	image	not-fetched	
/storage/products/1760-2433.jpg	image	200	
/storage/products/1760-2434.jpg	image	200	
/storage/products/1760-2435.jpg	image	200	
/storage/products/1761-2436.jpg	image	200	
/storage/products/1761-2436S.jpg	image	not-fetched	
/storage/products/1761-2437.jpg	image	200	
/storage/products/1761-2438.jpg	image	200	
/storage/products/1761-2439.jpg	image	200	
/storage/products/1762-2440.jpg	image	200	
/storage/products/1762-2440S.jpg	image	not-fetched	
/storage/products/1762-2441.jpg	image	200	
/storage/products/1762-2442.jpg	image	200	
/storage/products/1762-2443.jpg	image	200	
/storage/products/1766-2444.jpg	image	200	
/storage/products/1766-2444S.jpg	image	not-fetched	
/storage/products/1766-2445.jpg	image	200	
/storage/products/1766-2446.jpg	image	200	
/storage/products/1766-2447.jpg	image	200	
/storage/products/1766-2448.jpg	image	200	
/storage/products/1768-2449.jpg	image	200	
/storage/products/1768-2449S.jpg	image	not-fetched	
/storage/products/1768-2450.jpg	image	200	
/storage/products/1768-2451.jpg	image	200	
/storage/products/1768-2452.jpg	image	200	
/storage/products/1768-2453.jpg	image	200	
/storage/products/1769-2454.jpg	image	200	
/storage/products/1769-2454S.jpg	image	not-fetched	
/storage/products/1769-2455.jpg	image	200	
/storage/products/1769-2456.jpg	image	200	
/storage/products/1769-2457.jpg	image	200	
/storage/products/177-228.jpg	image	200	
/storage/products/177-228S.jpg	image	not-fetched	
/storage/products/1770-2467.jpg	image	200	
/storage/products/1770-2467S.jpg	image	not-fetched	
/storage/products/1770-2468.jpg	image	200	
/storage/products/1770-2469.jpg	image	200	
/storage/products/1770-2470.jpg	image	200	
/storage/products/1771-2471.jpg	image	200	
/storage/products/1771-2471S.jpg	image	not-fetched	
/storage/products/1772-2472.jpg	image	200	
/storage/products/1772-2472S.jpg	image	not-fetched	
/storage/products/1773-2483.jpg	image	200	
/storage/products/1773-2483S.jpg	image	not-fetched	
/storage/products/1774-2474.jpg	image	200	
/storage/products/1774-2474S.jpg	image	not-fetched	
/storage/products/1775-2475.jpg	image	200	
/storage/products/1775-2475S.jpg	image	not-fetched	
/storage/products/1776-2476.jpg	image	200	
/storage/products/1776-2476S.jpg	image	not-fetched	
/storage/products/1777-2477.jpg	image	200	
/storage/products/1777-2477S.jpg	image	not-fetched	
/storage/products/1778-2478.jpg	image	200	
/storage/products/1778-2478S.jpg	image	not-fetched	
/storage/products/1779-2479.jpg	image	200	
/storage/products/1779-2479S.jpg	image	not-fetched	
/storage/products/178-232.jpg	image	200	
/storage/products/178-232S.jpg	image	not-fetched	
/storage/products/1780-2480.jpg	image	200	
/storage/products/1780-2480S.jpg	image	not-fetched	
/storage/products/1781-2481.jpg	image	200	
/storage/products/1781-2481S.jpg	image	not-fetched	
/storage/products/1782-2482.jpg	image	200	
/storage/products/1782-2482S.jpg	image	not-fetched	
/storage/products/1783-2484.jpg	image	200	
/storage/products/1783-2484S.jpg	image	not-fetched	
/storage/products/1784-2485.jpg	image	200	
/storage/products/1784-2485S.jpg	image	not-fetched	
/storage/products/1785-2486.jpg	image	200	
/storage/products/1785-2486S.jpg	image	not-fetched	
/storage/products/1786-2487.jpg	image	200	
/storage/products/1786-2487S.jpg	image	not-fetched	
/storage/products/1787-2488.jpg	image	200	
/storage/products/1787-2488S.jpg	image	not-fetched	
/storage/products/1788-2489.jpg	image	200	
/storage/products/1788-2489S.jpg	image	not-fetched	
/storage/products/1789-2490.jpg	image	200	
/storage/products/1789-2490S.jpg	image	not-fetched	
/storage/products/179-233.jpg	image	200	
/storage/products/179-233S.jpg	image	not-fetched	
/storage/products/1790-2491.jpg	image	200	
/storage/products/1790-2491S.jpg	image	not-fetched	
/storage/products/1791-2492.jpg	image	200	
/storage/products/1791-2492S.jpg	image	not-fetched	
/storage/products/1792-2493.jpg	image	200	
/storage/products/1792-2493S.jpg	image	not-fetched	
/storage/products/1793-2494.jpg	image	200	
/storage/products/1793-2494S.jpg	image	not-fetched	
/storage/products/1794-2495.jpg	image	200	
/storage/products/1794-2495S.jpg	image	not-fetched	
/storage/products/1795-2496.jpg	image	200	
/storage/products/1795-2496S.jpg	image	not-fetched	
/storage/products/1796-2497.jpg	image	200	
/storage/products/1796-2497S.jpg	image	not-fetched	
/storage/products/1797-2498.jpg	image	200	
/storage/products/1797-2498S.jpg	image	not-fetched	
/storage/products/1798-2499.jpg	image	200	
/storage/products/1798-2499S.jpg	image	not-fetched	
/storage/products/1799-2500.jpg	image	200	
/storage/products/1799-2500S.jpg	image	not-fetched	
/storage/products/18-22.jpg	image	200	
/storage/products/18-22S.jpg	image	not-fetched	
/storage/products/180-241.jpg	image	200	
/storage/products/180-241S.jpg	image	not-fetched	
/storage/products/180-242.jpg	image	200	
/storage/products/180-243.jpg	image	200	
/storage/products/180-244.jpg	image	200	
/storage/products/180-245.jpg	image	200	
/storage/products/180-246.jpg	image	200	
/storage/products/180-247.jpg	image	200	
/storage/products/1800-2501.jpg	image	200	
/storage/products/1800-2501S.jpg	image	not-fetched	
/storage/products/1801-2502.jpg	image	200	
/storage/products/1801-2502S.jpg	image	not-fetched	
/storage/products/1802-2503.jpg	image	200	
/storage/products/1802-2503S.jpg	image	not-fetched	
/storage/products/1803-2504.jpg	image	200	
/storage/products/1803-2504S.jpg	image	not-fetched	
/storage/products/1804-2505.jpg	image	200	
/storage/products/1804-2505S.jpg	image	not-fetched	
/storage/products/1805-2506.jpg	image	200	
/storage/products/1805-2506S.jpg	image	not-fetched	
/storage/products/1806-2507.jpg	image	200	
/storage/products/1806-2507S.jpg	image	not-fetched	
/storage/products/1807-2508.jpg	image	200	
/storage/products/1807-2508S.jpg	image	not-fetched	
/storage/products/1808-2509.jpg	image	200	
/storage/products/1808-2509S.jpg	image	not-fetched	
/storage/products/1809-2510.jpg	image	200	
/storage/products/1809-2510S.jpg	image	not-fetched	
/storage/products/1810-2511.jpg	image	200	
/storage/products/1810-2511S.jpg	image	not-fetched	
/storage/products/1811-2512.jpg	image	200	
/storage/products/1811-2512S.jpg	image	not-fetched	
/storage/products/1812-2513.jpg	image	200	
/storage/products/1812-2513S.jpg	image	not-fetched	
/storage/products/1813-2514.jpg	image	200	
/storage/products/1813-2514S.jpg	image	not-fetched	
/storage/products/1814-2515.jpg	image	200	
/storage/products/1814-2515S.jpg	image	not-fetched	
/storage/products/1815-2516.jpg	image	200	
/storage/products/1815-2516S.jpg	image	not-fetched	
/storage/products/1816-2517.jpg	image	200	
/storage/products/1816-2517S.jpg	image	not-fetched	
/storage/products/1817-2518.jpg	image	200	
/storage/products/1817-2518S.jpg	image	not-fetched	
/storage/products/1818-2519.jpg	image	200	
/storage/products/1818-2519S.jpg	image	not-fetched	
/storage/products/1819-2520.jpg	image	200	
/storage/products/1819-2520S.jpg	image	not-fetched	
/storage/products/182-249.jpg	image	200	
/storage/products/182-249S.jpg	image	not-fetched	
/storage/products/1820-2521.jpg	image	200	
/storage/products/1820-2521S.jpg	image	not-fetched	
/storage/products/1821-2522.jpg	image	200	
/storage/products/1821-2522S.jpg	image	not-fetched	
/storage/products/1822-2523.jpg	image	200	
/storage/products/1822-2523S.jpg	image	not-fetched	
/storage/products/1823-2524.jpg	image	200	
/storage/products/1823-2524S.jpg	image	not-fetched	
/storage/products/1824-2525.jpg	image	200	
/storage/products/1824-2525S.jpg	image	not-fetched	
/storage/products/1825-2526.jpg	image	200	
/storage/products/1825-2526S.jpg	image	not-fetched	
/storage/products/1827-2527.jpg	image	200	
/storage/products/1827-2527S.jpg	image	not-fetched	
/storage/products/1828-2528.jpg	image	200	
/storage/products/1828-2528S.jpg	image	not-fetched	
/storage/products/1829-2529.jpg	image	200	
/storage/products/1829-2529S.jpg	image	not-fetched	
/storage/products/183-381.jpg	image	200	
/storage/products/183-381S.jpg	image	not-fetched	
/storage/products/1830-2530.jpg	image	200	
/storage/products/1830-2530S.jpg	image	not-fetched	
/storage/products/1831-2531.jpg	image	200	
/storage/products/1831-2531S.jpg	image	not-fetched	
/storage/products/1832-2532.jpg	image	200	
/storage/products/1832-2532S.jpg	image	not-fetched	
/storage/products/1833-2533.jpg	image	200	
/storage/products/1833-2533S.jpg	image	not-fetched	
/storage/products/1834-2534.jpg	image	200	
/storage/products/1834-2534S.jpg	image	not-fetched	
/storage/products/1835-2600.jpg	image	200	
/storage/products/1835-2600S.jpg	image	not-fetched	
/storage/products/1836-2535.jpg	image	200	
/storage/products/1836-2535S.jpg	image	not-fetched	
/storage/products/1837-2536.jpg	image	200	
/storage/products/1837-2536S.jpg	image	not-fetched	
/storage/products/1838-2537.jpg	image	200	
/storage/products/1838-2537S.jpg	image	not-fetched	
/storage/products/1839-2538.jpg	image	200	
/storage/products/1839-2538S.jpg	image	not-fetched	
/storage/products/184-251.jpg	image	200	
/storage/products/184-251S.jpg	image	not-fetched	
/storage/products/1840-2539.jpg	image	200	
/storage/products/1840-2539S.jpg	image	not-fetched	
/storage/products/1841-2540.jpg	image	200	
/storage/products/1841-2540S.jpg	image	not-fetched	
/storage/products/1842-2541.jpg	image	200	
/storage/products/1842-2541S.jpg	image	not-fetched	
/storage/products/1843-2542.jpg	image	200	
/storage/products/1843-2542S.jpg	image	not-fetched	
/storage/products/1844-2543.jpg	image	200	
/storage/products/1844-2543S.jpg	image	not-fetched	
/storage/products/1845-2544.jpg	image	200	
/storage/products/1845-2544S.jpg	image	not-fetched	
/storage/products/1846-2545.jpg	image	200	
/storage/products/1846-2545S.jpg	image	not-fetched	
/storage/products/1847-2546.jpg	image	200	
/storage/products/1847-2546S.jpg	image	not-fetched	
/storage/products/1848-2547.jpg	image	200	
/storage/products/1848-2547S.jpg	image	not-fetched	
/storage/products/1849-2548.jpg	image	200	
/storage/products/1849-2548S.jpg	image	not-fetched	
/storage/products/185-252.jpg	image	200	
/storage/products/185-252S.jpg	image	not-fetched	
/storage/products/1850-2549.jpg	image	200	
/storage/products/1850-2549S.jpg	image	not-fetched	
/storage/products/1852-2551.jpg	image	200	
/storage/products/1852-2551S.jpg	image	not-fetched	
/storage/products/1853-2552.jpg	image	200	
/storage/products/1853-2552S.jpg	image	not-fetched	
/storage/products/1854-2553.jpg	image	200	
/storage/products/1854-2553S.jpg	image	not-fetched	
/storage/products/1855-2554.jpg	image	200	
/storage/products/1855-2554S.jpg	image	not-fetched	
/storage/products/1856-2555.jpg	image	200	
/storage/products/1856-2555S.jpg	image	not-fetched	
/storage/products/1857-2556.jpg	image	200	
/storage/products/1857-2556S.jpg	image	not-fetched	
/storage/products/1858-2557.jpg	image	200	
/storage/products/1858-2557S.jpg	image	not-fetched	
/storage/products/1859-2558.jpg	image	200	
/storage/products/1859-2558S.jpg	image	not-fetched	
/storage/products/186-253.jpg	image	200	
/storage/products/186-253S.jpg	image	not-fetched	
/storage/products/1860-2559.jpg	image	200	
/storage/products/1860-2559S.jpg	image	not-fetched	
/storage/products/1861-2560.jpg	image	200	
/storage/products/1861-2560S.jpg	image	not-fetched	
/storage/products/1862-2561.jpg	image	200	
/storage/products/1862-2561S.jpg	image	not-fetched	
/storage/products/1863-2562.jpg	image	200	
/storage/products/1863-2562S.jpg	image	not-fetched	
/storage/products/1864-2563.jpg	image	200	
/storage/products/1864-2563S.jpg	image	not-fetched	
/storage/products/1865-2564.jpg	image	200	
/storage/products/1865-2564S.jpg	image	not-fetched	
/storage/products/1866-2565.jpg	image	200	
/storage/products/1866-2565S.jpg	image	not-fetched	
/storage/products/1867-2566.jpg	image	200	
/storage/products/1867-2566S.jpg	image	not-fetched	
/storage/products/1868-2567.jpg	image	200	
/storage/products/1868-2567S.jpg	image	not-fetched	
/storage/products/1869-2568.jpg	image	200	
/storage/products/1869-2568S.jpg	image	not-fetched	
/storage/products/187-254.jpg	image	200	
/storage/products/187-254S.jpg	image	not-fetched	
/storage/products/1870-2569.jpg	image	200	
/storage/products/1870-2569S.jpg	image	not-fetched	
/storage/products/1871-2570.jpg	image	200	
/storage/products/1871-2570S.jpg	image	not-fetched	
/storage/products/1872-2571.jpg	image	200	
/storage/products/1872-2571S.jpg	image	not-fetched	
/storage/products/1873-2572.jpg	image	200	
/storage/products/1873-2572S.jpg	image	not-fetched	
/storage/products/1874-2575.jpg	image	200	
/storage/products/1874-2575S.jpg	image	not-fetched	
/storage/products/1875-2574.jpg	image	200	
/storage/products/1875-2574S.jpg	image	not-fetched	
/storage/products/1877-2576.jpg	image	200	
/storage/products/1877-2576S.jpg	image	not-fetched	
/storage/products/1878-2577.jpg	image	200	
/storage/products/1878-2577S.jpg	image	not-fetched	
/storage/products/1879-2578.jpg	image	200	
/storage/products/1879-2578S.jpg	image	not-fetched	
/storage/products/188-255.jpg	image	200	
/storage/products/188-255S.jpg	image	not-fetched	
/storage/products/1880-2579.jpg	image	200	
/storage/products/1880-2579S.jpg	image	not-fetched	
/storage/products/1881-2580.jpg	image	200	
/storage/products/1881-2580S.jpg	image	not-fetched	
/storage/products/1882-2581.jpg	image	200	
/storage/products/1882-2581S.jpg	image	not-fetched	
/storage/products/1883-2582.jpg	image	200	
/storage/products/1883-2582S.jpg	image	not-fetched	
/storage/products/1884-2583.jpg	image	200	
/storage/products/1884-2583S.jpg	image	not-fetched	
/storage/products/1885-2584.jpg	image	200	
/storage/products/1885-2584S.jpg	image	not-fetched	
/storage/products/1886-2585.jpg	image	200	
/storage/products/1886-2585S.jpg	image	not-fetched	
/storage/products/1887-2586.jpg	image	200	
/storage/products/1887-2586S.jpg	image	not-fetched	
/storage/products/1888-2587.jpg	image	200	
/storage/products/1888-2587S.jpg	image	not-fetched	
/storage/products/1889-2588.jpg	image	200	
/storage/products/1889-2588S.jpg	image	not-fetched	
/storage/products/1890-2589.jpg	image	200	
/storage/products/1890-2589S.jpg	image	not-fetched	
/storage/products/1891-2590.jpg	image	200	
/storage/products/1891-2590S.jpg	image	not-fetched	
/storage/products/1892-2591.jpg	image	200	
/storage/products/1892-2591S.jpg	image	not-fetched	
/storage/products/1893-2592.jpg	image	200	
/storage/products/1893-2592S.jpg	image	not-fetched	
/storage/products/1894-2593.jpg	image	200	
/storage/products/1894-2593S.jpg	image	not-fetched	
/storage/products/1895-2594.jpg	image	200	
/storage/products/1895-2594S.jpg	image	not-fetched	
/storage/products/1896-2595.jpg	image	200	
/storage/products/1896-2595S.jpg	image	not-fetched	
/storage/products/1897-2596.jpg	image	200	
/storage/products/1897-2596S.jpg	image	not-fetched	
/storage/products/1898-2597.jpg	image	200	
/storage/products/1898-2597S.jpg	image	not-fetched	
/storage/products/1899-2598.jpg	image	200	
/storage/products/1899-2598S.jpg	image	not-fetched	
/storage/products/19-23.jpg	image	200	
/storage/products/19-23S.jpg	image	not-fetched	
/storage/products/1900-2599.jpg	image	200	
/storage/products/1900-2599S.jpg	image	not-fetched	
/storage/products/1901-2601.jpg	image	200	
/storage/products/1901-2601S.jpg	image	not-fetched	
/storage/products/1902-2602.jpg	image	200	
/storage/products/1902-2602S.jpg	image	not-fetched	
/storage/products/1903-2603.jpg	image	200	
/storage/products/1903-2603S.jpg	image	not-fetched	
/storage/products/1904-2604.jpg	image	200	
/storage/products/1904-2604S.jpg	image	not-fetched	
/storage/products/1905-2605.jpg	image	200	
/storage/products/1905-2605S.jpg	image	not-fetched	
/storage/products/1906-2606.jpg	image	200	
/storage/products/1906-2606S.jpg	image	not-fetched	
/storage/products/1907-2607.jpg	image	200	
/storage/products/1907-2607S.jpg	image	not-fetched	
/storage/products/1908-2608.jpg	image	200	
/storage/products/1908-2608S.jpg	image	not-fetched	
/storage/products/1909-2609.jpg	image	200	
/storage/products/1909-2609S.jpg	image	not-fetched	
/storage/products/191-256.jpg	image	200	
/storage/products/191-256S.jpg	image	not-fetched	
/storage/products/1910-2610.jpg	image	200	
/storage/products/1910-2610S.jpg	image	not-fetched	
/storage/products/1911-2611.jpg	image	200	
/storage/products/1911-2611S.jpg	image	not-fetched	
/storage/products/1912-2612.jpg	image	200	
/storage/products/1912-2612S.jpg	image	not-fetched	
/storage/products/1913-2613.jpg	image	200	
/storage/products/1913-2613S.jpg	image	not-fetched	
/storage/products/1914-2614.jpg	image	200	
/storage/products/1914-2614S.jpg	image	not-fetched	
/storage/products/1915-2615.jpg	image	200	
/storage/products/1915-2615S.jpg	image	not-fetched	
/storage/products/1916-2616.jpg	image	200	
/storage/products/1916-2616S.jpg	image	not-fetched	
/storage/products/1917-2617.jpg	image	200	
/storage/products/1917-2617S.jpg	image	not-fetched	
/storage/products/1918-2618.jpg	image	200	
/storage/products/1918-2618S.jpg	image	not-fetched	
/storage/products/1919-2619.jpg	image	200	
/storage/products/1919-2619S.jpg	image	not-fetched	
/storage/products/192-257.jpg	image	200	
/storage/products/192-257S.jpg	image	not-fetched	
/storage/products/1920-2620.jpg	image	200	
/storage/products/1920-2620S.jpg	image	not-fetched	
/storage/products/1921-2621.jpg	image	200	
/storage/products/1921-2621S.jpg	image	not-fetched	
/storage/products/1922-2622.jpg	image	200	
/storage/products/1922-2622S.jpg	image	not-fetched	
/storage/products/1923-2623.jpg	image	200	
/storage/products/1923-2623S.jpg	image	not-fetched	
/storage/products/1924-2624.jpg	image	200	
/storage/products/1924-2624S.jpg	image	not-fetched	
/storage/products/1925-2625.jpg	image	200	
/storage/products/1925-2625S.jpg	image	not-fetched	
/storage/products/1926-2626.jpg	image	200	
/storage/products/1926-2626S.jpg	image	not-fetched	
/storage/products/1927-2627.jpg	image	200	
/storage/products/1927-2627S.jpg	image	not-fetched	
/storage/products/1928-2628.jpg	image	200	
/storage/products/1928-2628S.jpg	image	not-fetched	
/storage/products/1929-2629.jpg	image	200	
/storage/products/1929-2629S.jpg	image	not-fetched	
/storage/products/193-258.jpg	image	200	
/storage/products/193-258S.jpg	image	not-fetched	
/storage/products/1930-2630.jpg	image	200	
/storage/products/1930-2630S.jpg	image	not-fetched	
/storage/products/1931-2631.jpg	image	200	
/storage/products/1931-2631S.jpg	image	not-fetched	
/storage/products/1932-2632.jpg	image	200	
/storage/products/1932-2632S.jpg	image	not-fetched	
/storage/products/1933-2633.jpg	image	200	
/storage/products/1933-2633S.jpg	image	not-fetched	
/storage/products/1934-2634.jpg	image	200	
/storage/products/1934-2634S.jpg	image	not-fetched	
/storage/products/1935-2635.jpg	image	200	
/storage/products/1935-2635S.jpg	image	not-fetched	
/storage/products/1936-2636.jpg	image	200	
/storage/products/1936-2636S.jpg	image	not-fetched	
/storage/products/1937-2637.jpg	image	200	
/storage/products/1937-2637S.jpg	image	not-fetched	
/storage/products/1938-2638.jpg	image	200	
/storage/products/1938-2638S.jpg	image	not-fetched	
/storage/products/1939-2639.jpg	image	200	
/storage/products/1939-2639S.jpg	image	not-fetched	
/storage/products/194-259.jpg	image	200	
/storage/products/194-259S.jpg	image	not-fetched	
/storage/products/1940-2640.jpg	image	200	
/storage/products/1940-2640S.jpg	image	not-fetched	
/storage/products/1941-2641.jpg	image	200	
/storage/products/1941-2641S.jpg	image	not-fetched	
/storage/products/1942-2642.jpg	image	200	
/storage/products/1942-2642S.jpg	image	not-fetched	
/storage/products/1943-2643.jpg	image	200	
/storage/products/1943-2643S.jpg	image	not-fetched	
/storage/products/1944-2645.jpg	image	200	
/storage/products/1944-2645S.jpg	image	not-fetched	
/storage/products/1945-2646.jpg	image	200	
/storage/products/1945-2646S.jpg	image	not-fetched	
/storage/products/1946-2647.jpg	image	200	
/storage/products/1946-2647S.jpg	image	not-fetched	
/storage/products/1947-2648.jpg	image	200	
/storage/products/1947-2648S.jpg	image	not-fetched	
/storage/products/1948-2649.jpg	image	200	
/storage/products/1948-2649S.jpg	image	not-fetched	
/storage/products/1949-2650.jpg	image	200	
/storage/products/1949-2650S.jpg	image	not-fetched	
/storage/products/1950-2651.jpg	image	200	
/storage/products/1950-2651S.jpg	image	not-fetched	
/storage/products/1951-2652.jpg	image	200	
/storage/products/1951-2652S.jpg	image	not-fetched	
/storage/products/1952-2653.jpg	image	200	
/storage/products/1952-2653S.jpg	image	not-fetched	
/storage/products/1953-2654.jpg	image	200	
/storage/products/1953-2654S.jpg	image	not-fetched	
/storage/products/1954-2655.jpg	image	200	
/storage/products/1954-2655S.jpg	image	not-fetched	
/storage/products/1955-2656.jpg	image	200	
/storage/products/1955-2656S.jpg	image	not-fetched	
/storage/products/1956-2657.jpg	image	200	
/storage/products/1956-2657S.jpg	image	not-fetched	
/storage/products/1957-2658.jpg	image	200	
/storage/products/1957-2658S.jpg	image	not-fetched	
/storage/products/1958-2659.jpg	image	200	
/storage/products/1958-2659S.jpg	image	not-fetched	
/storage/products/1959-2660.jpg	image	200	
/storage/products/1959-2660S.jpg	image	not-fetched	
/storage/products/1960-2661.jpg	image	200	
/storage/products/1960-2661S.jpg	image	not-fetched	
/storage/products/1962-2662.jpg	image	200	
/storage/products/1962-2662S.jpg	image	not-fetched	
/storage/products/1963-2663.jpg	image	200	
/storage/products/1963-2663S.jpg	image	not-fetched	
/storage/products/1964-2664.jpg	image	200	
/storage/products/1964-2664S.jpg	image	not-fetched	
/storage/products/1965-2665.jpg	image	200	
/storage/products/1965-2665S.jpg	image	not-fetched	
/storage/products/1966-2666.jpg	image	200	
/storage/products/1966-2666S.jpg	image	not-fetched	
/storage/products/1967-2667.jpg	image	200	
/storage/products/1967-2667S.jpg	image	not-fetched	
/storage/products/1968-2668.jpg	image	200	
/storage/products/1968-2668S.jpg	image	not-fetched	
/storage/products/197-293.jpg	image	200	
/storage/products/197-293S.jpg	image	not-fetched	
/storage/products/1970-2669.jpg	image	200	
/storage/products/1970-2669S.jpg	image	not-fetched	
/storage/products/1971-2670.jpg	image	200	
/storage/products/1971-2670S.jpg	image	not-fetched	
/storage/products/1972-2671.jpg	image	200	
/storage/products/1972-2671S.jpg	image	not-fetched	
/storage/products/1973-2672.jpg	image	200	
/storage/products/1973-2672S.jpg	image	not-fetched	
/storage/products/1974-2673.jpg	image	200	
/storage/products/1974-2673S.jpg	image	not-fetched	
/storage/products/1975-2674.jpg	image	200	
/storage/products/1975-2674S.jpg	image	not-fetched	
/storage/products/1976-2675.jpg	image	200	
/storage/products/1976-2675S.jpg	image	not-fetched	
/storage/products/1977-2676.jpg	image	200	
/storage/products/1977-2676S.jpg	image	not-fetched	
/storage/products/1978-2677.jpg	image	200	
/storage/products/1978-2677S.jpg	image	not-fetched	
/storage/products/1979-2678.jpg	image	200	
/storage/products/1979-2678S.jpg	image	not-fetched	
/storage/products/198-261.jpg	image	200	
/storage/products/198-261S.jpg	image	not-fetched	
/storage/products/1981-2680.jpg	image	200	
/storage/products/1981-2680S.jpg	image	not-fetched	
/storage/products/1982-2681.jpg	image	200	
/storage/products/1982-2681S.jpg	image	not-fetched	
/storage/products/1983-2682.jpg	image	200	
/storage/products/1983-2682S.jpg	image	not-fetched	
/storage/products/1984-2683.jpg	image	200	
/storage/products/1984-2683S.jpg	image	not-fetched	
/storage/products/1985-2684.jpg	image	200	
/storage/products/1985-2684S.jpg	image	not-fetched	
/storage/products/1986-2685.jpg	image	200	
/storage/products/1986-2685S.jpg	image	not-fetched	
/storage/products/1987-2686.jpg	image	200	
/storage/products/1987-2686S.jpg	image	not-fetched	
/storage/products/1988-2687.jpg	image	200	
/storage/products/1988-2687S.jpg	image	not-fetched	
/storage/products/1989-2688.jpg	image	200	
/storage/products/1989-2688S.jpg	image	not-fetched	
/storage/products/199-291.jpg	image	200	
/storage/products/199-291S.jpg	image	not-fetched	
/storage/products/1990-2689.jpg	image	200	
/storage/products/1990-2689S.jpg	image	not-fetched	
/storage/products/1991-2690.jpg	image	200	
/storage/products/1991-2690S.jpg	image	not-fetched	
/storage/products/1992-2691.jpg	image	200	
/storage/products/1992-2691S.jpg	image	not-fetched	
/storage/products/1993-2692.jpg	image	200	
/storage/products/1993-2692S.jpg	image	not-fetched	
/storage/products/1994-2693.jpg	image	200	
/storage/products/1994-2693S.jpg	image	not-fetched	
/storage/products/1995-2694.jpg	image	200	
/storage/products/1995-2694S.jpg	image	not-fetched	
/storage/products/1996-2698.jpg	image	200	
/storage/products/1996-2698S.jpg	image	not-fetched	
/storage/products/1997-2707.jpg	image	200	
/storage/products/1997-2707S.jpg	image	not-fetched	
/storage/products/1998-2706.jpg	image	200	
/storage/products/1998-2706S.jpg	image	not-fetched	
/storage/products/1999-2705.jpg	image	200	
/storage/products/1999-2705S.jpg	image	not-fetched	
/storage/products/2-5.jpg	image	200	
/storage/products/2-5S.jpg	image	not-fetched	
/storage/products/20-24.jpg	image	200	
/storage/products/20-24S.jpg	image	not-fetched	
/storage/products/200-292.jpg	image	200	
/storage/products/200-292S.jpg	image	not-fetched	
/storage/products/2000-2704.jpg	image	200	
/storage/products/2000-2704S.jpg	image	not-fetched	
/storage/products/2001-2703.jpg	image	200	
/storage/products/2001-2703S.jpg	image	not-fetched	
/storage/products/2003-2708.jpg	image	200	
/storage/products/2003-2708S.jpg	image	not-fetched	
/storage/products/2004-2709.jpg	image	200	
/storage/products/2004-2709S.jpg	image	not-fetched	
/storage/products/2005-2710.jpg	image	200	
/storage/products/2005-2710S.jpg	image	not-fetched	
/storage/products/2006-2711.jpg	image	200	
/storage/products/2006-2711S.jpg	image	not-fetched	
/storage/products/2007-2712.jpg	image	200	
/storage/products/2007-2712S.jpg	image	not-fetched	
/storage/products/2008-2713.jpg	image	200	
/storage/products/2008-2713S.jpg	image	not-fetched	
/storage/products/2009-2714.jpg	image	200	
/storage/products/2009-2714S.jpg	image	not-fetched	
/storage/products/201-264.jpg	image	200	
/storage/products/201-264S.jpg	image	not-fetched	
/storage/products/2010-2715.jpg	image	200	
/storage/products/2010-2715S.jpg	image	not-fetched	
/storage/products/2011-2716.jpg	image	200	
/storage/products/2011-2716S.jpg	image	not-fetched	
/storage/products/2013-2717.jpg	image	200	
/storage/products/2013-2717S.jpg	image	not-fetched	
/storage/products/2014-2718.jpg	image	200	
/storage/products/2014-2718S.jpg	image	not-fetched	
/storage/products/2015-2719.jpg	image	200	
/storage/products/2015-2719S.jpg	image	not-fetched	
/storage/products/2016-2720.jpg	image	200	
/storage/products/2016-2720S.jpg	image	not-fetched	
/storage/products/2017-2721.jpg	image	200	
/storage/products/2017-2721S.jpg	image	not-fetched	
/storage/products/2018-2722.jpg	image	200	
/storage/products/2018-2722S.jpg	image	not-fetched	
/storage/products/2019-2723.jpg	image	200	
/storage/products/2019-2723S.jpg	image	not-fetched	
/storage/products/202-265.jpg	image	200	
/storage/products/202-265S.jpg	image	not-fetched	
/storage/products/2020-2724.jpg	image	200	
/storage/products/2020-2724S.jpg	image	not-fetched	
/storage/products/2021-2725.jpg	image	200	
/storage/products/2021-2725S.jpg	image	not-fetched	
/storage/products/2022-2726.jpg	image	200	
/storage/products/2022-2726S.jpg	image	not-fetched	
/storage/products/2023-2727.jpg	image	200	
/storage/products/2023-2727S.jpg	image	not-fetched	
/storage/products/2024-2728.jpg	image	200	
/storage/products/2024-2728S.jpg	image	not-fetched	
/storage/products/2025-2729.jpg	image	200	
/storage/products/2025-2729S.jpg	image	not-fetched	
/storage/products/2026-2730.jpg	image	200	
/storage/products/2026-2730S.jpg	image	not-fetched	
/storage/products/2027-2731.jpg	image	200	
/storage/products/2027-2731S.jpg	image	not-fetched	
/storage/products/2028-2732.jpg	image	200	
/storage/products/2028-2732S.jpg	image	not-fetched	
/storage/products/2029-2733.jpg	image	200	
/storage/products/2029-2733S.jpg	image	not-fetched	
/storage/products/203-266.jpg	image	200	
/storage/products/203-266S.jpg	image	not-fetched	
/storage/products/2030-2734.jpg	image	200	
/storage/products/2030-2734S.jpg	image	not-fetched	
/storage/products/2031-2735.jpg	image	200	
/storage/products/2031-2735S.jpg	image	not-fetched	
/storage/products/2032-2736.jpg	image	200	
/storage/products/2032-2736S.jpg	image	not-fetched	
/storage/products/2033-2737.jpg	image	200	
/storage/products/2033-2737S.jpg	image	not-fetched	
/storage/products/2034-2738.jpg	image	200	
/storage/products/2034-2738S.jpg	image	not-fetched	
/storage/products/2035-2739.jpg	image	200	
/storage/products/2035-2739S.jpg	image	not-fetched	
/storage/products/2036-2740.jpg	image	200	
/storage/products/2036-2740S.jpg	image	not-fetched	
/storage/products/2037-2741.jpg	image	200	
/storage/products/2037-2741S.jpg	image	not-fetched	
/storage/products/2038-2742.jpg	image	200	
/storage/products/2038-2742S.jpg	image	not-fetched	
/storage/products/2039-2743.jpg	image	200	
/storage/products/2039-2743S.jpg	image	not-fetched	
/storage/products/204-294.jpg	image	200	
/storage/products/204-294S.jpg	image	not-fetched	
/storage/products/2040-2744.jpg	image	200	
/storage/products/2040-2744S.jpg	image	not-fetched	
/storage/products/2041-2745.jpg	image	200	
/storage/products/2041-2745S.jpg	image	not-fetched	
/storage/products/2042-2746.jpg	image	200	
/storage/products/2042-2746S.jpg	image	not-fetched	
/storage/products/2043-2747.jpg	image	200	
/storage/products/2043-2747S.jpg	image	not-fetched	
/storage/products/2044-2748.jpg	image	200	
/storage/products/2044-2748S.jpg	image	not-fetched	
/storage/products/2045-2749.jpg	image	200	
/storage/products/2045-2749S.jpg	image	not-fetched	
/storage/products/2046-2750.jpg	image	200	
/storage/products/2046-2750S.jpg	image	not-fetched	
/storage/products/2047-2751.jpg	image	200	
/storage/products/2047-2751S.jpg	image	not-fetched	
/storage/products/2048-2752.jpg	image	200	
/storage/products/2048-2752S.jpg	image	not-fetched	
/storage/products/2049-2753.jpg	image	200	
/storage/products/2049-2753M.jpg	image	not-fetched	
/storage/products/2049-2753S.jpg	image	not-fetched	
/storage/products/2050-2754.jpg	image	200	
/storage/products/2050-2754S.jpg	image	not-fetched	
/storage/products/206-277.jpg	image	200	
/storage/products/206-277S.jpg	image	not-fetched	
/storage/products/207-295.jpg	image	200	
/storage/products/207-295S.jpg	image	not-fetched	
/storage/products/208-272.jpg	image	200	
/storage/products/208-272S.jpg	image	not-fetched	
/storage/products/209-273.jpg	image	200	
/storage/products/209-273S.jpg	image	not-fetched	
/storage/products/21-25.jpg	image	200	
/storage/products/21-25S.jpg	image	not-fetched	
/storage/products/210-274.jpg	image	200	
/storage/products/210-274S.jpg	image	not-fetched	
/storage/products/211-275.jpg	image	200	
/storage/products/211-275S.jpg	image	not-fetched	
/storage/products/212-276.jpg	image	200	
/storage/products/212-276S.jpg	image	not-fetched	
/storage/products/213-278.jpg	image	200	
/storage/products/213-278S.jpg	image	not-fetched	
/storage/products/214-279.jpg	image	200	
/storage/products/214-279S.jpg	image	not-fetched	
/storage/products/215-280.jpg	image	200	
/storage/products/215-280S.jpg	image	not-fetched	
/storage/products/216-281.jpg	image	200	
/storage/products/216-281S.jpg	image	not-fetched	
/storage/products/217-282.jpg	image	200	
/storage/products/217-282S.jpg	image	not-fetched	
/storage/products/218-283.jpg	image	200	
/storage/products/218-283S.jpg	image	not-fetched	
/storage/products/219-284.jpg	image	200	
/storage/products/219-284S.jpg	image	not-fetched	
/storage/products/22-26.jpg	image	200	
/storage/products/22-26S.jpg	image	not-fetched	
/storage/products/220-285.jpg	image	200	
/storage/products/220-285S.jpg	image	not-fetched	
/storage/products/221-286.jpg	image	200	
/storage/products/221-286S.jpg	image	not-fetched	
/storage/products/222-296.jpg	image	200	
/storage/products/222-296S.jpg	image	not-fetched	
/storage/products/223-288.jpg	image	200	
/storage/products/223-288S.jpg	image	not-fetched	
/storage/products/224-289.jpg	image	200	
/storage/products/224-289S.jpg	image	not-fetched	
/storage/products/225-290.jpg	image	200	
/storage/products/225-290S.jpg	image	not-fetched	
/storage/products/226-297.jpg	image	200	
/storage/products/226-297S.jpg	image	not-fetched	
/storage/products/227-298.jpg	image	200	
/storage/products/227-298S.jpg	image	not-fetched	
/storage/products/228-299.jpg	image	200	
/storage/products/228-299S.jpg	image	not-fetched	
/storage/products/229-300.jpg	image	200	
/storage/products/229-300S.jpg	image	not-fetched	
/storage/products/23-27.jpg	image	200	
/storage/products/23-27S.jpg	image	not-fetched	
/storage/products/230-301.jpg	image	200	
/storage/products/230-301S.jpg	image	not-fetched	
/storage/products/231-302.jpg	image	200	
/storage/products/231-302S.jpg	image	not-fetched	
/storage/products/232-303.jpg	image	200	
/storage/products/232-303S.jpg	image	not-fetched	
/storage/products/233-304.jpg	image	200	
/storage/products/233-304S.jpg	image	not-fetched	
/storage/products/234-305.jpg	image	200	
/storage/products/234-305S.jpg	image	not-fetched	
/storage/products/235-306.jpg	image	200	
/storage/products/235-306S.jpg	image	not-fetched	
/storage/products/236-373.jpg	image	200	
/storage/products/236-373S.jpg	image	not-fetched	
/storage/products/237-308.jpg	image	200	
/storage/products/237-308S.jpg	image	not-fetched	
/storage/products/238-309.jpg	image	200	
/storage/products/238-309S.jpg	image	not-fetched	
/storage/products/239-310.jpg	image	200	
/storage/products/239-310S.jpg	image	not-fetched	
/storage/products/24-28.jpg	image	200	
/storage/products/24-28S.jpg	image	not-fetched	
/storage/products/240-311.jpg	image	200	
/storage/products/240-311S.jpg	image	not-fetched	
/storage/products/242-312.jpg	image	200	
/storage/products/242-312S.jpg	image	not-fetched	
/storage/products/243-313.jpg	image	200	
/storage/products/243-313S.jpg	image	not-fetched	
/storage/products/244-314.jpg	image	200	
/storage/products/244-314S.jpg	image	not-fetched	
/storage/products/245-315.jpg	image	200	
/storage/products/245-315S.jpg	image	not-fetched	
/storage/products/246-316.jpg	image	200	
/storage/products/246-316S.jpg	image	not-fetched	
/storage/products/247-317.jpg	image	200	
/storage/products/247-317S.jpg	image	not-fetched	
/storage/products/248-318.jpg	image	200	
/storage/products/248-318S.jpg	image	not-fetched	
/storage/products/249-319.jpg	image	200	
/storage/products/249-319S.jpg	image	not-fetched	
/storage/products/25-30.jpg	image	200	
/storage/products/25-30S.jpg	image	not-fetched	
/storage/products/250-320.jpg	image	200	
/storage/products/250-320S.jpg	image	not-fetched	
/storage/products/251-321.jpg	image	200	
/storage/products/251-321S.jpg	image	not-fetched	
/storage/products/252-322.jpg	image	200	
/storage/products/252-322S.jpg	image	not-fetched	
/storage/products/253-323.jpg	image	200	
/storage/products/253-323S.jpg	image	not-fetched	
/storage/products/254-324.jpg	image	200	
/storage/products/254-324S.jpg	image	not-fetched	
/storage/products/255-325.jpg	image	200	
/storage/products/255-325S.jpg	image	not-fetched	
/storage/products/256-326.jpg	image	200	
/storage/products/256-326S.jpg	image	not-fetched	
/storage/products/257-327.jpg	image	200	
/storage/products/257-327S.jpg	image	not-fetched	
/storage/products/258-328.jpg	image	200	
/storage/products/258-328S.jpg	image	not-fetched	
/storage/products/259-329.jpg	image	200	
/storage/products/259-329S.jpg	image	not-fetched	
/storage/products/26-31.jpg	image	200	
/storage/products/26-31S.jpg	image	not-fetched	
/storage/products/260-330.jpg	image	200	
/storage/products/260-330S.jpg	image	not-fetched	
/storage/products/261-331.jpg	image	200	
/storage/products/261-331S.jpg	image	not-fetched	
/storage/products/262-332.jpg	image	200	
/storage/products/262-332S.jpg	image	not-fetched	
/storage/products/263-333.jpg	image	200	
/storage/products/263-333S.jpg	image	not-fetched	
/storage/products/264-334.jpg	image	200	
/storage/products/264-334S.jpg	image	not-fetched	
/storage/products/265-335.jpg	image	200	
/storage/products/265-335S.jpg	image	not-fetched	
/storage/products/266-336.jpg	image	200	
/storage/products/266-336S.jpg	image	not-fetched	
/storage/products/267-337.jpg	image	200	
/storage/products/267-337S.jpg	image	not-fetched	
/storage/products/268-338.jpg	image	200	
/storage/products/268-338S.jpg	image	not-fetched	
/storage/products/269-339.jpg	image	200	
/storage/products/269-339S.jpg	image	not-fetched	
/storage/products/27-33.jpg	image	200	
/storage/products/27-33S.jpg	image	not-fetched	
/storage/products/270-340.jpg	image	200	
/storage/products/270-340S.jpg	image	not-fetched	
/storage/products/271-341.jpg	image	200	
/storage/products/271-341S.jpg	image	not-fetched	
/storage/products/272-342.jpg	image	200	
/storage/products/272-342S.jpg	image	not-fetched	
/storage/products/273-343.jpg	image	200	
/storage/products/273-343S.jpg	image	not-fetched	
/storage/products/274-344.jpg	image	200	
/storage/products/274-344S.jpg	image	not-fetched	
/storage/products/275-345.jpg	image	200	
/storage/products/275-345S.jpg	image	not-fetched	
/storage/products/276-346.jpg	image	200	
/storage/products/276-346S.jpg	image	not-fetched	
/storage/products/277-347.jpg	image	200	
/storage/products/277-347S.jpg	image	not-fetched	
/storage/products/278-348.jpg	image	200	
/storage/products/278-348S.jpg	image	not-fetched	
/storage/products/279-375.jpg	image	200	
/storage/products/279-375S.jpg	image	not-fetched	
/storage/products/28-35.jpg	image	200	
/storage/products/28-35S.jpg	image	not-fetched	
/storage/products/280-350.jpg	image	200	
/storage/products/280-350S.jpg	image	not-fetched	
/storage/products/282-351.jpg	image	200	
/storage/products/282-351S.jpg	image	not-fetched	
/storage/products/284-353.jpg	image	200	
/storage/products/284-353S.jpg	image	not-fetched	
/storage/products/285-354.jpg	image	200	
/storage/products/285-354S.jpg	image	not-fetched	
/storage/products/286-372.jpg	image	200	
/storage/products/286-372S.jpg	image	not-fetched	
/storage/products/287-371.jpg	image	200	
/storage/products/287-371S.jpg	image	not-fetched	
/storage/products/288-370.jpg	image	200	
/storage/products/288-370S.jpg	image	not-fetched	
/storage/products/289-359.jpg	image	200	
/storage/products/289-359S.jpg	image	not-fetched	
/storage/products/293-360.jpg	image	200	
/storage/products/293-360S.jpg	image	not-fetched	
/storage/products/294-362.jpg	image	200	
/storage/products/294-362S.jpg	image	not-fetched	
/storage/products/295-363.jpg	image	200	
/storage/products/295-363S.jpg	image	not-fetched	
/storage/products/296-364.jpg	image	200	
/storage/products/296-364S.jpg	image	not-fetched	
/storage/products/297-367.jpg	image	200	
/storage/products/297-367S.jpg	image	not-fetched	
/storage/products/298-368.jpg	image	200	
/storage/products/298-368S.jpg	image	not-fetched	
/storage/products/299-369.jpg	image	200	
/storage/products/299-369S.jpg	image	not-fetched	
/storage/products/3-150.jpg	image	200	
/storage/products/3-150S.jpg	image	not-fetched	
/storage/products/300-376.jpg	image	200	
/storage/products/300-376S.jpg	image	not-fetched	
/storage/products/301-377.jpg	image	200	
/storage/products/301-377S.jpg	image	not-fetched	
/storage/products/302-378.jpg	image	200	
/storage/products/302-378S.jpg	image	not-fetched	
/storage/products/303-379.jpg	image	200	
/storage/products/303-379S.jpg	image	not-fetched	
/storage/products/304-380.jpg	image	200	
/storage/products/304-380S.jpg	image	not-fetched	
/storage/products/305-382.jpg	image	200	
/storage/products/305-382S.jpg	image	not-fetched	
/storage/products/306-383.jpg	image	200	
/storage/products/306-383S.jpg	image	not-fetched	
/storage/products/307-384.jpg	image	200	
/storage/products/307-384S.jpg	image	not-fetched	
/storage/products/308-385.jpg	image	200	
/storage/products/308-385S.jpg	image	not-fetched	
/storage/products/309-386.jpg	image	200	
/storage/products/309-386S.jpg	image	not-fetched	
/storage/products/31-37.jpg	image	200	
/storage/products/31-37S.jpg	image	not-fetched	
/storage/products/310-387.jpg	image	200	
/storage/products/310-387S.jpg	image	not-fetched	
/storage/products/311-405.jpg	image	200	
/storage/products/311-405S.jpg	image	not-fetched	
/storage/products/312-388.jpg	image	200	
/storage/products/312-388S.jpg	image	not-fetched	
/storage/products/313-389.jpg	image	200	
/storage/products/313-389S.jpg	image	not-fetched	
/storage/products/314-390.jpg	image	200	
/storage/products/314-390S.jpg	image	not-fetched	
/storage/products/315-391.jpg	image	200	
/storage/products/315-391S.jpg	image	not-fetched	
/storage/products/316-392.jpg	image	200	
/storage/products/316-392S.jpg	image	not-fetched	
/storage/products/317-393.jpg	image	200	
/storage/products/317-393S.jpg	image	not-fetched	
/storage/products/318-394.jpg	image	200	
/storage/products/318-394S.jpg	image	not-fetched	
/storage/products/319-395.jpg	image	200	
/storage/products/319-395S.jpg	image	not-fetched	
/storage/products/32-91.jpg	image	200	
/storage/products/32-91S.jpg	image	not-fetched	
/storage/products/320-396.jpg	image	200	
/storage/products/320-396S.jpg	image	not-fetched	
/storage/products/321-397.jpg	image	200	
/storage/products/321-397S.jpg	image	not-fetched	
/storage/products/322-398.jpg	image	200	
/storage/products/322-398S.jpg	image	not-fetched	
/storage/products/323-399.jpg	image	200	
/storage/products/323-399S.jpg	image	not-fetched	
/storage/products/324-400.jpg	image	200	
/storage/products/324-400S.jpg	image	not-fetched	
/storage/products/325-401.jpg	image	200	
/storage/products/325-401S.jpg	image	not-fetched	
/storage/products/326-402.jpg	image	200	
/storage/products/326-402S.jpg	image	not-fetched	
/storage/products/327-403.jpg	image	200	
/storage/products/327-403S.jpg	image	not-fetched	
/storage/products/328-404.jpg	image	200	
/storage/products/328-404S.jpg	image	not-fetched	
/storage/products/329-406.jpg	image	200	
/storage/products/329-406S.jpg	image	not-fetched	
/storage/products/330-407.jpg	image	200	
/storage/products/330-407S.jpg	image	not-fetched	
/storage/products/330-408.jpg	image	200	
/storage/products/330-409.jpg	image	200	
/storage/products/331-412.jpg	image	200	
/storage/products/331-412S.jpg	image	not-fetched	
/storage/products/34-39.jpg	image	200	
/storage/products/34-39S.jpg	image	not-fetched	
/storage/products/349-432.jpg	image	200	
/storage/products/349-432S.jpg	image	not-fetched	
/storage/products/350-433.jpg	image	200	
/storage/products/350-433S.jpg	image	not-fetched	
/storage/products/352-435.jpg	image	200	
/storage/products/352-435S.jpg	image	not-fetched	
/storage/products/353-436.jpg	image	200	
/storage/products/353-436S.jpg	image	not-fetched	
/storage/products/353-437.jpg	image	200	
/storage/products/354-455.jpg	image	200	
/storage/products/354-455S.jpg	image	not-fetched	
/storage/products/354-457.jpg	image	200	
/storage/products/354-458.jpg	image	200	
/storage/products/355-452.jpg	image	200	
/storage/products/355-452S.jpg	image	not-fetched	
/storage/products/355-453.jpg	image	200	
/storage/products/355-454.jpg	image	200	
/storage/products/356-451.jpg	image	200	
/storage/products/356-451S.jpg	image	not-fetched	
/storage/products/358-450.jpg	image	200	
/storage/products/358-450S.jpg	image	not-fetched	
/storage/products/359-459.jpg	image	200	
/storage/products/359-459S.jpg	image	not-fetched	
/storage/products/36-83.jpg	image	200	
/storage/products/36-83S.jpg	image	not-fetched	
/storage/products/360-496.jpg	image	200	
/storage/products/360-496S.jpg	image	not-fetched	
/storage/products/361-461.jpg	image	200	
/storage/products/361-461S.jpg	image	not-fetched	
/storage/products/362-462.jpg	image	200	
/storage/products/362-462S.jpg	image	not-fetched	
/storage/products/363-463.jpg	image	200	
/storage/products/363-463S.jpg	image	not-fetched	
/storage/products/364-464.jpg	image	200	
/storage/products/364-464S.jpg	image	not-fetched	
/storage/products/366-467.jpg	image	200	
/storage/products/366-467S.jpg	image	not-fetched	
/storage/products/367-483.jpg	image	200	
/storage/products/367-483S.jpg	image	not-fetched	
/storage/products/368-469.jpg	image	200	
/storage/products/368-469S.jpg	image	not-fetched	
/storage/products/369-470.jpg	image	200	
/storage/products/369-470S.jpg	image	not-fetched	
/storage/products/369-471.jpg	image	200	
/storage/products/37-145.jpg	image	200	
/storage/products/37-145S.jpg	image	not-fetched	
/storage/products/371-473.jpg	image	200	
/storage/products/371-473S.jpg	image	not-fetched	
/storage/products/371-474.jpg	image	200	
/storage/products/372-475.jpg	image	200	
/storage/products/372-475S.jpg	image	not-fetched	
/storage/products/372-476.jpg	image	200	
/storage/products/373-477.jpg	image	200	
/storage/products/373-477S.jpg	image	not-fetched	
/storage/products/373-478.jpg	image	200	
/storage/products/373-480.jpg	image	200	
/storage/products/374-481.jpg	image	200	
/storage/products/374-481S.jpg	image	not-fetched	
/storage/products/374-494.jpg	image	200	
/storage/products/374-495.jpg	image	200	
/storage/products/375-482.jpg	image	200	
/storage/products/375-482S.jpg	image	not-fetched	
/storage/products/376-487.jpg	image	200	
/storage/products/376-487S.jpg	image	not-fetched	
/storage/products/376-488.jpg	image	200	
/storage/products/376-489.jpg	image	200	
/storage/products/376-490.jpg	image	200	
/storage/products/377-491.jpg	image	200	
/storage/products/377-491S.jpg	image	not-fetched	
/storage/products/379-493.jpg	image	200	
/storage/products/379-493S.jpg	image	not-fetched	
/storage/products/38-146.jpg	image	200	
/storage/products/38-146S.jpg	image	not-fetched	
/storage/products/380-497.jpg	image	200	
/storage/products/380-497S.jpg	image	not-fetched	
/storage/products/382-498.jpg	image	200	
/storage/products/382-498S.jpg	image	not-fetched	
/storage/products/383-499.jpg	image	200	
/storage/products/383-499S.jpg	image	not-fetched	
/storage/products/383-500.jpg	image	200	
/storage/products/383-501.jpg	image	200	
/storage/products/383-502.jpg	image	200	
/storage/products/384-504.jpg	image	200	
/storage/products/384-505.jpg	image	200	
/storage/products/384-505S.jpg	image	not-fetched	
/storage/products/384-506.jpg	image	200	
/storage/products/384-507.jpg	image	200	
/storage/products/384-508.jpg	image	200	
/storage/products/385-985.jpg	image	200	
/storage/products/385-985S.jpg	image	not-fetched	
/storage/products/386-510.jpg	image	200	
/storage/products/386-510S.jpg	image	not-fetched	
/storage/products/386-511.jpg	image	200	
/storage/products/386-512.jpg	image	200	
/storage/products/387-513.jpg	image	200	
/storage/products/387-513S.jpg	image	not-fetched	
/storage/products/388-514.jpg	image	200	
/storage/products/388-514S.jpg	image	not-fetched	
/storage/products/389-515.jpg	image	200	
/storage/products/389-515S.jpg	image	not-fetched	
/storage/products/39-44.jpg	image	200	
/storage/products/39-44S.jpg	image	not-fetched	
/storage/products/390-516.jpg	image	200	
/storage/products/390-516S.jpg	image	not-fetched	
/storage/products/391-517.jpg	image	200	
/storage/products/391-517S.jpg	image	not-fetched	
/storage/products/392-518.jpg	image	200	
/storage/products/392-518S.jpg	image	not-fetched	
/storage/products/393-519.jpg	image	200	
/storage/products/393-519S.jpg	image	not-fetched	
/storage/products/394-520.jpg	image	200	
/storage/products/394-520S.jpg	image	not-fetched	
/storage/products/395-521.jpg	image	200	
/storage/products/395-521S.jpg	image	not-fetched	
/storage/products/396-522.jpg	image	200	
/storage/products/396-522S.jpg	image	not-fetched	
/storage/products/397-524.jpg	image	200	
/storage/products/397-524S.jpg	image	not-fetched	
/storage/products/398-525.jpg	image	200	
/storage/products/398-525S.jpg	image	not-fetched	
/storage/products/399-526.jpg	image	200	
/storage/products/399-526S.jpg	image	not-fetched	
/storage/products/40-147.jpg	image	200	
/storage/products/40-147S.jpg	image	not-fetched	
/storage/products/400-527.jpg	image	200	
/storage/products/400-527S.jpg	image	not-fetched	
/storage/products/401-528.jpg	image	200	
/storage/products/401-528S.jpg	image	not-fetched	
/storage/products/401-529.jpg	image	200	
/storage/products/401-530.jpg	image	200	
/storage/products/402-531.jpg	image	200	
/storage/products/402-531S.jpg	image	not-fetched	
/storage/products/403-532.jpg	image	200	
/storage/products/403-532S.jpg	image	not-fetched	
/storage/products/404-533.jpg	image	200	
/storage/products/404-533S.jpg	image	not-fetched	
/storage/products/405-534.jpg	image	200	
/storage/products/405-534S.jpg	image	not-fetched	
/storage/products/406-535.jpg	image	200	
/storage/products/406-535S.jpg	image	not-fetched	
/storage/products/407-536.jpg	image	200	
/storage/products/407-536S.jpg	image	not-fetched	
/storage/products/408-537.jpg	image	200	
/storage/products/408-537S.jpg	image	not-fetched	
/storage/products/409-541.jpg	image	200	
/storage/products/409-541S.jpg	image	not-fetched	
/storage/products/41-202.jpg	image	200	
/storage/products/41-202S.jpg	image	not-fetched	
/storage/products/410-539.jpg	image	200	
/storage/products/410-539S.jpg	image	not-fetched	
/storage/products/411-540.jpg	image	200	
/storage/products/411-540S.jpg	image	not-fetched	
/storage/products/412-542.jpg	image	200	
/storage/products/412-542S.jpg	image	not-fetched	
/storage/products/413-543.jpg	image	200	
/storage/products/413-543S.jpg	image	not-fetched	
/storage/products/414-544.jpg	image	200	
/storage/products/414-544S.jpg	image	not-fetched	
/storage/products/417-554.jpg	image	200	
/storage/products/417-554S.jpg	image	not-fetched	
/storage/products/417-555.jpg	image	200	
/storage/products/417-556.jpg	image	200	
/storage/products/417-557.jpg	image	200	
/storage/products/417-558.jpg	image	200	
/storage/products/417-559.jpg	image	200	
/storage/products/422-564.jpg	image	200	
/storage/products/422-564S.jpg	image	not-fetched	
/storage/products/422-565.jpg	image	200	
/storage/products/424-567.jpg	image	200	
/storage/products/424-567S.jpg	image	not-fetched	
/storage/products/424-568.jpg	image	200	
/storage/products/425-569.jpg	image	200	
/storage/products/425-569S.jpg	image	not-fetched	
/storage/products/425-570.jpg	image	200	
/storage/products/425-571.jpg	image	200	
/storage/products/425-572.jpg	image	200	
/storage/products/425-573.jpg	image	200	
/storage/products/426-574.jpg	image	200	
/storage/products/426-574S.jpg	image	not-fetched	
/storage/products/427-575.jpg	image	200	
/storage/products/427-575S.jpg	image	not-fetched	
/storage/products/428-576.jpg	image	200	
/storage/products/428-576S.jpg	image	not-fetched	
/storage/products/429-577.jpg	image	200	
/storage/products/429-577S.jpg	image	not-fetched	
/storage/products/43-199.jpg	image	200	
/storage/products/43-199S.jpg	image	not-fetched	
/storage/products/430-578.jpg	image	200	
/storage/products/430-578S.jpg	image	not-fetched	
/storage/products/433-599.jpg	image	200	
/storage/products/433-599S.jpg	image	not-fetched	
/storage/products/434-579.jpg	image	200	
/storage/products/434-579S.jpg	image	not-fetched	
/storage/products/435-580.jpg	image	200	
/storage/products/435-580S.jpg	image	not-fetched	
/storage/products/436-581.jpg	image	200	
/storage/products/436-581S.jpg	image	not-fetched	
/storage/products/437-582.jpg	image	200	
/storage/products/437-582S.jpg	image	not-fetched	
/storage/products/438-583.jpg	image	200	
/storage/products/438-583S.jpg	image	not-fetched	
/storage/products/439-584.jpg	image	200	
/storage/products/439-584S.jpg	image	not-fetched	
/storage/products/44-203.jpg	image	200	
/storage/products/44-203S.jpg	image	not-fetched	
/storage/products/440-585.jpg	image	200	
/storage/products/440-585S.jpg	image	not-fetched	
/storage/products/441-586.jpg	image	200	
/storage/products/441-586S.jpg	image	not-fetched	
/storage/products/442-587.jpg	image	200	
/storage/products/442-587S.jpg	image	not-fetched	
/storage/products/443-588.jpg	image	200	
/storage/products/443-588S.jpg	image	not-fetched	
/storage/products/444-589.jpg	image	200	
/storage/products/444-589S.jpg	image	not-fetched	
/storage/products/445-590.jpg	image	200	
/storage/products/445-590S.jpg	image	not-fetched	
/storage/products/446-591.jpg	image	200	
/storage/products/446-591S.jpg	image	not-fetched	
/storage/products/447-592.jpg	image	200	
/storage/products/447-592S.jpg	image	not-fetched	
/storage/products/448-593.jpg	image	200	
/storage/products/448-593S.jpg	image	not-fetched	
/storage/products/449-594.jpg	image	200	
/storage/products/449-594S.jpg	image	not-fetched	
/storage/products/45-185.jpg	image	200	
/storage/products/45-185S.jpg	image	not-fetched	
/storage/products/450-595.jpg	image	200	
/storage/products/450-595S.jpg	image	not-fetched	
/storage/products/451-596.jpg	image	200	
/storage/products/451-596S.jpg	image	not-fetched	
/storage/products/452-597.jpg	image	200	
/storage/products/452-597S.jpg	image	not-fetched	
/storage/products/453-598.jpg	image	200	
/storage/products/453-598S.jpg	image	not-fetched	
/storage/products/46-216.jpg	image	200	
/storage/products/46-216S.jpg	image	not-fetched	
/storage/products/467-613.jpg	image	200	
/storage/products/467-613S.jpg	image	not-fetched	
/storage/products/468-614.jpg	image	200	
/storage/products/468-614S.jpg	image	not-fetched	
/storage/products/469-615.jpg	image	200	
/storage/products/469-615S.jpg	image	not-fetched	
/storage/products/47-205.jpg	image	200	
/storage/products/47-205S.jpg	image	not-fetched	
/storage/products/471-617.jpg	image	200	
/storage/products/471-617S.jpg	image	not-fetched	
/storage/products/472-618.jpg	image	200	
/storage/products/472-618S.jpg	image	not-fetched	
/storage/products/473-619.jpg	image	200	
/storage/products/473-619S.jpg	image	not-fetched	
/storage/products/474-620.jpg	image	200	
/storage/products/474-620S.jpg	image	not-fetched	
/storage/products/475-621.jpg	image	200	
/storage/products/475-621S.jpg	image	not-fetched	
/storage/products/477-622.jpg	image	200	
/storage/products/477-622S.jpg	image	not-fetched	
/storage/products/48-208.jpg	image	200	
/storage/products/48-208S.jpg	image	not-fetched	
/storage/products/480-623.jpg	image	200	
/storage/products/480-623S.jpg	image	not-fetched	
/storage/products/481-624.jpg	image	200	
/storage/products/481-624S.jpg	image	not-fetched	
/storage/products/482-625.jpg	image	200	
/storage/products/482-625S.jpg	image	not-fetched	
/storage/products/483-626.jpg	image	200	
/storage/products/483-626S.jpg	image	not-fetched	
/storage/products/484-627.jpg	image	200	
/storage/products/484-627S.jpg	image	not-fetched	
/storage/products/485-628.jpg	image	200	
/storage/products/485-628S.jpg	image	not-fetched	
/storage/products/486-629.jpg	image	200	
/storage/products/486-629S.jpg	image	not-fetched	
/storage/products/489-630.jpg	image	200	
/storage/products/489-630S.jpg	image	not-fetched	
/storage/products/489-631.jpg	image	200	
/storage/products/489-632.jpg	image	200	
/storage/products/489-633.jpg	image	200	
/storage/products/49-200.jpg	image	200	
/storage/products/49-200S.jpg	image	not-fetched	
/storage/products/490-634.jpg	image	200	
/storage/products/490-634S.jpg	image	not-fetched	
/storage/products/490-635.jpg	image	200	
/storage/products/490-636.jpg	image	200	
/storage/products/490-637.jpg	image	200	
/storage/products/491-638.jpg	image	200	
/storage/products/491-638S.jpg	image	not-fetched	
/storage/products/492-639.jpg	image	200	
/storage/products/492-639S.jpg	image	not-fetched	
/storage/products/493-640.jpg	image	200	
/storage/products/493-640S.jpg	image	not-fetched	
/storage/products/494-1388.jpg	image	200	
/storage/products/494-1388S.jpg	image	not-fetched	
/storage/products/495-642.jpg	image	200	
/storage/products/495-642S.jpg	image	not-fetched	
/storage/products/497-646.jpg	image	200	
/storage/products/497-646S.jpg	image	not-fetched	
/storage/products/497-647.jpg	image	200	
/storage/products/497-648.jpg	image	200	
/storage/products/498-983.jpg	image	200	
/storage/products/498-983S.jpg	image	not-fetched	
/storage/products/499-650.jpg	image	200	
/storage/products/499-650S.jpg	image	not-fetched	
/storage/products/50-204.jpg	image	200	
/storage/products/50-204S.jpg	image	not-fetched	
/storage/products/501-651.jpg	image	200	
/storage/products/501-651S.jpg	image	not-fetched	
/storage/products/503-656.jpg	image	200	
/storage/products/503-656S.jpg	image	not-fetched	
/storage/products/503-657.jpg	image	200	
/storage/products/503-658.jpg	image	200	
/storage/products/505-659.jpg	image	200	
/storage/products/505-659S.jpg	image	not-fetched	
/storage/products/505-660.jpg	image	200	
/storage/products/505-661.jpg	image	200	
/storage/products/505-662.jpg	image	200	
/storage/products/505-663.jpg	image	200	
/storage/products/505-664.jpg	image	200	
/storage/products/505-665.jpg	image	200	
/storage/products/506-733.jpg	image	200	
/storage/products/506-733S.jpg	image	not-fetched	
/storage/products/507-982.jpg	image	200	
/storage/products/507-982S.jpg	image	not-fetched	
/storage/products/508-668.jpg	image	200	
/storage/products/508-668S.jpg	image	not-fetched	
/storage/products/508-669.jpg	image	200	
/storage/products/508-670.jpg	image	200	
/storage/products/51-201.jpg	image	200	
/storage/products/51-201S.jpg	image	not-fetched	
/storage/products/510-671.jpg	image	200	
/storage/products/510-671S.jpg	image	not-fetched	
/storage/products/511-1262.jpg	image	200	
/storage/products/511-1262S.jpg	image	not-fetched	
/storage/products/512-675.jpg	image	200	
/storage/products/512-676.jpg	image	200	
/storage/products/512-677.jpg	image	200	
/storage/products/512-678.jpg	image	200	
/storage/products/512-679.jpg	image	200	
/storage/products/512-680.jpg	image	200	
/storage/products/512-680S.jpg	image	not-fetched	
/storage/products/514-681.jpg	image	200	
/storage/products/514-681S.jpg	image	not-fetched	
/storage/products/516-682.jpg	image	200	
/storage/products/516-682S.jpg	image	not-fetched	
/storage/products/516-705.jpg	image	200	
/storage/products/516-706.jpg	image	200	
/storage/products/516-707.jpg	image	200	
/storage/products/517-683.jpg	image	200	
/storage/products/517-683S.jpg	image	not-fetched	
/storage/products/517-684.jpg	image	200	
/storage/products/518-685.jpg	image	200	
/storage/products/518-685S.jpg	image	not-fetched	
/storage/products/519-686.jpg	image	200	
/storage/products/519-686S.jpg	image	not-fetched	
/storage/products/519-687.jpg	image	200	
/storage/products/519-688.jpg	image	200	
/storage/products/52-206.jpg	image	200	
/storage/products/52-206S.jpg	image	not-fetched	
/storage/products/521-689.jpg	image	200	
/storage/products/521-689S.jpg	image	not-fetched	
/storage/products/521-690.jpg	image	200	
/storage/products/521-691.jpg	image	200	
/storage/products/522-692.jpg	image	200	
/storage/products/522-692S.jpg	image	not-fetched	
/storage/products/523-693.jpg	image	200	
/storage/products/523-694.jpg	image	200	
/storage/products/523-695.jpg	image	200	
/storage/products/523-696.jpg	image	200	
/storage/products/523-697.jpg	image	200	
/storage/products/523-698.jpg	image	200	
/storage/products/523-699.jpg	image	200	
/storage/products/523-699S.jpg	image	not-fetched	
/storage/products/524-700.jpg	image	200	
/storage/products/524-700S.jpg	image	not-fetched	
/storage/products/525-701.jpg	image	200	
/storage/products/525-701S.jpg	image	not-fetched	
/storage/products/527-702.jpg	image	200	
/storage/products/527-702S.jpg	image	not-fetched	
/storage/products/528-703.jpg	image	200	
/storage/products/528-703S.jpg	image	not-fetched	
/storage/products/529-704.jpg	image	200	
/storage/products/529-704S.jpg	image	not-fetched	
/storage/products/53-219.jpg	image	200	
/storage/products/53-219S.jpg	image	not-fetched	
/storage/products/531-708.jpg	image	200	
/storage/products/531-708S.jpg	image	not-fetched	
/storage/products/531-709.jpg	image	200	
/storage/products/531-710.jpg	image	200	
/storage/products/532-711.jpg	image	200	
/storage/products/532-711S.jpg	image	not-fetched	
/storage/products/533-712.jpg	image	200	
/storage/products/533-712S.jpg	image	not-fetched	
/storage/products/534-713.jpg	image	200	
/storage/products/534-713S.jpg	image	not-fetched	
/storage/products/536-1309.jpg	image	200	
/storage/products/536-1309S.jpg	image	not-fetched	
/storage/products/537-715.jpg	image	200	
/storage/products/537-715S.jpg	image	not-fetched	
/storage/products/538-716.jpg	image	200	
/storage/products/538-716S.jpg	image	not-fetched	
/storage/products/538-717.jpg	image	200	
/storage/products/538-718.jpg	image	200	
/storage/products/538-719.jpg	image	200	
/storage/products/539-720.jpg	image	200	
/storage/products/539-720S.jpg	image	not-fetched	
/storage/products/540-721.jpg	image	200	
/storage/products/540-721S.jpg	image	not-fetched	
/storage/products/541-1334.jpg	image	200	
/storage/products/541-1334S.jpg	image	not-fetched	
/storage/products/542-723.jpg	image	200	
/storage/products/542-723S.jpg	image	not-fetched	
/storage/products/543-724.jpg	image	200	
/storage/products/543-724S.jpg	image	not-fetched	
/storage/products/544-725.jpg	image	200	
/storage/products/544-725S.jpg	image	not-fetched	
/storage/products/545-726.jpg	image	200	
/storage/products/545-726S.jpg	image	not-fetched	
/storage/products/546-727.jpg	image	200	
/storage/products/546-727S.jpg	image	not-fetched	
/storage/products/546-728.jpg	image	200	
/storage/products/546-729.jpg	image	200	
/storage/products/550-734.jpg	image	200	
/storage/products/550-734S.jpg	image	not-fetched	
/storage/products/551-735.jpg	image	200	
/storage/products/551-735S.jpg	image	not-fetched	
/storage/products/552-736.jpg	image	200	
/storage/products/552-736S.jpg	image	not-fetched	
/storage/products/553-739.jpg	image	200	
/storage/products/553-739S.jpg	image	not-fetched	
/storage/products/556-740.jpg	image	200	
/storage/products/556-740S.jpg	image	not-fetched	
/storage/products/556-741.jpg	image	200	
/storage/products/557-742.jpg	image	200	
/storage/products/557-742S.jpg	image	not-fetched	
/storage/products/557-743.jpg	image	200	
/storage/products/558-744.jpg	image	200	
/storage/products/558-744S.jpg	image	not-fetched	
/storage/products/558-745.jpg	image	200	
/storage/products/559-746.jpg	image	200	
/storage/products/559-746S.jpg	image	not-fetched	
/storage/products/56-215.jpg	image	200	
/storage/products/56-215S.jpg	image	not-fetched	
/storage/products/560-747.jpg	image	200	
/storage/products/560-747S.jpg	image	not-fetched	
/storage/products/561-748.jpg	image	200	
/storage/products/561-748S.jpg	image	not-fetched	
/storage/products/562-749.jpg	image	200	
/storage/products/562-757.jpg	image	200	
/storage/products/562-757S.jpg	image	not-fetched	
/storage/products/562-758.jpg	image	200	
/storage/products/563-753.jpg	image	200	
/storage/products/563-754.jpg	image	200	
/storage/products/563-755.jpg	image	200	
/storage/products/563-755S.jpg	image	not-fetched	
/storage/products/563-756.jpg	image	200	
/storage/products/564-759.jpg	image	200	
/storage/products/564-760.jpg	image	200	
/storage/products/564-761.jpg	image	200	
/storage/products/564-762.jpg	image	200	
/storage/products/564-763.jpg	image	200	
/storage/products/564-764.jpg	image	200	
/storage/products/564-764S.jpg	image	not-fetched	
/storage/products/565-765.jpg	image	200	
/storage/products/565-765S.jpg	image	not-fetched	
/storage/products/565-766.jpg	image	200	
/storage/products/565-767.jpg	image	200	
/storage/products/566-769.jpg	image	200	
/storage/products/566-770.jpg	image	200	
/storage/products/566-771.jpg	image	200	
/storage/products/566-772.jpg	image	200	
/storage/products/566-774.jpg	image	200	
/storage/products/566-774S.jpg	image	not-fetched	
/storage/products/567-775.jpg	image	200	
/storage/products/567-775S.jpg	image	not-fetched	
/storage/products/567-776.jpg	image	200	
/storage/products/567-777.jpg	image	200	
/storage/products/567-778.jpg	image	200	
/storage/products/567-779.jpg	image	200	
/storage/products/567-780.jpg	image	200	
/storage/products/567-781.jpg	image	200	
/storage/products/567-782.jpg	image	200	
/storage/products/569-783.jpg	image	200	
/storage/products/569-783S.jpg	image	not-fetched	
/storage/products/569-784.jpg	image	200	
/storage/products/569-785.jpg	image	200	
/storage/products/569-786.jpg	image	200	
/storage/products/569-787.jpg	image	200	
/storage/products/57-218.jpg	image	200	
/storage/products/57-218S.jpg	image	not-fetched	
/storage/products/570-788.jpg	image	200	
/storage/products/570-788S.jpg	image	not-fetched	
/storage/products/570-789.jpg	image	200	
/storage/products/572-791.jpg	image	200	
/storage/products/572-792.jpg	image	200	
/storage/products/572-792S.jpg	image	not-fetched	
/storage/products/574-793.jpg	image	200	
/storage/products/574-794.jpg	image	200	
/storage/products/574-928.jpg	image	200	
/storage/products/574-928S.jpg	image	not-fetched	
/storage/products/575-795.jpg	image	200	
/storage/products/575-796.jpg	image	200	
/storage/products/575-796S.jpg	image	not-fetched	
/storage/products/576-805.jpg	image	200	
/storage/products/576-806.jpg	image	200	
/storage/products/576-807.jpg	image	200	
/storage/products/576-807S.jpg	image	not-fetched	
/storage/products/577-798.jpg	image	200	
/storage/products/577-799.jpg	image	200	
/storage/products/577-799S.jpg	image	not-fetched	
/storage/products/578-800.jpg	image	200	
/storage/products/578-800S.jpg	image	not-fetched	
/storage/products/579-801.jpg	image	200	
/storage/products/579-802.jpg	image	200	
/storage/products/579-802S.jpg	image	not-fetched	
/storage/products/58-210.jpg	image	200	
/storage/products/58-210S.jpg	image	not-fetched	
/storage/products/580-803.jpg	image	200	
/storage/products/580-804.jpg	image	200	
/storage/products/580-804S.jpg	image	not-fetched	
/storage/products/583-808.jpg	image	200	
/storage/products/583-809.jpg	image	200	
/storage/products/583-809S.jpg	image	not-fetched	
/storage/products/584-810.jpg	image	200	
/storage/products/584-811.jpg	image	200	
/storage/products/584-811S.jpg	image	not-fetched	
/storage/products/585-812.jpg	image	200	
/storage/products/585-927.jpg	image	200	
/storage/products/585-927S.jpg	image	not-fetched	
/storage/products/586-813.jpg	image	200	
/storage/products/586-814.jpg	image	200	
/storage/products/586-814S.jpg	image	not-fetched	
/storage/products/587-815.jpg	image	200	
/storage/products/587-926.jpg	image	200	
/storage/products/587-926S.jpg	image	not-fetched	
/storage/products/588-816.jpg	image	200	
/storage/products/588-925.jpg	image	200	
/storage/products/588-925S.jpg	image	not-fetched	
/storage/products/589-817.jpg	image	200	
/storage/products/589-924.jpg	image	200	
/storage/products/589-924S.jpg	image	not-fetched	
/storage/products/59-209.jpg	image	200	
/storage/products/59-209S.jpg	image	not-fetched	
/storage/products/590-818.jpg	image	200	
/storage/products/590-923.jpg	image	200	
/storage/products/590-923S.jpg	image	not-fetched	
/storage/products/591-819.jpg	image	200	
/storage/products/591-820.jpg	image	200	
/storage/products/591-820S.jpg	image	not-fetched	
/storage/products/592-821.jpg	image	200	
/storage/products/592-822.jpg	image	200	
/storage/products/592-822S.jpg	image	not-fetched	
/storage/products/593-823.jpg	image	200	
/storage/products/593-824.jpg	image	200	
/storage/products/593-824S.jpg	image	not-fetched	
/storage/products/594-825.jpg	image	200	
/storage/products/594-826.jpg	image	200	
/storage/products/594-826S.jpg	image	not-fetched	
/storage/products/595-827.jpg	image	200	
/storage/products/595-828.jpg	image	200	
/storage/products/595-828S.jpg	image	not-fetched	
/storage/products/596-829.jpg	image	200	
/storage/products/596-830.jpg	image	200	
/storage/products/596-830S.jpg	image	not-fetched	
/storage/products/597-831.jpg	image	200	
/storage/products/597-922.jpg	image	200	
/storage/products/597-922S.jpg	image	not-fetched	
/storage/products/598-832.jpg	image	200	
/storage/products/598-833.jpg	image	200	
/storage/products/598-833S.jpg	image	not-fetched	
/storage/products/599-834.jpg	image	200	
/storage/products/599-921.jpg	image	200	
/storage/products/599-921S.jpg	image	not-fetched	
/storage/products/60-67.jpg	image	200	
/storage/products/60-67S.jpg	image	not-fetched	
/storage/products/600-835.jpg	image	200	
/storage/products/600-920.jpg	image	200	
/storage/products/600-920S.jpg	image	not-fetched	
/storage/products/601-836.jpg	image	200	
/storage/products/601-919.jpg	image	200	
/storage/products/601-919S.jpg	image	not-fetched	
/storage/products/602-837.jpg	image	200	
/storage/products/602-918.jpg	image	200	
/storage/products/602-918S.jpg	image	not-fetched	
/storage/products/603-838.jpg	image	200	
/storage/products/603-839.jpg	image	200	
/storage/products/603-839S.jpg	image	not-fetched	
/storage/products/61-68.jpg	image	200	
/storage/products/61-68S.jpg	image	not-fetched	
/storage/products/610-840.jpg	image	200	
/storage/products/610-841.jpg	image	200	
/storage/products/610-841S.jpg	image	not-fetched	
/storage/products/611-842.jpg	image	200	
/storage/products/611-843.jpg	image	200	
/storage/products/611-843S.jpg	image	not-fetched	
/storage/products/612-844.jpg	image	200	
/storage/products/612-917.jpg	image	200	
/storage/products/612-917S.jpg	image	not-fetched	
/storage/products/613-845.jpg	image	200	
/storage/products/613-916.jpg	image	200	
/storage/products/613-916S.jpg	image	not-fetched	
/storage/products/614-846.jpg	image	200	
/storage/products/614-915.jpg	image	200	
/storage/products/614-915S.jpg	image	not-fetched	
/storage/products/615-847.jpg	image	200	
/storage/products/615-914.jpg	image	200	
/storage/products/615-914S.jpg	image	not-fetched	
/storage/products/616-848.jpg	image	200	
/storage/products/616-849.jpg	image	200	
/storage/products/616-849S.jpg	image	not-fetched	
/storage/products/617-850.jpg	image	200	
/storage/products/617-851.jpg	image	200	
/storage/products/617-851S.jpg	image	not-fetched	
/storage/products/618-852.jpg	image	200	
/storage/products/618-853.jpg	image	200	
/storage/products/618-853S.jpg	image	not-fetched	
/storage/products/619-854.jpg	image	200	
/storage/products/619-855.jpg	image	200	
/storage/products/619-855S.jpg	image	not-fetched	
/storage/products/62-69.jpg	image	200	
/storage/products/62-69S.jpg	image	not-fetched	
/storage/products/620-856.jpg	image	200	
/storage/products/620-857.jpg	image	200	
/storage/products/620-857S.jpg	image	not-fetched	
/storage/products/622-858.jpg	image	200	
/storage/products/622-913.jpg	image	200	
/storage/products/622-913S.jpg	image	not-fetched	
/storage/products/623-859.jpg	image	200	
/storage/products/623-912.jpg	image	200	
/storage/products/623-912S.jpg	image	not-fetched	
/storage/products/624-860.jpg	image	200	
/storage/products/624-861.jpg	image	200	
/storage/products/624-861S.jpg	image	not-fetched	
/storage/products/625-862.jpg	image	200	
/storage/products/625-863.jpg	image	200	
/storage/products/625-863S.jpg	image	not-fetched	
/storage/products/626-868.jpg	image	200	
/storage/products/626-869.jpg	image	200	
/storage/products/626-869S.jpg	image	not-fetched	
/storage/products/627-870.jpg	image	200	
/storage/products/627-871.jpg	image	200	
/storage/products/627-871S.jpg	image	not-fetched	
/storage/products/628-872.jpg	image	200	
/storage/products/628-873.jpg	image	200	
/storage/products/628-873S.jpg	image	not-fetched	
/storage/products/629-874.jpg	image	200	
/storage/products/629-875.jpg	image	200	
/storage/products/629-875S.jpg	image	not-fetched	
/storage/products/63-70.jpg	image	200	
/storage/products/63-70S.jpg	image	not-fetched	
/storage/products/630-876.jpg	image	200	
/storage/products/630-877.jpg	image	200	
/storage/products/630-877S.jpg	image	not-fetched	
/storage/products/631-878.jpg	image	200	
/storage/products/631-879.jpg	image	200	
/storage/products/631-879S.jpg	image	not-fetched	
/storage/products/632-880.jpg	image	200	
/storage/products/632-911.jpg	image	200	
/storage/products/632-911S.jpg	image	not-fetched	
/storage/products/633-881.jpg	image	200	
/storage/products/633-910.jpg	image	200	
/storage/products/633-910S.jpg	image	not-fetched	
/storage/products/634-882.jpg	image	200	
/storage/products/634-883.jpg	image	200	
/storage/products/634-883S.jpg	image	not-fetched	
/storage/products/635-884.jpg	image	200	
/storage/products/635-909.jpg	image	200	
/storage/products/635-909S.jpg	image	not-fetched	
/storage/products/636-885.jpg	image	200	
/storage/products/636-886.jpg	image	200	
/storage/products/636-886S.jpg	image	not-fetched	
/storage/products/637-888.jpg	image	200	
/storage/products/637-908.jpg	image	200	
/storage/products/637-908S.jpg	image	not-fetched	
/storage/products/638-889.jpg	image	200	
/storage/products/638-890.jpg	image	200	
/storage/products/638-890S.jpg	image	not-fetched	
/storage/products/639-891.jpg	image	200	
/storage/products/639-892.jpg	image	200	
/storage/products/639-892S.jpg	image	not-fetched	
/storage/products/64-71.jpg	image	200	
/storage/products/64-71S.jpg	image	not-fetched	
/storage/products/640-893.jpg	image	200	
/storage/products/640-894.jpg	image	200	
/storage/products/640-894S.jpg	image	not-fetched	
/storage/products/641-895.jpg	image	200	
/storage/products/641-896.jpg	image	200	
/storage/products/641-896S.jpg	image	not-fetched	
/storage/products/642-897.jpg	image	200	
/storage/products/642-898.jpg	image	200	
/storage/products/642-898S.jpg	image	not-fetched	
/storage/products/643-899.jpg	image	200	
/storage/products/643-900.jpg	image	200	
/storage/products/643-900S.jpg	image	not-fetched	
/storage/products/645-901.jpg	image	200	
/storage/products/645-902.jpg	image	200	
/storage/products/645-902S.jpg	image	not-fetched	
/storage/products/646-903.jpg	image	200	
/storage/products/646-904.jpg	image	200	
/storage/products/646-904S.jpg	image	not-fetched	
/storage/products/647-905.jpg	image	200	
/storage/products/647-906.jpg	image	200	
/storage/products/647-906S.jpg	image	not-fetched	
/storage/products/648-907.jpg	image	200	
/storage/products/648-907S.jpg	image	not-fetched	
/storage/products/656-930.jpg	image	200	
/storage/products/656-930S.jpg	image	not-fetched	
/storage/products/657-931.jpg	image	200	
/storage/products/657-931S.jpg	image	not-fetched	
/storage/products/658-932.jpg	image	200	
/storage/products/658-932S.jpg	image	not-fetched	
/storage/products/659-933.jpg	image	200	
/storage/products/659-933S.jpg	image	not-fetched	
/storage/products/660-934.jpg	image	200	
/storage/products/660-934S.jpg	image	not-fetched	
/storage/products/661-935.jpg	image	200	
/storage/products/661-935S.jpg	image	not-fetched	
/storage/products/663-936.jpg	image	200	
/storage/products/663-936S.jpg	image	not-fetched	
/storage/products/664-937.jpg	image	200	
/storage/products/664-937S.jpg	image	not-fetched	
/storage/products/665-938.jpg	image	200	
/storage/products/665-938S.jpg	image	not-fetched	
/storage/products/666-939.jpg	image	200	
/storage/products/666-939S.jpg	image	not-fetched	
/storage/products/667-940.jpg	image	200	
/storage/products/667-940S.jpg	image	not-fetched	
/storage/products/668-941.jpg	image	200	
/storage/products/668-941S.jpg	image	not-fetched	
/storage/products/669-942.jpg	image	200	
/storage/products/669-942S.jpg	image	not-fetched	
/storage/products/670-944.jpg	image	200	
/storage/products/670-944S.jpg	image	not-fetched	
/storage/products/671-945.jpg	image	200	
/storage/products/671-945S.jpg	image	not-fetched	
/storage/products/672-946.jpg	image	200	
/storage/products/672-946S.jpg	image	not-fetched	
/storage/products/673-947.jpg	image	200	
/storage/products/673-947S.jpg	image	not-fetched	
/storage/products/674-948.jpg	image	200	
/storage/products/674-948S.jpg	image	not-fetched	
/storage/products/675-949.jpg	image	200	
/storage/products/675-949S.jpg	image	not-fetched	
/storage/products/676-950.jpg	image	200	
/storage/products/676-950S.jpg	image	not-fetched	
/storage/products/677-951.jpg	image	200	
/storage/products/677-951S.jpg	image	not-fetched	
/storage/products/678-952.jpg	image	200	
/storage/products/678-952S.jpg	image	not-fetched	
/storage/products/679-953.jpg	image	200	
/storage/products/679-953S.jpg	image	not-fetched	
/storage/products/68-74.jpg	image	200	
/storage/products/68-74S.jpg	image	not-fetched	
/storage/products/680-954.jpg	image	200	
/storage/products/680-954S.jpg	image	not-fetched	
/storage/products/681-955.jpg	image	200	
/storage/products/681-955S.jpg	image	not-fetched	
/storage/products/683-956.jpg	image	200	
/storage/products/683-956S.jpg	image	not-fetched	
/storage/products/684-957.jpg	image	200	
/storage/products/684-957S.jpg	image	not-fetched	
/storage/products/685-958.jpg	image	200	
/storage/products/685-958S.jpg	image	not-fetched	
/storage/products/687-959.jpg	image	200	
/storage/products/687-959S.jpg	image	not-fetched	
/storage/products/688-960.jpg	image	200	
/storage/products/688-960S.jpg	image	not-fetched	
/storage/products/689-961.jpg	image	200	
/storage/products/689-961S.jpg	image	not-fetched	
/storage/products/689-962.jpg	image	200	
/storage/products/69-75.jpg	image	200	
/storage/products/69-75S.jpg	image	not-fetched	
/storage/products/692-981.jpg	image	200	
/storage/products/692-981S.jpg	image	not-fetched	
/storage/products/693-964.jpg	image	200	
/storage/products/693-964S.jpg	image	not-fetched	
/storage/products/694-1261.jpg	image	200	
/storage/products/694-1261S.jpg	image	not-fetched	
/storage/products/696-966.jpg	image	200	
/storage/products/696-966S.jpg	image	not-fetched	
/storage/products/697-967.jpg	image	200	
/storage/products/697-967S.jpg	image	not-fetched	
/storage/products/698-1342.jpg	image	200	
/storage/products/698-1342S.jpg	image	not-fetched	
/storage/products/699-969.jpg	image	200	
/storage/products/699-969S.jpg	image	not-fetched	
/storage/products/70-76.jpg	image	200	
/storage/products/70-76S.jpg	image	not-fetched	
/storage/products/700-970.jpg	image	200	
/storage/products/700-970S.jpg	image	not-fetched	
/storage/products/701-971.jpg	image	200	
/storage/products/701-971S.jpg	image	not-fetched	
/storage/products/701-972.jpg	image	200	
/storage/products/701-973.jpg	image	200	
/storage/products/701-974.jpg	image	200	
/storage/products/701-975.jpg	image	200	
/storage/products/701-976.jpg	image	200	
/storage/products/702-977.jpg	image	200	
/storage/products/702-977S.jpg	image	not-fetched	
/storage/products/703-978.jpg	image	200	
/storage/products/703-978S.jpg	image	not-fetched	
/storage/products/703-979.jpg	image	200	
/storage/products/704-980.jpg	image	200	
/storage/products/704-980S.jpg	image	not-fetched	
/storage/products/705-986.jpg	image	200	
/storage/products/705-986S.jpg	image	not-fetched	
/storage/products/706-987.jpg	image	200	
/storage/products/706-987S.jpg	image	not-fetched	
/storage/products/707-988.jpg	image	200	
/storage/products/707-988S.jpg	image	not-fetched	
/storage/products/708-989.jpg	image	200	
/storage/products/708-989S.jpg	image	not-fetched	
/storage/products/709-990.jpg	image	200	
/storage/products/709-990S.jpg	image	not-fetched	
/storage/products/71-77.jpg	image	200	
/storage/products/71-77S.jpg	image	not-fetched	
/storage/products/710-991.jpg	image	200	
/storage/products/710-991S.jpg	image	not-fetched	
/storage/products/711-992.jpg	image	200	
/storage/products/711-992S.jpg	image	not-fetched	
/storage/products/712-993.jpg	image	200	
/storage/products/712-993S.jpg	image	not-fetched	
/storage/products/713-994.jpg	image	200	
/storage/products/713-994S.jpg	image	not-fetched	
/storage/products/714-995.jpg	image	200	
/storage/products/714-995S.jpg	image	not-fetched	
/storage/products/715-996.jpg	image	200	
/storage/products/715-996S.jpg	image	not-fetched	
/storage/products/716-997.jpg	image	200	
/storage/products/716-997S.jpg	image	not-fetched	
/storage/products/717-1001.jpg	image	200	
/storage/products/717-1001S.jpg	image	not-fetched	
/storage/products/718-1002.jpg	image	200	
/storage/products/718-1002S.jpg	image	not-fetched	
/storage/products/719-1003.jpg	image	200	
/storage/products/719-1003S.jpg	image	not-fetched	
/storage/products/72-154.jpg	image	200	
/storage/products/72-154S.jpg	image	not-fetched	
/storage/products/720-1004.jpg	image	200	
/storage/products/720-1004S.jpg	image	not-fetched	
/storage/products/721-1005.jpg	image	200	
/storage/products/721-1005S.jpg	image	not-fetched	
/storage/products/722-1006.jpg	image	200	
/storage/products/722-1006S.jpg	image	not-fetched	
/storage/products/723-1007.jpg	image	200	
/storage/products/723-1007S.jpg	image	not-fetched	
/storage/products/724-1008.jpg	image	200	
/storage/products/724-1008S.jpg	image	not-fetched	
/storage/products/725-1009.jpg	image	200	
/storage/products/725-1009S.jpg	image	not-fetched	
/storage/products/726-1010.jpg	image	200	
/storage/products/726-1010S.jpg	image	not-fetched	
/storage/products/727-1011.jpg	image	200	
/storage/products/727-1011S.jpg	image	not-fetched	
/storage/products/728-1012.jpg	image	200	
/storage/products/728-1012S.jpg	image	not-fetched	
/storage/products/729-1013.jpg	image	200	
/storage/products/729-1013S.jpg	image	not-fetched	
/storage/products/73-79.jpg	image	200	
/storage/products/73-79S.jpg	image	not-fetched	
/storage/products/730-1014.jpg	image	200	
/storage/products/730-1014S.jpg	image	not-fetched	
/storage/products/731-1015.jpg	image	200	
/storage/products/731-1015S.jpg	image	not-fetched	
/storage/products/732-1016.jpg	image	200	
/storage/products/732-1016S.jpg	image	not-fetched	
/storage/products/733-1017.jpg	image	200	
/storage/products/733-1017S.jpg	image	not-fetched	
/storage/products/734-1018.jpg	image	200	
/storage/products/734-1018S.jpg	image	not-fetched	
/storage/products/735-1019.jpg	image	200	
/storage/products/735-1019S.jpg	image	not-fetched	
/storage/products/736-1020.jpg	image	200	
/storage/products/736-1020S.jpg	image	not-fetched	
/storage/products/737-1021.jpg	image	200	
/storage/products/737-1021S.jpg	image	not-fetched	
/storage/products/738-1022.jpg	image	200	
/storage/products/738-1022S.jpg	image	not-fetched	
/storage/products/739-1023.jpg	image	200	
/storage/products/739-1023S.jpg	image	not-fetched	
/storage/products/74-80.jpg	image	200	
/storage/products/74-80S.jpg	image	not-fetched	
/storage/products/740-1024.jpg	image	200	
/storage/products/740-1024S.jpg	image	not-fetched	
/storage/products/741-1025.jpg	image	200	
/storage/products/741-1025S.jpg	image	not-fetched	
/storage/products/742-1026.jpg	image	200	
/storage/products/742-1026S.jpg	image	not-fetched	
/storage/products/743-1027.jpg	image	200	
/storage/products/743-1027S.jpg	image	not-fetched	
/storage/products/744-1028.jpg	image	200	
/storage/products/744-1028S.jpg	image	not-fetched	
/storage/products/745-1029.jpg	image	200	
/storage/products/745-1029S.jpg	image	not-fetched	
/storage/products/746-1030.jpg	image	200	
/storage/products/746-1031.jpg	image	200	
/storage/products/746-1031S.jpg	image	not-fetched	
/storage/products/747-1032.jpg	image	200	
/storage/products/747-1032S.jpg	image	not-fetched	
/storage/products/748-1033.jpg	image	200	
/storage/products/748-1033S.jpg	image	not-fetched	
/storage/products/749-1034.jpg	image	200	
/storage/products/749-1034S.jpg	image	not-fetched	
/storage/products/75-81.jpg	image	200	
/storage/products/75-81S.jpg	image	not-fetched	
/storage/products/750-1035.jpg	image	200	
/storage/products/750-1035S.jpg	image	not-fetched	
/storage/products/751-1036.jpg	image	200	
/storage/products/751-1036S.jpg	image	not-fetched	
/storage/products/752-1037.jpg	image	200	
/storage/products/752-1037S.jpg	image	not-fetched	
/storage/products/753-1038.jpg	image	200	
/storage/products/753-1038S.jpg	image	not-fetched	
/storage/products/754-1039.jpg	image	200	
/storage/products/754-1039S.jpg	image	not-fetched	
/storage/products/755-1040.jpg	image	200	
/storage/products/755-1040S.jpg	image	not-fetched	
/storage/products/756-1041.jpg	image	200	
/storage/products/756-1041S.jpg	image	not-fetched	
/storage/products/757-1042.jpg	image	200	
/storage/products/757-1042S.jpg	image	not-fetched	
/storage/products/758-1043.jpg	image	200	
/storage/products/758-1043S.jpg	image	not-fetched	
/storage/products/759-1044.jpg	image	200	
/storage/products/759-1044S.jpg	image	not-fetched	
/storage/products/76-82.jpg	image	200	
/storage/products/76-82S.jpg	image	not-fetched	
/storage/products/760-1045.jpg	image	200	
/storage/products/760-1045S.jpg	image	not-fetched	
/storage/products/761-1046.jpg	image	200	
/storage/products/761-1046S.jpg	image	not-fetched	
/storage/products/762-1047.jpg	image	200	
/storage/products/762-1047S.jpg	image	not-fetched	
/storage/products/763-1048.jpg	image	200	
/storage/products/763-1048S.jpg	image	not-fetched	
/storage/products/764-1050.jpg	image	200	
/storage/products/764-1050S.jpg	image	not-fetched	
/storage/products/765-1049.jpg	image	200	
/storage/products/765-1049S.jpg	image	not-fetched	
/storage/products/766-1051.jpg	image	200	
/storage/products/766-1051S.jpg	image	not-fetched	
/storage/products/767-1052.jpg	image	200	
/storage/products/767-1052S.jpg	image	not-fetched	
/storage/products/768-1053.jpg	image	200	
/storage/products/768-1053S.jpg	image	not-fetched	
/storage/products/769-1054.jpg	image	200	
/storage/products/769-1054S.jpg	image	not-fetched	
/storage/products/77-84.jpg	image	200	
/storage/products/77-84S.jpg	image	not-fetched	
/storage/products/770-1055.jpg	image	200	
/storage/products/770-1055S.jpg	image	not-fetched	
/storage/products/771-1056.jpg	image	200	
/storage/products/771-1056S.jpg	image	not-fetched	
/storage/products/772-1057.jpg	image	200	
/storage/products/772-1057S.jpg	image	not-fetched	
/storage/products/773-1058.jpg	image	200	
/storage/products/773-1058S.jpg	image	not-fetched	
/storage/products/774-1059.jpg	image	200	
/storage/products/774-1059S.jpg	image	not-fetched	
/storage/products/775-1060.jpg	image	200	
/storage/products/775-1060S.jpg	image	not-fetched	
/storage/products/776-1061.jpg	image	200	
/storage/products/776-1061S.jpg	image	not-fetched	
/storage/products/777-1062.jpg	image	200	
/storage/products/777-1062S.jpg	image	not-fetched	
/storage/products/778-1063.jpg	image	200	
/storage/products/778-1063S.jpg	image	not-fetched	
/storage/products/779-1064.jpg	image	200	
/storage/products/779-1064S.jpg	image	not-fetched	
/storage/products/78-85.jpg	image	200	
/storage/products/78-85S.jpg	image	not-fetched	
/storage/products/780-1065.jpg	image	200	
/storage/products/780-1065S.jpg	image	not-fetched	
/storage/products/781-1066.jpg	image	200	
/storage/products/781-1066S.jpg	image	not-fetched	
/storage/products/782-1067.jpg	image	200	
/storage/products/782-1067S.jpg	image	not-fetched	
/storage/products/783-1068.jpg	image	200	
/storage/products/783-1068S.jpg	image	not-fetched	
/storage/products/784-1069.jpg	image	200	
/storage/products/784-1069S.jpg	image	not-fetched	
/storage/products/785-1071.jpg	image	200	
/storage/products/785-1071S.jpg	image	not-fetched	
/storage/products/786-1072.jpg	image	200	
/storage/products/786-1072S.jpg	image	not-fetched	
/storage/products/788-1073.jpg	image	200	
/storage/products/788-1073S.jpg	image	not-fetched	
/storage/products/789-1074.jpg	image	200	
/storage/products/789-1074S.jpg	image	not-fetched	
/storage/products/790-1076.jpg	image	200	
/storage/products/790-1076S.jpg	image	not-fetched	
/storage/products/791-1077.jpg	image	200	
/storage/products/791-1077S.jpg	image	not-fetched	
/storage/products/792-1078.jpg	image	200	
/storage/products/792-1078S.jpg	image	not-fetched	
/storage/products/793-1079.jpg	image	200	
/storage/products/793-1079S.jpg	image	not-fetched	
/storage/products/794-1080.jpg	image	200	
/storage/products/794-1080S.jpg	image	not-fetched	
/storage/products/795-1081.jpg	image	200	
/storage/products/795-1081S.jpg	image	not-fetched	
/storage/products/796-1082.jpg	image	200	
/storage/products/796-1082S.jpg	image	not-fetched	
/storage/products/797-1083.jpg	image	200	
/storage/products/797-1083S.jpg	image	not-fetched	
/storage/products/798-1084.jpg	image	200	
/storage/products/798-1084S.jpg	image	not-fetched	
/storage/products/799-1085.jpg	image	200	
/storage/products/799-1085S.jpg	image	not-fetched	
/storage/products/80-151.jpg	image	200	
/storage/products/80-151S.jpg	image	not-fetched	
/storage/products/800-1086.jpg	image	200	
/storage/products/800-1086S.jpg	image	not-fetched	
/storage/products/801-1087.jpg	image	200	
/storage/products/801-1087S.jpg	image	not-fetched	
/storage/products/803-1088.jpg	image	200	
/storage/products/803-1088S.jpg	image	not-fetched	
/storage/products/804-1089.jpg	image	200	
/storage/products/804-1089S.jpg	image	not-fetched	
/storage/products/805-1090.jpg	image	200	
/storage/products/805-1090S.jpg	image	not-fetched	
/storage/products/806-1091.jpg	image	200	
/storage/products/806-1091S.jpg	image	not-fetched	
/storage/products/807-1092.jpg	image	200	
/storage/products/807-1092S.jpg	image	not-fetched	
/storage/products/808-1093.jpg	image	200	
/storage/products/808-1093S.jpg	image	not-fetched	
/storage/products/809-1094.jpg	image	200	
/storage/products/809-1094S.jpg	image	not-fetched	
/storage/products/81-152.jpg	image	200	
/storage/products/81-152S.jpg	image	not-fetched	
/storage/products/810-1096.jpg	image	200	
/storage/products/810-1096S.jpg	image	not-fetched	
/storage/products/811-1097.jpg	image	200	
/storage/products/811-1097S.jpg	image	not-fetched	
/storage/products/812-1098.jpg	image	200	
/storage/products/812-1098S.jpg	image	not-fetched	
/storage/products/813-1099.jpg	image	200	
/storage/products/813-1099S.jpg	image	not-fetched	
/storage/products/814-1100.jpg	image	200	
/storage/products/814-1100S.jpg	image	not-fetched	
/storage/products/815-1101.jpg	image	200	
/storage/products/815-1101S.jpg	image	not-fetched	
/storage/products/816-1102.jpg	image	200	
/storage/products/816-1102S.jpg	image	not-fetched	
/storage/products/817-1103.jpg	image	200	
/storage/products/817-1103S.jpg	image	not-fetched	
/storage/products/818-1104.jpg	image	200	
/storage/products/818-1104S.jpg	image	not-fetched	
/storage/products/819-1105.jpg	image	200	
/storage/products/819-1105S.jpg	image	not-fetched	
/storage/products/82-98.jpg	image	200	
/storage/products/82-98S.jpg	image	not-fetched	
/storage/products/820-1106.jpg	image	200	
/storage/products/820-1106S.jpg	image	not-fetched	
/storage/products/821-1107.jpg	image	200	
/storage/products/821-1107S.jpg	image	not-fetched	
/storage/products/822-1108.jpg	image	200	
/storage/products/822-1108S.jpg	image	not-fetched	
/storage/products/823-1109.jpg	image	200	
/storage/products/823-1109S.jpg	image	not-fetched	
/storage/products/824-1110.jpg	image	200	
/storage/products/824-1110S.jpg	image	not-fetched	
/storage/products/825-1111.jpg	image	200	
/storage/products/825-1111S.jpg	image	not-fetched	
/storage/products/826-1112.jpg	image	200	
/storage/products/826-1112S.jpg	image	not-fetched	
/storage/products/827-1113.jpg	image	200	
/storage/products/827-1113S.jpg	image	not-fetched	
/storage/products/828-1114.jpg	image	200	
/storage/products/828-1114S.jpg	image	not-fetched	
/storage/products/829-1115.jpg	image	200	
/storage/products/829-1115S.jpg	image	not-fetched	
/storage/products/83-100.jpg	image	200	
/storage/products/83-100S.jpg	image	not-fetched	
/storage/products/830-1116.jpg	image	200	
/storage/products/830-1116S.jpg	image	not-fetched	
/storage/products/831-1117.jpg	image	200	
/storage/products/831-1117S.jpg	image	not-fetched	
/storage/products/832-1118.jpg	image	200	
/storage/products/832-1118S.jpg	image	not-fetched	
/storage/products/833-1119.jpg	image	200	
/storage/products/833-1119S.jpg	image	not-fetched	
/storage/products/834-1120.jpg	image	200	
/storage/products/834-1120S.jpg	image	not-fetched	
/storage/products/835-1121.jpg	image	200	
/storage/products/835-1121S.jpg	image	not-fetched	
/storage/products/836-1122.jpg	image	200	
/storage/products/836-1122S.jpg	image	not-fetched	
/storage/products/837-1123.jpg	image	200	
/storage/products/837-1123S.jpg	image	not-fetched	
/storage/products/838-1124.jpg	image	200	
/storage/products/838-1124S.jpg	image	not-fetched	
/storage/products/839-1125.jpg	image	200	
/storage/products/839-1125S.jpg	image	not-fetched	
/storage/products/84-101.jpg	image	200	
/storage/products/84-101S.jpg	image	not-fetched	
/storage/products/840-1126.jpg	image	200	
/storage/products/840-1126S.jpg	image	not-fetched	
/storage/products/841-1127.jpg	image	200	
/storage/products/841-1127S.jpg	image	not-fetched	
/storage/products/842-1128.jpg	image	200	
/storage/products/842-1128S.jpg	image	not-fetched	
/storage/products/843-1129.jpg	image	200	
/storage/products/843-1129S.jpg	image	not-fetched	
/storage/products/844-1130.jpg	image	200	
/storage/products/844-1130S.jpg	image	not-fetched	
/storage/products/845-1131.jpg	image	200	
/storage/products/845-1131S.jpg	image	not-fetched	
/storage/products/846-1132.jpg	image	200	
/storage/products/846-1132S.jpg	image	not-fetched	
/storage/products/847-1133.jpg	image	200	
/storage/products/847-1133S.jpg	image	not-fetched	
/storage/products/848-1138.jpg	image	200	
/storage/products/848-1138S.jpg	image	not-fetched	
/storage/products/849-1136.jpg	image	200	
/storage/products/849-1137.jpg	image	200	
/storage/products/849-1137S.jpg	image	not-fetched	
/storage/products/850-1139.jpg	image	200	
/storage/products/850-1139S.jpg	image	not-fetched	
/storage/products/851-1140.jpg	image	200	
/storage/products/851-1140S.jpg	image	not-fetched	
/storage/products/852-1141.jpg	image	200	
/storage/products/852-1141S.jpg	image	not-fetched	
/storage/products/853-1142.jpg	image	200	
/storage/products/853-1142S.jpg	image	not-fetched	
/storage/products/854-1143.jpg	image	200	
/storage/products/854-1143S.jpg	image	not-fetched	
/storage/products/855-1144.jpg	image	200	
/storage/products/855-1144S.jpg	image	not-fetched	
/storage/products/856-1145.jpg	image	200	
/storage/products/856-1145S.jpg	image	not-fetched	
/storage/products/857-1146.jpg	image	200	
/storage/products/857-1146S.jpg	image	not-fetched	
/storage/products/858-1147.jpg	image	200	
/storage/products/858-1147S.jpg	image	not-fetched	
/storage/products/859-1148.jpg	image	200	
/storage/products/859-1148S.jpg	image	not-fetched	
/storage/products/860-1149.jpg	image	200	
/storage/products/860-1149S.jpg	image	not-fetched	
/storage/products/861-1150.jpg	image	200	
/storage/products/861-1150S.jpg	image	not-fetched	
/storage/products/862-1151.jpg	image	200	
/storage/products/862-1151S.jpg	image	not-fetched	
/storage/products/863-1152.jpg	image	200	
/storage/products/863-1152S.jpg	image	not-fetched	
/storage/products/864-1153.jpg	image	200	
/storage/products/864-1153S.jpg	image	not-fetched	
/storage/products/865-1154.jpg	image	200	
/storage/products/865-1154S.jpg	image	not-fetched	
/storage/products/866-1155.jpg	image	200	
/storage/products/866-1155S.jpg	image	not-fetched	
/storage/products/867-1156.jpg	image	200	
/storage/products/867-1156S.jpg	image	not-fetched	
/storage/products/868-1157.jpg	image	200	
/storage/products/868-1157S.jpg	image	not-fetched	
/storage/products/869-1158.jpg	image	200	
/storage/products/869-1158S.jpg	image	not-fetched	
/storage/products/870-1159.jpg	image	200	
/storage/products/870-1159S.jpg	image	not-fetched	
/storage/products/871-1160.jpg	image	200	
/storage/products/871-1160S.jpg	image	not-fetched	
/storage/products/872-1161.jpg	image	200	
/storage/products/872-1161S.jpg	image	not-fetched	
/storage/products/873-1162.jpg	image	200	
/storage/products/873-1162S.jpg	image	not-fetched	
/storage/products/874-1163.jpg	image	200	
/storage/products/874-1163S.jpg	image	not-fetched	
/storage/products/875-1164.jpg	image	200	
/storage/products/875-1164S.jpg	image	not-fetched	
/storage/products/876-1165.jpg	image	200	
/storage/products/876-1166.jpg	image	200	
/storage/products/876-1166S.jpg	image	not-fetched	
/storage/products/877-1167.jpg	image	200	
/storage/products/877-1168.jpg	image	200	
/storage/products/877-1168S.jpg	image	not-fetched	
/storage/products/878-1169.jpg	image	200	
/storage/products/878-1169S.jpg	image	not-fetched	
/storage/products/879-1170.jpg	image	200	
/storage/products/879-1170S.jpg	image	not-fetched	
/storage/products/880-1171.jpg	image	200	
/storage/products/880-1172.jpg	image	200	
/storage/products/880-1173.jpg	image	200	
/storage/products/880-1173S.jpg	image	not-fetched	
/storage/products/881-1174.jpg	image	200	
/storage/products/881-1174S.jpg	image	not-fetched	
/storage/products/882-1175.jpg	image	200	
/storage/products/882-1175S.jpg	image	not-fetched	
/storage/products/883-1176.jpg	image	200	
/storage/products/883-1176S.jpg	image	not-fetched	
/storage/products/884-1177.jpg	image	200	
/storage/products/884-1177S.jpg	image	not-fetched	
/storage/products/885-1178.jpg	image	200	
/storage/products/885-1178S.jpg	image	not-fetched	
/storage/products/886-1179.jpg	image	200	
/storage/products/886-1179S.jpg	image	not-fetched	
/storage/products/887-1180.jpg	image	200	
/storage/products/887-1180S.jpg	image	not-fetched	
/storage/products/888-1181.jpg	image	200	
/storage/products/888-1181S.jpg	image	not-fetched	
/storage/products/889-1182.jpg	image	200	
/storage/products/889-1182S.jpg	image	not-fetched	
/storage/products/890-1183.jpg	image	200	
/storage/products/890-1183S.jpg	image	not-fetched	
/storage/products/891-1184.jpg	image	200	
/storage/products/891-1184S.jpg	image	not-fetched	
/storage/products/892-1185.jpg	image	200	
/storage/products/892-1185S.jpg	image	not-fetched	
/storage/products/893-1186.jpg	image	200	
/storage/products/893-1186S.jpg	image	not-fetched	
/storage/products/894-1187.jpg	image	200	
/storage/products/894-1187S.jpg	image	not-fetched	
/storage/products/895-1188.jpg	image	200	
/storage/products/895-1188S.jpg	image	not-fetched	
/storage/products/897-1189.jpg	image	200	
/storage/products/897-1189S.jpg	image	not-fetched	
/storage/products/898-1190.jpg	image	200	
/storage/products/898-1190S.jpg	image	not-fetched	
/storage/products/899-1191.jpg	image	200	
/storage/products/899-1191S.jpg	image	not-fetched	
/storage/products/901-1192.jpg	image	200	
/storage/products/901-1192S.jpg	image	not-fetched	
/storage/products/902-1270.jpg	image	200	
/storage/products/902-1270S.jpg	image	not-fetched	
/storage/products/903-1194.jpg	image	200	
/storage/products/903-1194S.jpg	image	not-fetched	
/storage/products/904-1195.jpg	image	200	
/storage/products/904-1195S.jpg	image	not-fetched	
/storage/products/905-1196.jpg	image	200	
/storage/products/905-1196S.jpg	image	not-fetched	
/storage/products/906-1197.jpg	image	200	
/storage/products/906-1197S.jpg	image	not-fetched	
/storage/products/907-1198.jpg	image	200	
/storage/products/907-1198S.jpg	image	not-fetched	
/storage/products/908-1199.jpg	image	200	
/storage/products/908-1199S.jpg	image	not-fetched	
/storage/products/909-1200.jpg	image	200	
/storage/products/909-1200S.jpg	image	not-fetched	
/storage/products/910-1201.jpg	image	200	
/storage/products/910-1201S.jpg	image	not-fetched	
/storage/products/911-1202.jpg	image	200	
/storage/products/911-1202S.jpg	image	not-fetched	
/storage/products/912-1203.jpg	image	200	
/storage/products/912-1203S.jpg	image	not-fetched	
/storage/products/913-1204.jpg	image	200	
/storage/products/913-1204S.jpg	image	not-fetched	
/storage/products/914-1205.jpg	image	200	
/storage/products/914-1205S.jpg	image	not-fetched	
/storage/products/915-1206.jpg	image	200	
/storage/products/915-1206S.jpg	image	not-fetched	
/storage/products/916-1209.jpg	image	200	
/storage/products/916-1209S.jpg	image	not-fetched	
/storage/products/917-1207.jpg	image	200	
/storage/products/917-1207S.jpg	image	not-fetched	
/storage/products/917-1208.jpg	image	200	
/storage/products/918-1210.jpg	image	200	
/storage/products/918-1210S.jpg	image	not-fetched	
/storage/products/919-1211.jpg	image	200	
/storage/products/919-1211S.jpg	image	not-fetched	
/storage/products/919-1212.jpg	image	200	
/storage/products/92-153.jpg	image	200	
/storage/products/92-153S.jpg	image	not-fetched	
/storage/products/920-1213.jpg	image	200	
/storage/products/920-1214.jpg	image	200	
/storage/products/920-1214S.jpg	image	not-fetched	
/storage/products/921-1215.jpg	image	200	
/storage/products/921-1215S.jpg	image	not-fetched	
/storage/products/922-1216.jpg	image	200	
/storage/products/922-1216S.jpg	image	not-fetched	
/storage/products/923-1217.jpg	image	200	
/storage/products/923-1217S.jpg	image	not-fetched	
/storage/products/924-1218.jpg	image	200	
/storage/products/924-1218S.jpg	image	not-fetched	
/storage/products/925-1219.jpg	image	200	
/storage/products/925-1219S.jpg	image	not-fetched	
/storage/products/926-1220.jpg	image	200	
/storage/products/926-1220S.jpg	image	not-fetched	
/storage/products/927-1221.jpg	image	200	
/storage/products/927-1221S.jpg	image	not-fetched	
/storage/products/928-1222.jpg	image	200	
/storage/products/928-1222S.jpg	image	not-fetched	
/storage/products/929-1223.jpg	image	200	
/storage/products/929-1223S.jpg	image	not-fetched	
/storage/products/93-104.jpg	image	200	
/storage/products/93-104S.jpg	image	not-fetched	
/storage/products/930-1224.jpg	image	200	
/storage/products/930-1224S.jpg	image	not-fetched	
/storage/products/931-1225.jpg	image	200	
/storage/products/931-1225S.jpg	image	not-fetched	
/storage/products/932-1226.jpg	image	200	
/storage/products/932-1226S.jpg	image	not-fetched	
/storage/products/933-1228.jpg	image	200	
/storage/products/933-1228S.jpg	image	not-fetched	
/storage/products/935-1227.jpg	image	200	
/storage/products/935-1227S.jpg	image	not-fetched	
/storage/products/936-1229.jpg	image	200	
/storage/products/936-1229S.jpg	image	not-fetched	
/storage/products/937-1230.jpg	image	200	
/storage/products/937-1230S.jpg	image	not-fetched	
/storage/products/938-1231.jpg	image	200	
/storage/products/938-1231S.jpg	image	not-fetched	
/storage/products/939-1232.jpg	image	200	
/storage/products/939-1232S.jpg	image	not-fetched	
/storage/products/94-230.jpg	image	200	
/storage/products/94-230S.jpg	image	not-fetched	
/storage/products/940-1233.jpg	image	200	
/storage/products/940-1233S.jpg	image	not-fetched	
/storage/products/941-1234.jpg	image	200	
/storage/products/941-1234S.jpg	image	not-fetched	
/storage/products/945-1235.jpg	image	200	
/storage/products/945-1235S.jpg	image	not-fetched	
/storage/products/946-1236.jpg	image	200	
/storage/products/946-1236S.jpg	image	not-fetched	
/storage/products/947-1237.jpg	image	200	
/storage/products/947-1237S.jpg	image	not-fetched	
/storage/products/948-1238.jpg	image	200	
/storage/products/948-1238S.jpg	image	not-fetched	
/storage/products/949-1239.jpg	image	200	
/storage/products/949-1239S.jpg	image	not-fetched	
/storage/products/95-106.jpg	image	200	
/storage/products/95-106S.jpg	image	not-fetched	
/storage/products/950-1240.jpg	image	200	
/storage/products/950-1240S.jpg	image	not-fetched	
/storage/products/951-1241.jpg	image	200	
/storage/products/951-1241S.jpg	image	not-fetched	
/storage/products/952-1242.jpg	image	200	
/storage/products/952-1242S.jpg	image	not-fetched	
/storage/products/953-1243.jpg	image	200	
/storage/products/953-1243S.jpg	image	not-fetched	
/storage/products/954-1244.jpg	image	200	
/storage/products/954-1244S.jpg	image	not-fetched	
/storage/products/955-1245.jpg	image	200	
/storage/products/955-1246.jpg	image	200	
/storage/products/955-1246S.jpg	image	not-fetched	
/storage/products/956-1247.jpg	image	200	
/storage/products/956-1247S.jpg	image	not-fetched	
/storage/products/957-1248.jpg	image	200	
/storage/products/957-1248S.jpg	image	not-fetched	
/storage/products/958-1249.jpg	image	200	
/storage/products/958-1249S.jpg	image	not-fetched	
/storage/products/959-1250.jpg	image	200	
/storage/products/959-1250S.jpg	image	not-fetched	
/storage/products/96-107.jpg	image	200	
/storage/products/96-107S.jpg	image	not-fetched	
/storage/products/960-1251.jpg	image	200	
/storage/products/960-1251S.jpg	image	not-fetched	
/storage/products/961-1252.jpg	image	200	
/storage/products/961-1252S.jpg	image	not-fetched	
/storage/products/962-1253.jpg	image	200	
/storage/products/962-1253S.jpg	image	not-fetched	
/storage/products/963-1254.jpg	image	200	
/storage/products/963-1254S.jpg	image	not-fetched	
/storage/products/964-1255.jpg	image	200	
/storage/products/964-1255S.jpg	image	not-fetched	
/storage/products/965-1256.jpg	image	200	
/storage/products/965-1256S.jpg	image	not-fetched	
/storage/products/966-1257.jpg	image	200	
/storage/products/966-1257S.jpg	image	not-fetched	
/storage/products/967-1258.jpg	image	200	
/storage/products/967-1258S.jpg	image	not-fetched	
/storage/products/969-1259.jpg	image	200	
/storage/products/969-1259S.jpg	image	not-fetched	
/storage/products/97-108.jpg	image	200	
/storage/products/97-108S.jpg	image	not-fetched	
/storage/products/971-1263.jpg	image	200	
/storage/products/971-1263S.jpg	image	not-fetched	
/storage/products/971-1264.jpg	image	200	
/storage/products/972-1265.jpg	image	200	
/storage/products/972-1266.jpg	image	200	
/storage/products/972-1267.jpg	image	200	
/storage/products/972-1267S.jpg	image	not-fetched	
/storage/products/973-1268.jpg	image	200	
/storage/products/973-1268S.jpg	image	not-fetched	
/storage/products/974-1271.jpg	image	200	
/storage/products/974-1271S.jpg	image	not-fetched	
/storage/products/975-1272.jpg	image	200	
/storage/products/975-1272S.jpg	image	not-fetched	
/storage/products/975-1273.jpg	image	200	
/storage/products/975-1274.jpg	image	200	
/storage/products/976-1275.jpg	image	200	
/storage/products/976-1275S.jpg	image	not-fetched	
/storage/products/977-1276.jpg	image	200	
/storage/products/977-1276S.jpg	image	not-fetched	
/storage/products/978-1277.jpg	image	200	
/storage/products/978-1277S.jpg	image	not-fetched	
/storage/products/979-1278.jpg	image	200	
/storage/products/979-1278S.jpg	image	not-fetched	
/storage/products/98-109.jpg	image	200	
/storage/products/98-109S.jpg	image	not-fetched	
/storage/products/980-1279.jpg	image	200	
/storage/products/980-1279S.jpg	image	not-fetched	
/storage/products/981-1280.jpg	image	200	
/storage/products/981-1281.jpg	image	200	
/storage/products/981-1281S.jpg	image	not-fetched	
/storage/products/981-1282.jpg	image	200	
/storage/products/981-1283.jpg	image	200	
/storage/products/981-1284.jpg	image	200	
/storage/products/981-1285.jpg	image	200	
/storage/products/982-1286.jpg	image	200	
/storage/products/982-1287.jpg	image	200	
/storage/products/982-1288.jpg	image	200	
/storage/products/982-1289.jpg	image	200	
/storage/products/982-1289S.jpg	image	not-fetched	
/storage/products/983-1308.jpg	image	200	
/storage/products/983-1308S.jpg	image	not-fetched	
/storage/products/984-1291.jpg	image	200	
/storage/products/984-1291S.jpg	image	not-fetched	
/storage/products/985-1292.jpg	image	200	
/storage/products/985-1292S.jpg	image	not-fetched	
/storage/products/986-1293.jpg	image	200	
/storage/products/986-1293S.jpg	image	not-fetched	
/storage/products/987-1295.jpg	image	200	
/storage/products/987-1295S.jpg	image	not-fetched	
/storage/products/988-1296.jpg	image	200	
/storage/products/988-1296S.jpg	image	not-fetched	
/storage/products/989-1297.jpg	image	200	
/storage/products/989-1297S.jpg	image	not-fetched	
/storage/products/99-110.jpg	image	200	
/storage/products/99-110S.jpg	image	not-fetched	
/storage/products/990-1298.jpg	image	200	
/storage/products/990-1298S.jpg	image	not-fetched	
/storage/products/991-1299.jpg	image	200	
/storage/products/991-1299S.jpg	image	not-fetched	
/storage/products/992-1300.jpg	image	200	
/storage/products/992-1300S.jpg	image	not-fetched	
/storage/products/993-1301.jpg	image	200	
/storage/products/993-1301S.jpg	image	not-fetched	
/storage/products/994-1302.jpg	image	200	
/storage/products/994-1302S.jpg	image	not-fetched	
/storage/products/995-1303.jpg	image	200	
/storage/products/995-1303S.jpg	image	not-fetched	
/storage/products/996-1304.jpg	image	200	
/storage/products/996-1304S.jpg	image	not-fetched	
/storage/products/997-1305.jpg	image	200	
/storage/products/997-1305S.jpg	image	not-fetched	
/storage/products/998-1306.jpg	image	200	
/storage/products/998-1306S.jpg	image	not-fetched	
/storage/sliders/26.jpg	asset	not-fetched	
/storage/sliders/27.jpg	asset	not-fetched	
/storage/sliders/31.jpg	asset	not-fetched	
/terms-conditions	page	200	
